<?xml version="1.0" encoding="UTF-8"?>
<gpx version="1.1" creator="Hikingbook" xmlns:xsi="http://www.w3.org/2001/XMLSchema-instance" xmlns="http://www.topografix.com/GPX/1/1" xsi:schemaLocation="http://www.topografix.com/GPX/1/1 http://www.topografix.com/GPX/1/1/gpx.xsd https://hikingbook.net/xmlschemas/1/3 https:/hikingbook.net/xmlschemas/1/3/gpxhb.xsd" xmlns:gpxhb="https://hikingbook.net/xmlschemas/1/3"><metadata><name>2022-11-19 - 2022-11-20 兩天一夜溪南山、石山秀湖、隕石洞、石山小O</name><desc>11/19&#xA;0340台南出發&#xA;0630藤枝櫻花公園（坐接駁）&#xA;0730特生中心起登&#xA;0915貨櫃屋（休息10分）&#xA;1040溪南山（休息30分）&#xA;1130溪南山登山口三叉路&#xA;1220石山秀湖東部（拍照、耍廢）&#xA;&#xA;11/20&#xA;0725起登（重裝上陣）&#xA;0740石山秀湖西部拍照（10分）&#xA;0810溪南山前營地&#xA;0830隕石洞（休息30分）&#xA;0910石山前營地（休息10分輕裝）&#xA;1010石山三角點（休息25分）&#xA;1115石山西鞍（重裝）&#xA;1135腰繞到特生、石山秀湖三叉路（打電話接駁）&#xA;1235特生、貨櫃腰繞三岔路（休息10分）&#xA;1345特生中心（南一段登山口）</desc><author><name>Hikingbook</name><link href="https://hikingbook.net"><text>Hikingbook</text></link></author><link href="https://hikingbook.net/hikes/%E5%85%A9%E5%A4%A9%E4%B8%80%E5%A4%9C%E7%9F%B3%E5%B1%B1%E7%A7%80%E6%B9%96-%E9%9A%95%E7%9F%B3%E6%B4%9E-%E7%9F%B3%E5%B1%B1%E5%B0%8Fo-dd06db2a"><text>Hikingbook</text></link><time>2023-10-06T10:28:07.975262571+08:00</time><keywords>Hikingbook</keywords><extensions><gpxhb:loadweight>22.0</gpxhb:loadweight><gpxhb:loadweight>15.0</gpxhb:loadweight><gpxhb:fitnesslevel>3</gpxhb:fitnesslevel></extensions></metadata><wpt lat="23.084144555047633" lon="120.78935681853518"><ele>1644</ele><time>2022-11-18T23:17:01Z</time><name>00 開始登山</name><cmt>2022-11-19T07:17:01+08:00</cmt><desc>00 開始登山</desc><src>Hikingbook</src><link href="https://hikingbook.net/hikes/FVdsbZ90VT0iwfKUuyd4L4w"><text>Hikingbook</text></link><extensions><gpxhb:weather>Clear</gpxhb:weather><gpxhb:speed>0.000000</gpxhb:speed><gpxhb:course>278.085979</gpxhb:course></extensions></wpt><wpt lat="23.093532278250223" lon="120.79704277136362"><ele>2338</ele><time>2022-11-19T01:15:24Z</time><name>01 貨櫃屋</name><cmt>2022-11-19T09:15:24+08:00</cmt><desc>01 貨櫃屋</desc><src>Hikingbook</src><link href="https://hikingbook.net/hikes/FVdsbZ90VT0iwfKUuyd4L4w"><text>Hikingbook</text></link><extensions><gpxhb:weather>Clear</gpxhb:weather><gpxhb:speed>0.000000</gpxhb:speed><gpxhb:course>122.507283</gpxhb:course></extensions></wpt><wpt lat="23.093420585546728" lon="120.80507190825573"><ele>2652</ele><time>2022-11-19T02:40:41Z</time><name>02 溪南山拍照休息</name><cmt>2022-11-19T10:40:41+08:00</cmt><desc>02 溪南山拍照休息</desc><src>Hikingbook</src><link href="https://hikingbook.net/hikes/FVdsbZ90VT0iwfKUuyd4L4w"><text>Hikingbook</text></link><extensions><gpxhb:weather>Clear</gpxhb:weather><gpxhb:speed>0.000000</gpxhb:speed><gpxhb:course>134.520772</gpxhb:course></extensions></wpt><wpt lat="23.09346347217893" lon="120.80503953478647"><ele>2653</ele><time>2022-11-19T03:05:36Z</time><name>03 起登</name><cmt>2022-11-19T11:05:36+08:00</cmt><desc>03 起登</desc><src>Hikingbook</src><link href="https://hikingbook.net/hikes/FVdsbZ90VT0iwfKUuyd4L4w"><text>Hikingbook</text></link><extensions><gpxhb:weather>Clear</gpxhb:weather><gpxhb:speed>0.000000</gpxhb:speed><gpxhb:course>34.902603</gpxhb:course></extensions></wpt><wpt lat="23.08937646171441" lon="120.81597734371515"><ele>2293</ele><time>2022-11-19T04:34:20Z</time><name>04 石山秀湖東部紮完營後，大概1405去找水源</name><cmt>2022-11-19T12:34:20+08:00</cmt><desc>04 石山秀湖東部紮完營後，大概1405去找水源</desc><src>Hikingbook</src><link href="https://hikingbook.net/hikes/FVdsbZ90VT0iwfKUuyd4L4w"><text>Hikingbook</text></link><extensions><gpxhb:weather>Clear</gpxhb:weather><gpxhb:speed>0.000000</gpxhb:speed><gpxhb:course>88.747451</gpxhb:course></extensions></wpt><wpt lat="23.08966890683368" lon="120.81915008220665"><ele>2292</ele><time>2022-11-19T06:18:28Z</time><name>05 水源</name><cmt>2022-11-19T14:18:28+08:00</cmt><desc>05 水源</desc><src>Hikingbook</src><link href="https://hikingbook.net/hikes/FVdsbZ90VT0iwfKUuyd4L4w"><text>Hikingbook</text></link><extensions><gpxhb:weather>Clear</gpxhb:weather><gpxhb:speed>0.000000</gpxhb:speed><gpxhb:course>159.928724</gpxhb:course></extensions></wpt><wpt lat="23.089567981675565" lon="120.81589333724305"><ele>2297</ele><time>2022-11-19T23:24:59Z</time><name>06 石山秀湖東部起登，走到西部拍照十分鐘</name><cmt>2022-11-20T07:24:59+08:00</cmt><desc>06 石山秀湖東部起登，走到西部拍照十分鐘</desc><src>Hikingbook</src><link href="https://hikingbook.net/hikes/FVdsbZ90VT0iwfKUuyd4L4w"><text>Hikingbook</text></link><extensions><gpxhb:weather>Clear</gpxhb:weather><gpxhb:speed>0.000000</gpxhb:speed><gpxhb:course>-1.000000</gpxhb:course></extensions></wpt><wpt lat="23.0858517060025" lon="120.82154435461645"><ele>2428</ele><time>2022-11-20T00:29:48Z</time><name>07 隕石坑拍照、小補給30分鐘</name><cmt>2022-11-20T08:29:48+08:00</cmt><desc>07 隕石坑拍照、小補給30分鐘</desc><src>Hikingbook</src><link href="https://hikingbook.net/hikes/FVdsbZ90VT0iwfKUuyd4L4w"><text>Hikingbook</text></link><extensions><gpxhb:weather>Clear</gpxhb:weather><gpxhb:speed>0.000000</gpxhb:speed><gpxhb:course>138.466145</gpxhb:course></extensions></wpt><wpt lat="23.084848456799023" lon="120.82127158255742"><ele>2455</ele><time>2022-11-20T01:10:21Z</time><name>08 下重裝</name><cmt>2022-11-20T09:10:21+08:00</cmt><desc>08 下重裝</desc><src>Hikingbook</src><link href="https://hikingbook.net/hikes/FVdsbZ90VT0iwfKUuyd4L4w"><text>Hikingbook</text></link><extensions><gpxhb:weather>Clear</gpxhb:weather><gpxhb:speed>0.000000</gpxhb:speed><gpxhb:course>210.001795</gpxhb:course></extensions></wpt><wpt lat="23.08345797398667" lon="120.83235866470947"><ele>2818</ele><time>2022-11-20T02:08:00Z</time><name>09 石山三角點</name><cmt>2022-11-20T10:08:00+08:00</cmt><desc>09 石山三角點</desc><src>Hikingbook</src><link href="https://hikingbook.net/hikes/FVdsbZ90VT0iwfKUuyd4L4w"><text>Hikingbook</text></link><extensions><gpxhb:weather>Clear</gpxhb:weather><gpxhb:speed>0.000000</gpxhb:speed><gpxhb:course>27.968568</gpxhb:course></extensions></wpt><wpt lat="23.083071587628762" lon="120.83107849594282"><ele>2806</ele><time>2022-11-20T02:40:00Z</time><name>10 起登</name><cmt>2022-11-20T10:40:00+08:00</cmt><desc>10 起登</desc><src>Hikingbook</src><link href="https://hikingbook.net/hikes/FVdsbZ90VT0iwfKUuyd4L4w"><text>Hikingbook</text></link><extensions><gpxhb:weather>Clear</gpxhb:weather><gpxhb:speed>0.440000</gpxhb:speed><gpxhb:course>295.664062</gpxhb:course></extensions></wpt><wpt lat="23.084939144177334" lon="120.8212371103223"><ele>2454</ele><time>2022-11-20T03:14:44Z</time><name>11 揹重裝</name><cmt>2022-11-20T11:14:44+08:00</cmt><desc>11 揹重裝</desc><src>Hikingbook</src><link href="https://hikingbook.net/hikes/FVdsbZ90VT0iwfKUuyd4L4w"><text>Hikingbook</text></link><extensions><gpxhb:weather>Clear</gpxhb:weather><gpxhb:speed>0.000000</gpxhb:speed><gpxhb:course>272.625808</gpxhb:course></extensions></wpt><wpt lat="23.084996309353055" lon="120.81826650526064"><ele>2428</ele><time>2022-11-20T03:34:55Z</time><name>12 腰繞特生中心、石山秀湖、石山三岔路</name><cmt>2022-11-20T11:34:55+08:00</cmt><desc>12 腰繞特生中心、石山秀湖、石山三岔路</desc><src>Hikingbook</src><link href="https://hikingbook.net/hikes/FVdsbZ90VT0iwfKUuyd4L4w"><text>Hikingbook</text></link><extensions><gpxhb:weather>Clear</gpxhb:weather><gpxhb:speed>0.000000</gpxhb:speed><gpxhb:course>343.031968</gpxhb:course></extensions></wpt><wpt lat="23.090993068314727" lon="120.7972560114987"><ele>2272</ele><time>2022-11-20T04:32:48Z</time><name>13 貨櫃屋、特生中心、石山三岔路</name><cmt>2022-11-20T12:32:48+08:00</cmt><desc>13 貨櫃屋、特生中心、石山三岔路</desc><src>Hikingbook</src><link href="https://hikingbook.net/hikes/FVdsbZ90VT0iwfKUuyd4L4w"><text>Hikingbook</text></link><extensions><gpxhb:weather>Clear</gpxhb:weather><gpxhb:speed>0.000000</gpxhb:speed><gpxhb:course>49.188136</gpxhb:course></extensions></wpt><wpt lat="23.08430387669861" lon="120.7891611563102"><ele>1650</ele><time>2022-11-20T05:42:42Z</time><name>14 登山口</name><cmt>2022-11-20T13:42:42+08:00</cmt><desc>14 登山口</desc><src>Hikingbook</src><link href="https://hikingbook.net/hikes/FVdsbZ90VT0iwfKUuyd4L4w"><text>Hikingbook</text></link><extensions><gpxhb:weather>Clear</gpxhb:weather><gpxhb:speed>0.000000</gpxhb:speed><gpxhb:course>225.198474</gpxhb:course></extensions></wpt><trk><name>2022-11-19 - 2022-11-20 兩天一夜溪南山、石山秀湖、隕石洞、石山小O</name><cmt>11/19&#xA;0340台南出發&#xA;0630藤枝櫻花公園（坐接駁）&#xA;0730特生中心起登&#xA;0915貨櫃屋（休息10分）&#xA;1040溪南山（休息30分）&#xA;1130溪南山登山口三叉路&#xA;1220石山秀湖東部（拍照、耍廢）&#xA;&#xA;11/20&#xA;0725起登（重裝上陣）&#xA;0740石山秀湖西部拍照（10分）&#xA;0810溪南山前營地&#xA;0830隕石洞（休息30分）&#xA;0910石山前營地（休息10分輕裝）&#xA;1010石山三角點（休息25分）&#xA;1115石山西鞍（重裝）&#xA;1135腰繞到特生、石山秀湖三叉路（打電話接駁）&#xA;1235特生、貨櫃腰繞三岔路（休息10分）&#xA;1345特生中心（南一段登山口）</cmt><desc>11/19&#xA;0340台南出發&#xA;0630藤枝櫻花公園（坐接駁）&#xA;0730特生中心起登&#xA;0915貨櫃屋（休息10分）&#xA;1040溪南山（休息30分）&#xA;1130溪南山登山口三叉路&#xA;1220石山秀湖東部（拍照、耍廢）&#xA;&#xA;11/20&#xA;0725起登（重裝上陣）&#xA;0740石山秀湖西部拍照（10分）&#xA;0810溪南山前營地&#xA;0830隕石洞（休息30分）&#xA;0910石山前營地（休息10分輕裝）&#xA;1010石山三角點（休息25分）&#xA;1115石山西鞍（重裝）&#xA;1135腰繞到特生、石山秀湖三叉路（打電話接駁）&#xA;1235特生、貨櫃腰繞三岔路（休息10分）&#xA;1345特生中心（南一段登山口）</desc><src>Hikingbook</src><link href="https://hikingbook.net/hikes/%E5%85%A9%E5%A4%A9%E4%B8%80%E5%A4%9C%E7%9F%B3%E5%B1%B1%E7%A7%80%E6%B9%96-%E9%9A%95%E7%9F%B3%E6%B4%9E-%E7%9F%B3%E5%B1%B1%E5%B0%8Fo-dd06db2a"><text>Hikingbook</text></link><trkseg><trkpt lat="23.084144555047633" lon="120.78935681853518"><ele>1643.6296514393762</ele><time>2022-11-18T23:17:01Z</time><src>Hikingbook</src><extensions><gpxhb:speed>0.000000</gpxhb:speed><gpxhb:course>-1.000000</gpxhb:course></extensions></trkpt><trkpt lat="23.08435029115726" lon="120.78912196547746"><ele>1665.4917367638952</ele><time>2022-11-18T23:18:13Z</time><src>Hikingbook</src><extensions><gpxhb:speed>0.146182</gpxhb:speed><gpxhb:course>-1.000000</gpxhb:course></extensions></trkpt><trkpt lat="23.08481654621037" lon="120.78966202834701"><ele>1711.3799118251043</ele><time>2022-11-18T23:24:04Z</time><src>Hikingbook</src><extensions><gpxhb:speed>0.524177</gpxhb:speed><gpxhb:course>70.005893</gpxhb:course></extensions></trkpt><trkpt lat="23.08499713285918" lon="120.78970134753328"><ele>1721.1680560473424</ele><time>2022-11-18T23:24:58Z</time><src>Hikingbook</src><extensions><gpxhb:speed>0.000000</gpxhb:speed><gpxhb:course>0.085183</gpxhb:course></extensions></trkpt><trkpt lat="23.085215719698283" lon="120.78979450081266"><ele>1733.4354116052277</ele><time>2022-11-18T23:26:21Z</time><src>Hikingbook</src><extensions><gpxhb:speed>0.893659</gpxhb:speed><gpxhb:course>49.551953</gpxhb:course></extensions></trkpt><trkpt lat="23.085717263135226" lon="120.79030122263526"><ele>1772.19711509165</ele><time>2022-11-18T23:31:33Z</time><src>Hikingbook</src><extensions><gpxhb:speed>0.000000</gpxhb:speed><gpxhb:course>28.211140</gpxhb:course></extensions></trkpt><trkpt lat="23.085804259091454" lon="120.79051203202688"><ele>1780.9196542813156</ele><time>2022-11-18T23:32:42Z</time><src>Hikingbook</src><extensions><gpxhb:speed>0.000000</gpxhb:speed><gpxhb:course>57.329866</gpxhb:course></extensions></trkpt><trkpt lat="23.08574245882838" lon="120.79053071393862"><ele>1784.872051412489</ele><time>2022-11-18T23:32:58Z</time><src>Hikingbook</src><extensions><gpxhb:speed>0.000000</gpxhb:speed><gpxhb:course>128.619355</gpxhb:course></extensions></trkpt><trkpt lat="23.08596872553139" lon="120.79074507986734"><ele>1797.624740494746</ele><time>2022-11-18T23:35:36Z</time><src>Hikingbook</src><extensions><gpxhb:speed>0.000000</gpxhb:speed><gpxhb:course>347.451220</gpxhb:course></extensions></trkpt><trkpt lat="23.086418969877624" lon="120.79091879545621"><ele>1821.5682434572627</ele><time>2022-11-18T23:38:36Z</time><src>Hikingbook</src><extensions><gpxhb:speed>0.923473</gpxhb:speed><gpxhb:course>358.560545</gpxhb:course></extensions></trkpt><trkpt lat="23.08665237580223" lon="120.79126274337334"><ele>1839.9102079426848</ele><time>2022-11-18T23:40:15Z</time><src>Hikingbook</src><extensions><gpxhb:speed>0.000000</gpxhb:speed><gpxhb:course>60.340867</gpxhb:course></extensions></trkpt><trkpt lat="23.086774389778068" lon="120.79128054911551"><ele>1845.2989856215963</ele><time>2022-11-18T23:40:51Z</time><src>Hikingbook</src><extensions><gpxhb:speed>0.000000</gpxhb:speed><gpxhb:course>21.621808</gpxhb:course></extensions></trkpt><trkpt lat="23.08672709562084" lon="120.79133857248742"><ele>1847.2383152299137</ele><time>2022-11-18T23:42:57Z</time><src>Hikingbook</src><extensions><gpxhb:speed>0.000000</gpxhb:speed><gpxhb:course>41.293674</gpxhb:course></extensions></trkpt><trkpt lat="23.086741522160505" lon="120.79126494186896"><ele>1848.3616239851679</ele><time>2022-11-18T23:45:46Z</time><src>Hikingbook</src><extensions><gpxhb:speed>0.000000</gpxhb:speed><gpxhb:course>203.061786</gpxhb:course></extensions></trkpt><trkpt lat="23.08699138867091" lon="120.79142790537877"><ele>1858.8577078701794</ele><time>2022-11-18T23:47:14Z</time><src>Hikingbook</src><extensions><gpxhb:speed>0.000000</gpxhb:speed><gpxhb:course>195.460319</gpxhb:course></extensions></trkpt><trkpt lat="23.087193662380677" lon="120.7914237643872"><ele>1869.099452794495</ele><time>2022-11-18T23:48:42Z</time><src>Hikingbook</src><extensions><gpxhb:speed>0.466376</gpxhb:speed><gpxhb:course>351.876861</gpxhb:course></extensions></trkpt><trkpt lat="23.08751709055012" lon="120.79159913659947"><ele>1889.9545319123076</ele><time>2022-11-18T23:51:20Z</time><src>Hikingbook</src><extensions><gpxhb:speed>1.136506</gpxhb:speed><gpxhb:course>22.336764</gpxhb:course></extensions></trkpt><trkpt lat="23.08777001941535" lon="120.79154727408435"><ele>1905.5194492848495</ele><time>2022-11-18T23:53:00Z</time><src>Hikingbook</src><extensions><gpxhb:speed>0.000000</gpxhb:speed><gpxhb:course>14.277563</gpxhb:course></extensions></trkpt><trkpt lat="23.08808313050355" lon="120.79164521116026"><ele>1914.383320947735</ele><time>2022-11-18T23:54:20Z</time><src>Hikingbook</src><extensions><gpxhb:speed>0.841187</gpxhb:speed><gpxhb:course>331.233485</gpxhb:course></extensions></trkpt><trkpt lat="23.088206799829777" lon="120.791568671145"><ele>1917.730306543678</ele><time>2022-11-18T23:55:13Z</time><src>Hikingbook</src><extensions><gpxhb:speed>0.000000</gpxhb:speed><gpxhb:course>347.861729</gpxhb:course></extensions></trkpt><trkpt lat="23.088395553797007" lon="120.79165351869445"><ele>1924.7141507079828</ele><time>2022-11-18T23:56:03Z</time><src>Hikingbook</src><extensions><gpxhb:speed>1.229721</gpxhb:speed><gpxhb:course>31.558666</gpxhb:course></extensions></trkpt><trkpt lat="23.088671805220425" lon="120.79193385606287"><ele>1944.4225357620317</ele><time>2022-11-18T23:59:03Z</time><src>Hikingbook</src><extensions><gpxhb:speed>0.530558</gpxhb:speed><gpxhb:course>65.526636</gpxhb:course></extensions></trkpt><trkpt lat="23.088727211741404" lon="120.79223542516338"><ele>1955.2790081380226</ele><time>2022-11-19T00:00:37Z</time><src>Hikingbook</src><extensions><gpxhb:speed>0.000000</gpxhb:speed><gpxhb:course>55.428716</gpxhb:course></extensions></trkpt><trkpt lat="23.08882476397158" lon="120.79221304983676"><ele>1960.8072363467793</ele><time>2022-11-19T00:01:30Z</time><src>Hikingbook</src><extensions><gpxhb:speed>0.000000</gpxhb:speed><gpxhb:course>359.376092</gpxhb:course></extensions></trkpt><trkpt lat="23.0889419702305" lon="120.79249375231856"><ele>1974.5245242163169</ele><time>2022-11-19T00:04:00Z</time><src>Hikingbook</src><extensions><gpxhb:speed>0.000000</gpxhb:speed><gpxhb:course>68.515588</gpxhb:course></extensions></trkpt><trkpt lat="23.089288703381985" lon="120.79258989426076"><ele>1998.2751061387569</ele><time>2022-11-19T00:07:41Z</time><src>Hikingbook</src><extensions><gpxhb:speed>0.000000</gpxhb:speed><gpxhb:course>-1.000000</gpxhb:course></extensions></trkpt><trkpt lat="23.08954492112593" lon="120.79280582516233"><ele>2013.0628074226643</ele><time>2022-11-19T00:10:13Z</time><src>Hikingbook</src><extensions><gpxhb:speed>0.724187</gpxhb:speed><gpxhb:course>40.133985</gpxhb:course></extensions></trkpt><trkpt lat="23.089608654648206" lon="120.79283468395317"><ele>2021.3348943407518</ele><time>2022-11-19T00:10:53Z</time><src>Hikingbook</src><extensions><gpxhb:speed>0.787775</gpxhb:speed><gpxhb:course>50.435111</gpxhb:course></extensions></trkpt><trkpt lat="23.08956340887363" lon="120.79296003272442"><ele>2018.7778982331467</ele><time>2022-11-19T00:11:23Z</time><src>Hikingbook</src><extensions><gpxhb:speed>0.000000</gpxhb:speed><gpxhb:course>126.722794</gpxhb:course></extensions></trkpt><trkpt lat="23.08968748103726" lon="120.79291905598829"><ele>2023.4614675077407</ele><time>2022-11-19T00:12:27Z</time><src>Hikingbook</src><extensions><gpxhb:speed>1.155280</gpxhb:speed><gpxhb:course>61.186902</gpxhb:course></extensions></trkpt><trkpt lat="23.089780769268312" lon="120.79299494292646"><ele>2039.9385581999043</ele><time>2022-11-19T00:13:19Z</time><src>Hikingbook</src><extensions><gpxhb:speed>1.088983</gpxhb:speed><gpxhb:course>87.184291</gpxhb:course></extensions></trkpt><trkpt lat="23.08972624205313" lon="120.79311535551804"><ele>2044.879178333441</ele><time>2022-11-19T00:13:50Z</time><src>Hikingbook</src><extensions><gpxhb:speed>0.000000</gpxhb:speed><gpxhb:course>139.472865</gpxhb:course></extensions></trkpt><trkpt lat="23.089747782028848" lon="120.79305435424979"><ele>2044.377068172479</ele><time>2022-11-19T00:13:58Z</time><src>Hikingbook</src><extensions><gpxhb:speed>0.000000</gpxhb:speed><gpxhb:course>139.472834</gpxhb:course></extensions></trkpt><trkpt lat="23.08978123348996" lon="120.79322730706893"><ele>2047.5185123051535</ele><time>2022-11-19T00:15:03Z</time><src>Hikingbook</src><extensions><gpxhb:speed>0.970543</gpxhb:speed><gpxhb:course>81.084373</gpxhb:course></extensions></trkpt><trkpt lat="23.08991277742516" lon="120.79327799963322"><ele>2051.4106024967064</ele><time>2022-11-19T00:16:05Z</time><src>Hikingbook</src><extensions><gpxhb:speed>0.761460</gpxhb:speed><gpxhb:course>60.050743</gpxhb:course></extensions></trkpt><trkpt lat="23.089805302589777" lon="120.79351888151795"><ele>2059.757514626727</ele><time>2022-11-19T00:17:07Z</time><src>Hikingbook</src><extensions><gpxhb:speed>0.000000</gpxhb:speed><gpxhb:course>83.593075</gpxhb:course></extensions></trkpt><trkpt lat="23.089874289092336" lon="120.79373006818393"><ele>2064.985210207628</ele><time>2022-11-19T00:19:00Z</time><src>Hikingbook</src><extensions><gpxhb:speed>0.000000</gpxhb:speed><gpxhb:course>68.204694</gpxhb:course></extensions></trkpt><trkpt lat="23.090018938921766" lon="120.79374010613982"><ele>2075.335870257764</ele><time>2022-11-19T00:19:36Z</time><src>Hikingbook</src><extensions><gpxhb:speed>0.000000</gpxhb:speed><gpxhb:course>35.490297</gpxhb:course></extensions></trkpt><trkpt lat="23.09000717908182" lon="120.79385936347583"><ele>2078.49317016437</ele><time>2022-11-19T00:20:25Z</time><src>Hikingbook</src><extensions><gpxhb:speed>0.000000</gpxhb:speed><gpxhb:course>147.728324</gpxhb:course></extensions></trkpt><trkpt lat="23.090022286979472" lon="120.7937952363994"><ele>2080.6116033906455</ele><time>2022-11-19T00:20:31Z</time><src>Hikingbook</src><extensions><gpxhb:speed>0.000000</gpxhb:speed><gpxhb:course>147.728283</gpxhb:course></extensions></trkpt><trkpt lat="23.090400557135847" lon="120.79387122671665"><ele>2097.5120336460272</ele><time>2022-11-19T00:24:15Z</time><src>Hikingbook</src><extensions><gpxhb:speed>0.000000</gpxhb:speed><gpxhb:course>333.878857</gpxhb:course></extensions></trkpt><trkpt lat="23.090694225541593" lon="120.79418779017249"><ele>2123.638120353071</ele><time>2022-11-19T00:29:46Z</time><src>Hikingbook</src><extensions><gpxhb:speed>0.608417</gpxhb:speed><gpxhb:course>203.026234</gpxhb:course></extensions></trkpt><trkpt lat="23.090698485684893" lon="120.79425281587925"><ele>2127.2166861133796</ele><time>2022-11-19T00:29:52Z</time><src>Hikingbook</src><extensions><gpxhb:speed>0.000000</gpxhb:speed><gpxhb:course>174.176059</gpxhb:course></extensions></trkpt><trkpt lat="23.09081641520887" lon="120.79418649206517"><ele>2138.105215437559</ele><time>2022-11-19T00:30:44Z</time><src>Hikingbook</src><extensions><gpxhb:speed>1.410043</gpxhb:speed><gpxhb:course>356.201778</gpxhb:course></extensions></trkpt><trkpt lat="23.09077843851427" lon="120.794362611493"><ele>2140.661526918985</ele><time>2022-11-19T00:31:16Z</time><src>Hikingbook</src><extensions><gpxhb:speed>0.000000</gpxhb:speed><gpxhb:course>74.692481</gpxhb:course></extensions></trkpt><trkpt lat="23.090906244559992" lon="120.79452325129796"><ele>2144.646415533868</ele><time>2022-11-19T00:32:12Z</time><src>Hikingbook</src><extensions><gpxhb:speed>1.108961</gpxhb:speed><gpxhb:course>99.194464</gpxhb:course></extensions></trkpt><trkpt lat="23.090819761593988" lon="120.79462412336656"><ele>2156.0894293728647</ele><time>2022-11-19T00:32:54Z</time><src>Hikingbook</src><extensions><gpxhb:speed>0.000000</gpxhb:speed><gpxhb:course>148.568993</gpxhb:course></extensions></trkpt><trkpt lat="23.0908482507421" lon="120.79457058469335"><ele>2153.230591377389</ele><time>2022-11-19T00:33:38Z</time><src>Hikingbook</src><extensions><gpxhb:speed>0.000000</gpxhb:speed><gpxhb:course>175.601399</gpxhb:course></extensions></trkpt><trkpt lat="23.090909849641974" lon="120.79493024747741"><ele>2159.103523565372</ele><time>2022-11-19T00:36:27Z</time><src>Hikingbook</src><extensions><gpxhb:speed>0.000000</gpxhb:speed><gpxhb:course>136.327919</gpxhb:course></extensions></trkpt><trkpt lat="23.09104953193827" lon="120.7950867587802"><ele>2183.4489860661247</ele><time>2022-11-19T00:38:53Z</time><src>Hikingbook</src><extensions><gpxhb:speed>0.000000</gpxhb:speed><gpxhb:course>76.923268</gpxhb:course></extensions></trkpt><trkpt lat="23.09111881596554" lon="120.7951902669"><ele>2189.6044515791505</ele><time>2022-11-19T00:39:59Z</time><src>Hikingbook</src><extensions><gpxhb:speed>0.000000</gpxhb:speed><gpxhb:course>287.451942</gpxhb:course></extensions></trkpt><trkpt lat="23.091055931274052" lon="120.79557997797198"><ele>2204.3662928004505</ele><time>2022-11-19T00:42:43Z</time><src>Hikingbook</src><extensions><gpxhb:speed>0.756485</gpxhb:speed><gpxhb:course>31.003966</gpxhb:course></extensions></trkpt><trkpt lat="23.091101969872827" lon="120.79562333037472"><ele>2203.2719845097436</ele><time>2022-11-19T00:42:53Z</time><src>Hikingbook</src><extensions><gpxhb:speed>0.000000</gpxhb:speed><gpxhb:course>20.288781</gpxhb:course></extensions></trkpt><trkpt lat="23.091286834754513" lon="120.79545483166225"><ele>2207.2994231626926</ele><time>2022-11-19T00:43:53Z</time><src>Hikingbook</src><extensions><gpxhb:speed>0.000000</gpxhb:speed><gpxhb:course>42.469495</gpxhb:course></extensions></trkpt><trkpt lat="23.09142728572343" lon="120.79562999910426"><ele>2221.8227283145716</ele><time>2022-11-19T00:46:03Z</time><src>Hikingbook</src><extensions><gpxhb:speed>0.000000</gpxhb:speed><gpxhb:course>84.886741</gpxhb:course></extensions></trkpt><trkpt lat="23.091284384186803" lon="120.79604317811446"><ele>2230.1200832592854</ele><time>2022-11-19T00:47:50Z</time><src>Hikingbook</src><extensions><gpxhb:speed>0.000000</gpxhb:speed><gpxhb:course>113.508810</gpxhb:course></extensions></trkpt><trkpt lat="23.091098670069602" lon="120.79638475031545"><ele>2231.3856201052636</ele><time>2022-11-19T00:49:02Z</time><src>Hikingbook</src><extensions><gpxhb:speed>0.674849</gpxhb:speed><gpxhb:course>85.411023</gpxhb:course></extensions></trkpt><trkpt lat="23.090970863534046" lon="120.79696134152105"><ele>2261.106141065729</ele><time>2022-11-19T00:53:31Z</time><src>Hikingbook</src><extensions><gpxhb:speed>0.000000</gpxhb:speed><gpxhb:course>97.604481</gpxhb:course></extensions></trkpt><trkpt lat="23.09093971630223" lon="120.79728831418794"><ele>2277.943033114998</ele><time>2022-11-19T00:57:47Z</time><src>Hikingbook</src><extensions><gpxhb:speed>0.000000</gpxhb:speed><gpxhb:course>8.185298</gpxhb:course></extensions></trkpt><trkpt lat="23.09112934393422" lon="120.79768783658862"><ele>2308.222331726547</ele><time>2022-11-19T01:03:33Z</time><src>Hikingbook</src><extensions><gpxhb:speed>0.729620</gpxhb:speed><gpxhb:course>306.463449</gpxhb:course></extensions></trkpt><trkpt lat="23.091631305990482" lon="120.79762710994494"><ele>2317.1127164669133</ele><time>2022-11-19T01:05:02Z</time><src>Hikingbook</src><extensions><gpxhb:speed>0.527018</gpxhb:speed><gpxhb:course>333.768712</gpxhb:course></extensions></trkpt><trkpt lat="23.092203735398325" lon="120.79749278782289"><ele>2324.694366382355</ele><time>2022-11-19T01:06:36Z</time><src>Hikingbook</src><extensions><gpxhb:speed>0.000000</gpxhb:speed><gpxhb:course>51.128099</gpxhb:course></extensions></trkpt><trkpt lat="23.092471311045177" lon="120.79725575701947"><ele>2319.6122272717785</ele><time>2022-11-19T01:07:33Z</time><src>Hikingbook</src><extensions><gpxhb:speed>0.742043</gpxhb:speed><gpxhb:course>330.311545</gpxhb:course></extensions></trkpt><trkpt lat="23.09299488853323" lon="120.79701151414307"><ele>2327.294983888487</ele><time>2022-11-19T01:09:10Z</time><src>Hikingbook</src><extensions><gpxhb:speed>0.493427</gpxhb:speed><gpxhb:course>332.297253</gpxhb:course></extensions></trkpt><trkpt lat="23.093350847606537" lon="120.7970131973627"><ele>2329.027285678712</ele><time>2022-11-19T01:10:36Z</time><src>Hikingbook</src><extensions><gpxhb:speed>0.000000</gpxhb:speed><gpxhb:course>29.637309</gpxhb:course></extensions></trkpt><trkpt lat="23.093686242438228" lon="120.79708041499042"><ele>2338.963433901317</ele><time>2022-11-19T01:26:07Z</time><src>Hikingbook</src><extensions><gpxhb:speed>0.634683</gpxhb:speed><gpxhb:course>2.405284</gpxhb:course></extensions></trkpt><trkpt lat="23.09385941866771" lon="120.79739880508026"><ele>2352.9330216067974</ele><time>2022-11-19T01:28:32Z</time><src>Hikingbook</src><extensions><gpxhb:speed>0.000000</gpxhb:speed><gpxhb:course>323.310955</gpxhb:course></extensions></trkpt><trkpt lat="23.093771956896774" lon="120.797667536242"><ele>2366.5510601987025</ele><time>2022-11-19T01:30:47Z</time><src>Hikingbook</src><extensions><gpxhb:speed>0.000000</gpxhb:speed><gpxhb:course>64.485241</gpxhb:course></extensions></trkpt><trkpt lat="23.09390671165318" lon="120.7977827998878"><ele>2375.960292924755</ele><time>2022-11-19T01:31:34Z</time><src>Hikingbook</src><extensions><gpxhb:speed>0.000000</gpxhb:speed><gpxhb:course>101.346098</gpxhb:course></extensions></trkpt><trkpt lat="23.093986980155268" lon="120.79800876381387"><ele>2374.769078198058</ele><time>2022-11-19T01:33:15Z</time><src>Hikingbook</src><extensions><gpxhb:speed>0.000000</gpxhb:speed><gpxhb:course>65.469106</gpxhb:course></extensions></trkpt><trkpt lat="23.09392245432442" lon="120.79806516591374"><ele>2379.1670451346195</ele><time>2022-11-19T01:34:20Z</time><src>Hikingbook</src><extensions><gpxhb:speed>0.000000</gpxhb:speed><gpxhb:course>95.261195</gpxhb:course></extensions></trkpt><trkpt lat="23.09401673182223" lon="120.79801900527926"><ele>2384.9479937992437</ele><time>2022-11-19T01:35:59Z</time><src>Hikingbook</src><extensions><gpxhb:speed>0.623771</gpxhb:speed><gpxhb:course>318.987925</gpxhb:course></extensions></trkpt><trkpt lat="23.094037743090365" lon="120.79844043178251"><ele>2405.7990944420403</ele><time>2022-11-19T01:41:48Z</time><src>Hikingbook</src><extensions><gpxhb:speed>0.802209</gpxhb:speed><gpxhb:course>119.005612</gpxhb:course></extensions></trkpt><trkpt lat="23.093912184441503" lon="120.79857860716068"><ele>2412.4706195830736</ele><time>2022-11-19T01:42:56Z</time><src>Hikingbook</src><extensions><gpxhb:speed>0.000000</gpxhb:speed><gpxhb:course>26.202204</gpxhb:course></extensions></trkpt><trkpt lat="23.093950466250085" lon="120.79875743665536"><ele>2419.2820723925447</ele><time>2022-11-19T01:43:47Z</time><src>Hikingbook</src><extensions><gpxhb:speed>0.000000</gpxhb:speed><gpxhb:course>81.554666</gpxhb:course></extensions></trkpt><trkpt lat="23.09362970020934" lon="120.79910659540596"><ele>2437.1431016501933</ele><time>2022-11-19T01:47:33Z</time><src>Hikingbook</src><extensions><gpxhb:speed>0.000000</gpxhb:speed><gpxhb:course>43.658385</gpxhb:course></extensions></trkpt><trkpt lat="23.09353525094574" lon="120.79932964270071"><ele>2442.3501339199775</ele><time>2022-11-19T01:48:34Z</time><src>Hikingbook</src><extensions><gpxhb:speed>0.680970</gpxhb:speed><gpxhb:course>167.713977</gpxhb:course></extensions></trkpt><trkpt lat="23.093670171968533" lon="120.79953751163019"><ele>2443.3367460451923</ele><time>2022-11-19T01:49:47Z</time><src>Hikingbook</src><extensions><gpxhb:speed>0.487716</gpxhb:speed><gpxhb:course>97.908600</gpxhb:course></extensions></trkpt><trkpt lat="23.09357151644977" lon="120.79966021157881"><ele>2443.733451648027</ele><time>2022-11-19T01:50:07Z</time><src>Hikingbook</src><extensions><gpxhb:speed>0.695220</gpxhb:speed><gpxhb:course>111.187830</gpxhb:course></extensions></trkpt><trkpt lat="23.093550886423966" lon="120.79990055247326"><ele>2453.261474929151</ele><time>2022-11-19T01:51:14Z</time><src>Hikingbook</src><extensions><gpxhb:speed>0.347389</gpxhb:speed><gpxhb:course>163.915829</gpxhb:course></extensions></trkpt><trkpt lat="23.09348064751526" lon="120.80001400429032"><ele>2459.552352799878</ele><time>2022-11-19T01:52:21Z</time><src>Hikingbook</src><extensions><gpxhb:speed>0.528188</gpxhb:speed><gpxhb:course>188.495539</gpxhb:course></extensions></trkpt><trkpt lat="23.09336555355921" lon="120.8000048209138"><ele>2462.0543037900084</ele><time>2022-11-19T01:53:00Z</time><src>Hikingbook</src><extensions><gpxhb:speed>0.000000</gpxhb:speed><gpxhb:course>142.552615</gpxhb:course></extensions></trkpt><trkpt lat="23.093041661382298" lon="120.80046159632766"><ele>2490.9587950216855</ele><time>2022-11-19T01:58:38Z</time><src>Hikingbook</src><extensions><gpxhb:speed>0.000000</gpxhb:speed><gpxhb:course>147.953539</gpxhb:course></extensions></trkpt><trkpt lat="23.092919109082892" lon="120.8005353242116"><ele>2492.769226961946</ele><time>2022-11-19T01:59:20Z</time><src>Hikingbook</src><extensions><gpxhb:speed>0.885518</gpxhb:speed><gpxhb:course>143.715925</gpxhb:course></extensions></trkpt><trkpt lat="23.092893130736446" lon="120.80071898909551"><ele>2501.897748065877</ele><time>2022-11-19T02:00:55Z</time><src>Hikingbook</src><extensions><gpxhb:speed>0.879785</gpxhb:speed><gpxhb:course>141.298765</gpxhb:course></extensions></trkpt><trkpt lat="23.092707429508728" lon="120.8007783577621"><ele>2509.3834303176804</ele><time>2022-11-19T02:02:15Z</time><src>Hikingbook</src><extensions><gpxhb:speed>0.000000</gpxhb:speed><gpxhb:course>-1.000000</gpxhb:course></extensions></trkpt><trkpt lat="23.09246533800559" lon="120.80121926282496"><ele>2527.863155575157</ele><time>2022-11-19T02:06:27Z</time><src>Hikingbook</src><extensions><gpxhb:speed>0.422237</gpxhb:speed><gpxhb:course>147.676040</gpxhb:course></extensions></trkpt><trkpt lat="23.09222469348682" lon="120.80136148755035"><ele>2536.9652739945545</ele><time>2022-11-19T02:07:11Z</time><src>Hikingbook</src><extensions><gpxhb:speed>0.835395</gpxhb:speed><gpxhb:course>147.905803</gpxhb:course></extensions></trkpt><trkpt lat="23.092146014677652" lon="120.80159457644072"><ele>2538.4131866964544</ele><time>2022-11-19T02:08:01Z</time><src>Hikingbook</src><extensions><gpxhb:speed>0.000000</gpxhb:speed><gpxhb:course>87.395474</gpxhb:course></extensions></trkpt><trkpt lat="23.092404138935066" lon="120.80188288287188"><ele>2554.6908414199397</ele><time>2022-11-19T02:13:20Z</time><src>Hikingbook</src><extensions><gpxhb:speed>0.335221</gpxhb:speed><gpxhb:course>67.190234</gpxhb:course></extensions></trkpt><trkpt lat="23.092441602998154" lon="120.80220346858707"><ele>2561.9906764426564</ele><time>2022-11-19T02:15:13Z</time><src>Hikingbook</src><extensions><gpxhb:speed>0.000000</gpxhb:speed><gpxhb:course>80.719084</gpxhb:course></extensions></trkpt><trkpt lat="23.092379235389753" lon="120.80254763203094"><ele>2568.958654856813</ele><time>2022-11-19T02:16:48Z</time><src>Hikingbook</src><extensions><gpxhb:speed>0.000000</gpxhb:speed><gpxhb:course>127.918931</gpxhb:course></extensions></trkpt><trkpt lat="23.09247863118212" lon="120.80294282715188"><ele>2595.328923560297</ele><time>2022-11-19T02:20:58Z</time><src>Hikingbook</src><extensions><gpxhb:speed>0.743053</gpxhb:speed><gpxhb:course>106.120236</gpxhb:course></extensions></trkpt><trkpt lat="23.092322988569492" lon="120.80318105536392"><ele>2604.3117497430094</ele><time>2022-11-19T02:22:26Z</time><src>Hikingbook</src><extensions><gpxhb:speed>0.000000</gpxhb:speed><gpxhb:course>308.730244</gpxhb:course></extensions></trkpt><trkpt lat="23.092230343887174" lon="120.80353359570583"><ele>2620.8535024779944</ele><time>2022-11-19T02:26:19Z</time><src>Hikingbook</src><extensions><gpxhb:speed>0.000000</gpxhb:speed><gpxhb:course>104.553362</gpxhb:course></extensions></trkpt><trkpt lat="23.092432481432684" lon="120.8040253221032"><ele>2627.0636067313744</ele><time>2022-11-19T02:29:32Z</time><src>Hikingbook</src><extensions><gpxhb:speed>0.000000</gpxhb:speed><gpxhb:course>304.618989</gpxhb:course></extensions></trkpt><trkpt lat="23.092612124605346" lon="120.80399228281439"><ele>2625.333282192269</ele><time>2022-11-19T02:30:06Z</time><src>Hikingbook</src><extensions><gpxhb:speed>0.957256</gpxhb:speed><gpxhb:course>347.692337</gpxhb:course></extensions></trkpt><trkpt lat="23.09268970620147" lon="120.80407258738539"><ele>2628.1254181551867</ele><time>2022-11-19T02:30:20Z</time><src>Hikingbook</src><extensions><gpxhb:speed>0.000000</gpxhb:speed><gpxhb:course>236.526224</gpxhb:course></extensions></trkpt><trkpt lat="23.092888344482674" lon="120.80407497790925"><ele>2630.333925679266</ele><time>2022-11-19T02:30:43Z</time><src>Hikingbook</src><extensions><gpxhb:speed>0.623797</gpxhb:speed><gpxhb:course>12.432998</gpxhb:course></extensions></trkpt><trkpt lat="23.093141783937877" lon="120.80423875814537"><ele>2628.6784950888523</ele><time>2022-11-19T02:31:37Z</time><src>Hikingbook</src><extensions><gpxhb:speed>0.000000</gpxhb:speed><gpxhb:course>27.055145</gpxhb:course></extensions></trkpt><trkpt lat="23.093127227185153" lon="120.80447919570838"><ele>2633.7749712336395</ele><time>2022-11-19T02:33:20Z</time><src>Hikingbook</src><extensions><gpxhb:speed>0.000000</gpxhb:speed><gpxhb:course>104.990144</gpxhb:course></extensions></trkpt><trkpt lat="23.093335243951646" lon="120.80469974535359"><ele>2643.056485279851</ele><time>2022-11-19T02:36:03Z</time><src>Hikingbook</src><extensions><gpxhb:speed>0.000000</gpxhb:speed><gpxhb:course>74.882601</gpxhb:course></extensions></trkpt><trkpt lat="23.09329555405723" lon="120.8048014739733"><ele>2642.0934454129842</ele><time>2022-11-19T02:36:24Z</time><src>Hikingbook</src><extensions><gpxhb:speed>1.140831</gpxhb:speed><gpxhb:course>61.593625</gpxhb:course></extensions></trkpt><trkpt lat="23.093423320475146" lon="120.80484426835251"><ele>2638.9866998013085</ele><time>2022-11-19T02:37:02Z</time><src>Hikingbook</src><extensions><gpxhb:speed>0.000000</gpxhb:speed><gpxhb:course>334.169205</gpxhb:course></extensions></trkpt><trkpt lat="23.09345471632693" lon="120.80507390353735"><ele>2651.3026325622072</ele><time>2022-11-19T02:40:06Z</time><src>Hikingbook</src><extensions><gpxhb:speed>0.402480</gpxhb:speed><gpxhb:course>135.517543</gpxhb:course></extensions></trkpt><trkpt lat="23.093410193717855" lon="120.80502510559845"><ele>2654.0162750646437</ele><time>2022-11-19T03:00:10Z</time><src>Hikingbook</src><extensions><gpxhb:speed>0.000000</gpxhb:speed><gpxhb:course>299.428553</gpxhb:course></extensions></trkpt><trkpt lat="23.093473445458816" lon="120.80502574087022"><ele>2650.92530355091</ele><time>2022-11-19T03:03:51Z</time><src>Hikingbook</src><extensions><gpxhb:speed>0.000000</gpxhb:speed><gpxhb:course>75.124947</gpxhb:course></extensions></trkpt><trkpt lat="23.09271947144621" lon="120.80556088214759"><ele>2631.5789467180166</ele><time>2022-11-19T03:12:06Z</time><src>Hikingbook</src><extensions><gpxhb:speed>0.667076</gpxhb:speed><gpxhb:course>146.551321</gpxhb:course></extensions></trkpt><trkpt lat="23.092158153044544" lon="120.80582465795047"><ele>2624.552469289978</ele><time>2022-11-19T03:14:14Z</time><src>Hikingbook</src><extensions><gpxhb:speed>0.000000</gpxhb:speed><gpxhb:course>167.153313</gpxhb:course></extensions></trkpt><trkpt lat="23.091952347051755" lon="120.80609072383804"><ele>2614.9011712026136</ele><time>2022-11-19T03:15:05Z</time><src>Hikingbook</src><extensions><gpxhb:speed>0.000000</gpxhb:speed><gpxhb:course>145.345258</gpxhb:course></extensions></trkpt><trkpt lat="23.091706227788144" lon="120.80619715132612"><ele>2613.71291247828</ele><time>2022-11-19T03:16:03Z</time><src>Hikingbook</src><extensions><gpxhb:speed>0.729975</gpxhb:speed><gpxhb:course>184.796387</gpxhb:course></extensions></trkpt><trkpt lat="23.09138736185166" lon="120.8061820790112"><ele>2619.7454617442368</ele><time>2022-11-19T03:16:51Z</time><src>Hikingbook</src><extensions><gpxhb:speed>0.737636</gpxhb:speed><gpxhb:course>149.943441</gpxhb:course></extensions></trkpt><trkpt lat="23.09108200208604" lon="120.80637362732318"><ele>2616.0419823272236</ele><time>2022-11-19T03:17:35Z</time><src>Hikingbook</src><extensions><gpxhb:speed>0.579100</gpxhb:speed><gpxhb:course>148.088588</gpxhb:course></extensions></trkpt><trkpt lat="23.090341240201763" lon="120.80665414844724"><ele>2608.59798816573</ele><time>2022-11-19T03:20:14Z</time><src>Hikingbook</src><extensions><gpxhb:speed>0.735286</gpxhb:speed><gpxhb:course>139.814457</gpxhb:course></extensions></trkpt><trkpt lat="23.090262735818488" lon="120.80678447491292"><ele>2600.842403200226</ele><time>2022-11-19T03:20:33Z</time><src>Hikingbook</src><extensions><gpxhb:speed>0.565839</gpxhb:speed><gpxhb:course>101.350310</gpxhb:course></extensions></trkpt><trkpt lat="23.09029371182199" lon="120.8071950199898"><ele>2588.50779764788</ele><time>2022-11-19T03:22:27Z</time><src>Hikingbook</src><extensions><gpxhb:speed>1.119898</gpxhb:speed><gpxhb:course>95.923628</gpxhb:course></extensions></trkpt><trkpt lat="23.08991589129836" lon="120.80769235786597"><ele>2564.258680742251</ele><time>2022-11-19T03:24:58Z</time><src>Hikingbook</src><extensions><gpxhb:speed>0.000000</gpxhb:speed><gpxhb:course>128.840781</gpxhb:course></extensions></trkpt><trkpt lat="23.089652440311678" lon="120.80822237617075"><ele>2553.048660141056</ele><time>2022-11-19T03:26:09Z</time><src>Hikingbook</src><extensions><gpxhb:speed>0.521196</gpxhb:speed><gpxhb:course>92.620333</gpxhb:course></extensions></trkpt><trkpt lat="23.08958227297405" lon="120.8086039872631"><ele>2553.2903162080474</ele><time>2022-11-19T03:27:06Z</time><src>Hikingbook</src><extensions><gpxhb:speed>0.676330</gpxhb:speed><gpxhb:course>104.620242</gpxhb:course></extensions></trkpt><trkpt lat="23.089513628945422" lon="120.80910119059351"><ele>2542.5988126234656</ele><time>2022-11-19T03:28:32Z</time><src>Hikingbook</src><extensions><gpxhb:speed>0.000000</gpxhb:speed><gpxhb:course>83.148645</gpxhb:course></extensions></trkpt><trkpt lat="23.08927097077157" lon="120.80953017150564"><ele>2523.407159235057</ele><time>2022-11-19T03:30:10Z</time><src>Hikingbook</src><extensions><gpxhb:speed>0.000000</gpxhb:speed><gpxhb:course>146.933906</gpxhb:course></extensions></trkpt><trkpt lat="23.08914563936908" lon="120.80963762092539"><ele>2527.8889603622943</ele><time>2022-11-19T03:31:06Z</time><src>Hikingbook</src><extensions><gpxhb:speed>0.503448</gpxhb:speed><gpxhb:course>152.900049</gpxhb:course></extensions></trkpt><trkpt lat="23.08881312720438" lon="120.81037715750628"><ele>2513.7983134058354</ele><time>2022-11-19T03:33:03Z</time><src>Hikingbook</src><extensions><gpxhb:speed>1.046729</gpxhb:speed><gpxhb:course>116.214860</gpxhb:course></extensions></trkpt><trkpt lat="23.0886545828832" lon="120.81061135458421"><ele>2510.4420086002083</ele><time>2022-11-19T03:33:44Z</time><src>Hikingbook</src><extensions><gpxhb:speed>0.000000</gpxhb:speed><gpxhb:course>172.472738</gpxhb:course></extensions></trkpt><trkpt lat="23.088703650146428" lon="120.81082668852508"><ele>2499.904765312322</ele><time>2022-11-19T03:35:24Z</time><src>Hikingbook</src><extensions><gpxhb:speed>1.596581</gpxhb:speed><gpxhb:course>72.194084</gpxhb:course></extensions></trkpt><trkpt lat="23.08852202342887" lon="120.81130931054288"><ele>2490.874275602444</ele><time>2022-11-19T03:36:41Z</time><src>Hikingbook</src><extensions><gpxhb:speed>0.502533</gpxhb:speed><gpxhb:course>88.451736</gpxhb:course></extensions></trkpt><trkpt lat="23.088372156396243" lon="120.81174638794792"><ele>2489.1484307883707</ele><time>2022-11-19T03:37:41Z</time><src>Hikingbook</src><extensions><gpxhb:speed>1.034695</gpxhb:speed><gpxhb:course>113.010670</gpxhb:course></extensions></trkpt><trkpt lat="23.088031763483855" lon="120.81228169303647"><ele>2482.0589875999426</ele><time>2022-11-19T03:39:15Z</time><src>Hikingbook</src><extensions><gpxhb:speed>0.000000</gpxhb:speed><gpxhb:course>113.329794</gpxhb:course></extensions></trkpt><trkpt lat="23.087673156576024" lon="120.81271567967029"><ele>2473.558559268342</ele><time>2022-11-19T03:41:40Z</time><src>Hikingbook</src><extensions><gpxhb:speed>0.833600</gpxhb:speed><gpxhb:course>103.487637</gpxhb:course></extensions></trkpt><trkpt lat="23.087884913906937" lon="120.81302506683852"><ele>2455.702593207529</ele><time>2022-11-19T03:43:28Z</time><src>Hikingbook</src><extensions><gpxhb:speed>0.623051</gpxhb:speed><gpxhb:course>38.184961</gpxhb:course></extensions></trkpt><trkpt lat="23.08822260598853" lon="120.81281565005649"><ele>2445.1494109683013</ele><time>2022-11-19T03:44:46Z</time><src>Hikingbook</src><extensions><gpxhb:speed>0.584488</gpxhb:speed><gpxhb:course>326.581252</gpxhb:course></extensions></trkpt><trkpt lat="23.088553139629656" lon="120.81289841196339"><ele>2416.3972238757333</ele><time>2022-11-19T03:49:23Z</time><src>Hikingbook</src><extensions><gpxhb:speed>0.000000</gpxhb:speed><gpxhb:course>31.739287</gpxhb:course></extensions></trkpt><trkpt lat="23.088926990880957" lon="120.81251265995363"><ele>2419.0034139191093</ele><time>2022-11-19T03:50:46Z</time><src>Hikingbook</src><extensions><gpxhb:speed>1.222731</gpxhb:speed><gpxhb:course>338.449494</gpxhb:course></extensions></trkpt><trkpt lat="23.08944585234649" lon="120.81251967788887"><ele>2389.6652864567604</ele><time>2022-11-19T03:54:26Z</time><src>Hikingbook</src><extensions><gpxhb:speed>0.000000</gpxhb:speed><gpxhb:course>71.854089</gpxhb:course></extensions></trkpt><trkpt lat="23.08936470113763" lon="120.81259021215317"><ele>2388.8736802004514</ele><time>2022-11-19T03:56:12Z</time><src>Hikingbook</src><extensions><gpxhb:speed>0.000000</gpxhb:speed><gpxhb:course>36.207500</gpxhb:course></extensions></trkpt><trkpt lat="23.08942657415475" lon="120.81248111518401"><ele>2382.0475059152086</ele><time>2022-11-19T03:57:26Z</time><src>Hikingbook</src><extensions><gpxhb:speed>0.000000</gpxhb:speed><gpxhb:course>30.425887</gpxhb:course></extensions></trkpt><trkpt lat="23.089532865001292" lon="120.81252515301748"><ele>2389.070149970241</ele><time>2022-11-19T03:58:18Z</time><src>Hikingbook</src><extensions><gpxhb:speed>0.000000</gpxhb:speed><gpxhb:course>58.379182</gpxhb:course></extensions></trkpt><trkpt lat="23.089523873203422" lon="120.81284990750302"><ele>2365.7556803081347</ele><time>2022-11-19T04:00:03Z</time><src>Hikingbook</src><extensions><gpxhb:speed>0.000000</gpxhb:speed><gpxhb:course>69.919702</gpxhb:course></extensions></trkpt><trkpt lat="23.0897404906368" lon="120.81294638201676"><ele>2355.8118535863323</ele><time>2022-11-19T04:01:45Z</time><src>Hikingbook</src><extensions><gpxhb:speed>0.000000</gpxhb:speed><gpxhb:course>18.337807</gpxhb:course></extensions></trkpt><trkpt lat="23.08994212163018" lon="120.81322591249194"><ele>2330.5141730113005</ele><time>2022-11-19T04:06:37Z</time><src>Hikingbook</src><extensions><gpxhb:speed>0.000000</gpxhb:speed><gpxhb:course>115.456712</gpxhb:course></extensions></trkpt><trkpt lat="23.09005879895873" lon="120.8132038115748"><ele>2325.4134054701162</ele><time>2022-11-19T04:07:22Z</time><src>Hikingbook</src><extensions><gpxhb:speed>0.000000</gpxhb:speed><gpxhb:course>22.822961</gpxhb:course></extensions></trkpt><trkpt lat="23.090114131259103" lon="120.81331748330999"><ele>2318.8638399251636</ele><time>2022-11-19T04:09:21Z</time><src>Hikingbook</src><extensions><gpxhb:speed>0.000000</gpxhb:speed><gpxhb:course>81.728456</gpxhb:course></extensions></trkpt><trkpt lat="23.090050756283002" lon="120.81332767527586"><ele>2318.8749098264575</ele><time>2022-11-19T04:09:41Z</time><src>Hikingbook</src><extensions><gpxhb:speed>0.000000</gpxhb:speed><gpxhb:course>134.478418</gpxhb:course></extensions></trkpt><trkpt lat="23.09012155357059" lon="120.8132865983955"><ele>2318.0696251280997</ele><time>2022-11-19T04:09:53Z</time><src>Hikingbook</src><extensions><gpxhb:speed>0.000000</gpxhb:speed><gpxhb:course>134.478414</gpxhb:course></extensions></trkpt><trkpt lat="23.09026830470227" lon="120.81341702758769"><ele>2306.5056101444234</ele><time>2022-11-19T04:11:05Z</time><src>Hikingbook</src><extensions><gpxhb:speed>0.000000</gpxhb:speed><gpxhb:course>226.636174</gpxhb:course></extensions></trkpt><trkpt lat="23.09017599929014" lon="120.81380577365654"><ele>2308.6297713591907</ele><time>2022-11-19T04:12:01Z</time><src>Hikingbook</src><extensions><gpxhb:speed>0.192249</gpxhb:speed><gpxhb:course>6.618369</gpxhb:course></extensions></trkpt><trkpt lat="23.090051579639745" lon="120.81409238228818"><ele>2306.7907078791695</ele><time>2022-11-19T04:13:05Z</time><src>Hikingbook</src><extensions><gpxhb:speed>0.772175</gpxhb:speed><gpxhb:course>173.076889</gpxhb:course></extensions></trkpt><trkpt lat="23.090142989224084" lon="120.81394562168958"><ele>2307.085741469252</ele><time>2022-11-19T04:13:55Z</time><src>Hikingbook</src><extensions><gpxhb:speed>0.000000</gpxhb:speed><gpxhb:course>347.717762</gpxhb:course></extensions></trkpt><trkpt lat="23.09008481127266" lon="120.81361275572098"><ele>2308.1410306601415</ele><time>2022-11-19T04:16:18Z</time><src>Hikingbook</src><extensions><gpxhb:speed>1.338596</gpxhb:speed><gpxhb:course>274.448427</gpxhb:course></extensions></trkpt><trkpt lat="23.09023315039971" lon="120.81336213015514"><ele>2309.011477885369</ele><time>2022-11-19T04:16:44Z</time><src>Hikingbook</src><extensions><gpxhb:speed>1.287751</gpxhb:speed><gpxhb:course>319.889531</gpxhb:course></extensions></trkpt><trkpt lat="23.09041599824766" lon="120.81355459106908"><ele>2301.0235333884</ele><time>2022-11-19T04:17:09Z</time><src>Hikingbook</src><extensions><gpxhb:speed>1.349606</gpxhb:speed><gpxhb:course>40.126301</gpxhb:course></extensions></trkpt><trkpt lat="23.090685541382864" lon="120.81352701447916"><ele>2294.613684882297</ele><time>2022-11-19T04:17:54Z</time><src>Hikingbook</src><extensions><gpxhb:speed>0.847046</gpxhb:speed><gpxhb:course>50.609516</gpxhb:course></extensions></trkpt><trkpt lat="23.09076516694796" lon="120.81371107870582"><ele>2295.9219689115316</ele><time>2022-11-19T04:19:13Z</time><src>Hikingbook</src><extensions><gpxhb:speed>0.000000</gpxhb:speed><gpxhb:course>89.430548</gpxhb:course></extensions></trkpt><trkpt lat="23.09087840627734" lon="120.81364100069905"><ele>2301.7897298393164</ele><time>2022-11-19T04:20:02Z</time><src>Hikingbook</src><extensions><gpxhb:speed>0.606732</gpxhb:speed><gpxhb:course>322.859458</gpxhb:course></extensions></trkpt><trkpt lat="23.090935956988176" lon="120.81377566069393"><ele>2300.749410997292</ele><time>2022-11-19T04:20:12Z</time><src>Hikingbook</src><extensions><gpxhb:speed>0.813887</gpxhb:speed><gpxhb:course>76.821606</gpxhb:course></extensions></trkpt><trkpt lat="23.09078084245332" lon="120.81416397666031"><ele>2297.0735607944566</ele><time>2022-11-19T04:21:02Z</time><src>Hikingbook</src><extensions><gpxhb:speed>0.719120</gpxhb:speed><gpxhb:course>152.531683</gpxhb:course></extensions></trkpt><trkpt lat="23.090554834175062" lon="120.814323865092"><ele>2301.273493802114</ele><time>2022-11-19T04:21:29Z</time><src>Hikingbook</src><extensions><gpxhb:speed>1.222779</gpxhb:speed><gpxhb:course>127.713418</gpxhb:course></extensions></trkpt><trkpt lat="23.090383980368536" lon="120.81475997935782"><ele>2295.396375836608</ele><time>2022-11-19T04:22:06Z</time><src>Hikingbook</src><extensions><gpxhb:speed>0.948813</gpxhb:speed><gpxhb:course>121.833675</gpxhb:course></extensions></trkpt><trkpt lat="23.089947872007023" lon="120.8155296983805"><ele>2294.2936506434094</ele><time>2022-11-19T04:24:40Z</time><src>Hikingbook</src><extensions><gpxhb:speed>1.104698</gpxhb:speed><gpxhb:course>123.474785</gpxhb:course></extensions></trkpt><trkpt lat="23.08978584521094" lon="120.81565329347168"><ele>2295.715870593745</ele><time>2022-11-19T04:24:58Z</time><src>Hikingbook</src><extensions><gpxhb:speed>0.910083</gpxhb:speed><gpxhb:course>145.483216</gpxhb:course></extensions></trkpt><trkpt lat="23.089563972822077" lon="120.81607002970375"><ele>2299.247222685535</ele><time>2022-11-19T04:25:48Z</time><src>Hikingbook</src><extensions><gpxhb:speed>0.543474</gpxhb:speed><gpxhb:course>175.299719</gpxhb:course></extensions></trkpt><trkpt lat="23.08930542982218" lon="120.81605992919685"><ele>2295.7701675567514</ele><time>2022-11-19T04:26:22Z</time><src>Hikingbook</src><extensions><gpxhb:speed>0.000000</gpxhb:speed><gpxhb:course>161.204496</gpxhb:course></extensions></trkpt><trkpt lat="23.089368195767673" lon="120.81597733555192"><ele>2292.4775379236835</ele><time>2022-11-19T04:34:34Z</time><src>Hikingbook</src><extensions><gpxhb:speed>0.000000</gpxhb:speed><gpxhb:course>88.747454</gpxhb:course></extensions></trkpt></trkseg><trkseg><trkpt lat="23.09004949854027" lon="120.81835023630954"><ele>2255.7930407421663</ele><time>2022-11-19T06:28:35Z</time><src>Hikingbook</src><extensions><gpxhb:speed>1.290000</gpxhb:speed><gpxhb:course>101.953130</gpxhb:course></extensions></trkpt><trkpt lat="23.090448526490892" lon="120.81824395965685"><ele>2286.7392261460154</ele><time>2022-11-19T06:29:09Z</time><src>Hikingbook</src><extensions><gpxhb:speed>1.417909</gpxhb:speed><gpxhb:course>265.954730</gpxhb:course></extensions></trkpt><trkpt lat="23.090425323487164" lon="120.81746041743834"><ele>2278.3990516209906</ele><time>2022-11-19T06:30:14Z</time><src>Hikingbook</src><extensions><gpxhb:speed>0.982450</gpxhb:speed><gpxhb:course>281.312669</gpxhb:course></extensions></trkpt><trkpt lat="23.090645263654814" lon="120.81733935387801"><ele>2272.920610386631</ele><time>2022-11-19T06:30:38Z</time><src>Hikingbook</src><extensions><gpxhb:speed>0.752862</gpxhb:speed><gpxhb:course>272.631713</gpxhb:course></extensions></trkpt><trkpt lat="23.09052476420857" lon="120.81699293009899"><ele>2276.359486073259</ele><time>2022-11-19T06:31:10Z</time><src>Hikingbook</src><extensions><gpxhb:speed>1.097343</gpxhb:speed><gpxhb:course>243.011614</gpxhb:course></extensions></trkpt><trkpt lat="23.090342518039943" lon="120.81673630047915"><ele>2289.4436543319275</ele><time>2022-11-19T06:31:44Z</time><src>Hikingbook</src><extensions><gpxhb:speed>0.846891</gpxhb:speed><gpxhb:course>274.538248</gpxhb:course></extensions></trkpt><trkpt lat="23.089979104085437" lon="120.81659260054667"><ele>2295.4153210148</ele><time>2022-11-19T06:32:47Z</time><src>Hikingbook</src><extensions><gpxhb:speed>0.428752</gpxhb:speed><gpxhb:course>266.483051</gpxhb:course></extensions></trkpt><trkpt lat="23.089549388348342" lon="120.81635847337859"><ele>2306.9263546472575</ele><time>2022-11-19T06:34:11Z</time><src>Hikingbook</src><extensions><gpxhb:speed>0.557433</gpxhb:speed><gpxhb:course>243.380209</gpxhb:course></extensions></trkpt><trkpt lat="23.0894960575862" lon="120.81622912949406"><ele>2306.7425966139263</ele><time>2022-11-19T06:34:28Z</time><src>Hikingbook</src><extensions><gpxhb:speed>0.984189</gpxhb:speed><gpxhb:course>296.978567</gpxhb:course></extensions></trkpt><trkpt lat="23.089568182655665" lon="120.81605287206561"><ele>2299.94047594276</ele><time>2022-11-19T06:34:50Z</time><src>Hikingbook</src><extensions><gpxhb:speed>0.440089</gpxhb:speed><gpxhb:course>227.765163</gpxhb:course></extensions></trkpt><trkpt lat="23.089471261390447" lon="120.81594549447877"><ele>2298.5381134091654</ele><time>2022-11-19T06:35:07Z</time><src>Hikingbook</src><extensions><gpxhb:speed>1.121162</gpxhb:speed><gpxhb:course>190.714949</gpxhb:course></extensions></trkpt><trkpt lat="23.089390432465017" lon="120.81602638409437"><ele>2304.0326120068544</ele><time>2022-11-19T06:37:07Z</time><src>Hikingbook</src><extensions><gpxhb:speed>0.000000</gpxhb:speed><gpxhb:course>107.862433</gpxhb:course></extensions></trkpt></trkseg><trkseg><trkpt lat="23.08956798168187" lon="120.81589333724305"><ele>2297.478099822998</ele><time>2022-11-19T23:24:59Z</time><src>Hikingbook</src><extensions><gpxhb:speed>0.000000</gpxhb:speed><gpxhb:course>251.015625</gpxhb:course></extensions></trkpt><trkpt lat="23.08963064184174" lon="120.81562642710963"><ele>2301.3291148472226</ele><time>2022-11-19T23:25:49Z</time><src>Hikingbook</src><extensions><gpxhb:speed>0.850136</gpxhb:speed><gpxhb:course>322.814937</gpxhb:course></extensions></trkpt><trkpt lat="23.089902528012967" lon="120.81549753370284"><ele>2302.0924334899705</ele><time>2022-11-19T23:26:09Z</time><src>Hikingbook</src><extensions><gpxhb:speed>1.831225</gpxhb:speed><gpxhb:course>336.955844</gpxhb:course></extensions></trkpt><trkpt lat="23.09009433217752" lon="120.81509456432273"><ele>2296.104990447569</ele><time>2022-11-19T23:27:37Z</time><src>Hikingbook</src><extensions><gpxhb:speed>0.000000</gpxhb:speed><gpxhb:course>261.896339</gpxhb:course></extensions></trkpt><trkpt lat="23.09045568472325" lon="120.8144079102171"><ele>2298.2802606198</ele><time>2022-11-19T23:29:08Z</time><src>Hikingbook</src><extensions><gpxhb:speed>1.118157</gpxhb:speed><gpxhb:course>291.883897</gpxhb:course></extensions></trkpt><trkpt lat="23.090719771720646" lon="120.81410889140622"><ele>2301.1004987582437</ele><time>2022-11-19T23:29:47Z</time><src>Hikingbook</src><extensions><gpxhb:speed>0.728501</gpxhb:speed><gpxhb:course>296.625932</gpxhb:course></extensions></trkpt><trkpt lat="23.090736913642534" lon="120.81391912636188"><ele>2302.07076422129</ele><time>2022-11-19T23:30:07Z</time><src>Hikingbook</src><extensions><gpxhb:speed>0.462161</gpxhb:speed><gpxhb:course>289.784671</gpxhb:course></extensions></trkpt><trkpt lat="23.090577025841256" lon="120.81368588700163"><ele>2296.164380039998</ele><time>2022-11-19T23:39:40Z</time><src>Hikingbook</src><extensions><gpxhb:speed>0.957818</gpxhb:speed><gpxhb:course>237.725298</gpxhb:course></extensions></trkpt><trkpt lat="23.090088773504572" lon="120.81339213824941"><ele>2317.3766264979413</ele><time>2022-11-19T23:41:44Z</time><src>Hikingbook</src><extensions><gpxhb:speed>0.000000</gpxhb:speed><gpxhb:course>233.280541</gpxhb:course></extensions></trkpt><trkpt lat="23.08773378965577" lon="120.8117584756537"><ele>2289.7868983128574</ele><time>2022-11-19T23:58:58Z</time><src>Hikingbook</src><extensions><gpxhb:speed>0.350000</gpxhb:speed><gpxhb:course>216.914062</gpxhb:course></extensions></trkpt><trkpt lat="23.088441345754344" lon="120.81293228462788"><ele>2418.6116497988223</ele><time>2022-11-19T23:59:05Z</time><src>Hikingbook</src><extensions><gpxhb:speed>0.000000</gpxhb:speed><gpxhb:course>154.687500</gpxhb:course></extensions></trkpt><trkpt lat="23.08837549933566" lon="120.81278269749589"><ele>2424.7864296499192</ele><time>2022-11-20T00:00:30Z</time><src>Hikingbook</src><extensions><gpxhb:speed>0.240000</gpxhb:speed><gpxhb:course>139.570312</gpxhb:course></extensions></trkpt><trkpt lat="23.088417314014478" lon="120.81294022511766"><ele>2430.858959197998</ele><time>2022-11-20T00:00:37Z</time><src>Hikingbook</src><extensions><gpxhb:speed>0.000000</gpxhb:speed><gpxhb:course>0.000000</gpxhb:course></extensions></trkpt><trkpt lat="23.088308573857173" lon="120.81292751115866"><ele>2434.6061859676333</ele><time>2022-11-20T00:02:34Z</time><src>Hikingbook</src><extensions><gpxhb:speed>1.158632</gpxhb:speed><gpxhb:course>126.471405</gpxhb:course></extensions></trkpt><trkpt lat="23.087825878007997" lon="120.8136502442171"><ele>2438.1626247535833</ele><time>2022-11-20T00:04:25Z</time><src>Hikingbook</src><extensions><gpxhb:speed>0.854465</gpxhb:speed><gpxhb:course>111.606627</gpxhb:course></extensions></trkpt><trkpt lat="23.087357514521333" lon="120.81410387510518"><ele>2442.5798835952205</ele><time>2022-11-20T00:06:21Z</time><src>Hikingbook</src><extensions><gpxhb:speed>0.809114</gpxhb:speed><gpxhb:course>77.287920</gpxhb:course></extensions></trkpt><trkpt lat="23.087391426741586" lon="120.81451877844961"><ele>2443.4082748654705</ele><time>2022-11-20T00:07:21Z</time><src>Hikingbook</src><extensions><gpxhb:speed>0.822284</gpxhb:speed><gpxhb:course>90.573653</gpxhb:course></extensions></trkpt><trkpt lat="23.087349163253347" lon="120.81485360051727"><ele>2444.7408810661054</ele><time>2022-11-20T00:08:05Z</time><src>Hikingbook</src><extensions><gpxhb:speed>1.436149</gpxhb:speed><gpxhb:course>145.237455</gpxhb:course></extensions></trkpt><trkpt lat="23.08690838869526" lon="120.81536573264664"><ele>2450.0740273979595</ele><time>2022-11-20T00:15:30Z</time><src>Hikingbook</src><extensions><gpxhb:speed>0.965963</gpxhb:speed><gpxhb:course>132.931918</gpxhb:course></extensions></trkpt><trkpt lat="23.086898493846927" lon="120.81550230779156"><ele>2449.9197704741787</ele><time>2022-11-20T00:15:43Z</time><src>Hikingbook</src><extensions><gpxhb:speed>0.971226</gpxhb:speed><gpxhb:course>51.713830</gpxhb:course></extensions></trkpt><trkpt lat="23.087107472310716" lon="120.81578967993156"><ele>2447.577952746109</ele><time>2022-11-20T00:16:17Z</time><src>Hikingbook</src><extensions><gpxhb:speed>0.885123</gpxhb:speed><gpxhb:course>90.408130</gpxhb:course></extensions></trkpt><trkpt lat="23.08719330832183" lon="120.81629203704503"><ele>2446.7599337842375</ele><time>2022-11-20T00:17:24Z</time><src>Hikingbook</src><extensions><gpxhb:speed>1.174335</gpxhb:speed><gpxhb:course>68.504380</gpxhb:course></extensions></trkpt><trkpt lat="23.08739388005264" lon="120.81690251587011"><ele>2443.316087710605</ele><time>2022-11-20T00:18:19Z</time><src>Hikingbook</src><extensions><gpxhb:speed>0.776419</gpxhb:speed><gpxhb:course>82.495046</gpxhb:course></extensions></trkpt><trkpt lat="23.087594095884157" lon="120.81716788823196"><ele>2440.0963438566478</ele><time>2022-11-20T00:18:47Z</time><src>Hikingbook</src><extensions><gpxhb:speed>1.407356</gpxhb:speed><gpxhb:course>65.452824</gpxhb:course></extensions></trkpt><trkpt lat="23.087777605817234" lon="120.8177311780593"><ele>2439.829034611172</ele><time>2022-11-20T00:19:40Z</time><src>Hikingbook</src><extensions><gpxhb:speed>1.118350</gpxhb:speed><gpxhb:course>80.898506</gpxhb:course></extensions></trkpt><trkpt lat="23.08773408524188" lon="120.81815342341048"><ele>2437.46689398886</ele><time>2022-11-20T00:20:13Z</time><src>Hikingbook</src><extensions><gpxhb:speed>0.840642</gpxhb:speed><gpxhb:course>111.132422</gpxhb:course></extensions></trkpt><trkpt lat="23.087729384250505" lon="120.81846186483288"><ele>2437.055900950596</ele><time>2022-11-20T00:20:37Z</time><src>Hikingbook</src><extensions><gpxhb:speed>1.059964</gpxhb:speed><gpxhb:course>115.134296</gpxhb:course></extensions></trkpt><trkpt lat="23.087455922726498" lon="120.81881297251968"><ele>2436.046669856811</ele><time>2022-11-20T00:21:19Z</time><src>Hikingbook</src><extensions><gpxhb:speed>1.023351</gpxhb:speed><gpxhb:course>125.311406</gpxhb:course></extensions></trkpt><trkpt lat="23.08737958845644" lon="120.81906546727303"><ele>2437.6926397594834</ele><time>2022-11-20T00:21:42Z</time><src>Hikingbook</src><extensions><gpxhb:speed>1.121438</gpxhb:speed><gpxhb:course>92.559796</gpxhb:course></extensions></trkpt><trkpt lat="23.08751088713474" lon="120.81935997868545"><ele>2432.7275287192674</ele><time>2022-11-20T00:22:13Z</time><src>Hikingbook</src><extensions><gpxhb:speed>0.801418</gpxhb:speed><gpxhb:course>91.625357</gpxhb:course></extensions></trkpt><trkpt lat="23.087264973133315" lon="120.81979788045274"><ele>2433.609729577271</ele><time>2022-11-20T00:22:50Z</time><src>Hikingbook</src><extensions><gpxhb:speed>1.211164</gpxhb:speed><gpxhb:course>109.003928</gpxhb:course></extensions></trkpt><trkpt lat="23.08726401200676" lon="120.82005548591259"><ele>2436.854717900341</ele><time>2022-11-20T00:23:10Z</time><src>Hikingbook</src><extensions><gpxhb:speed>1.114380</gpxhb:speed><gpxhb:course>91.048975</gpxhb:course></extensions></trkpt><trkpt lat="23.087270015371043" lon="120.82026458146784"><ele>2435.598118856462</ele><time>2022-11-20T00:23:28Z</time><src>Hikingbook</src><extensions><gpxhb:speed>0.697578</gpxhb:speed><gpxhb:course>81.897075</gpxhb:course></extensions></trkpt><trkpt lat="23.08716379917103" lon="120.82044119544513"><ele>2436.212630406184</ele><time>2022-11-20T00:24:05Z</time><src>Hikingbook</src><extensions><gpxhb:speed>0.774912</gpxhb:speed><gpxhb:course>158.723715</gpxhb:course></extensions></trkpt><trkpt lat="23.086565022927015" lon="120.82069497265812"><ele>2442.5915489203717</ele><time>2022-11-20T00:25:07Z</time><src>Hikingbook</src><extensions><gpxhb:speed>0.816334</gpxhb:speed><gpxhb:course>145.247826</gpxhb:course></extensions></trkpt><trkpt lat="23.086442262253428" lon="120.82076138952543"><ele>2438.072528369026</ele><time>2022-11-20T00:25:24Z</time><src>Hikingbook</src><extensions><gpxhb:speed>1.258906</gpxhb:speed><gpxhb:course>141.318635</gpxhb:course></extensions></trkpt><trkpt lat="23.086322669618735" lon="120.82116439693098"><ele>2431.78924891881</ele><time>2022-11-20T00:26:02Z</time><src>Hikingbook</src><extensions><gpxhb:speed>0.812556</gpxhb:speed><gpxhb:course>140.336035</gpxhb:course></extensions></trkpt><trkpt lat="23.08586654827982" lon="120.82131425436279"><ele>2440.531561117633</ele><time>2022-11-20T00:27:49Z</time><src>Hikingbook</src><extensions><gpxhb:speed>0.000000</gpxhb:speed><gpxhb:course>53.680352</gpxhb:course></extensions></trkpt><trkpt lat="23.085743243675235" lon="120.82137991648956"><ele>2437.8892903652845</ele><time>2022-11-20T00:28:43Z</time><src>Hikingbook</src><extensions><gpxhb:speed>0.614583</gpxhb:speed><gpxhb:course>100.059284</gpxhb:course></extensions></trkpt><trkpt lat="23.085747058175407" lon="120.82145368772115"><ele>2438.3443978500104</ele><time>2022-11-20T00:28:51Z</time><src>Hikingbook</src><extensions><gpxhb:speed>0.770454</gpxhb:speed><gpxhb:course>150.157468</gpxhb:course></extensions></trkpt><trkpt lat="23.085778404984303" lon="120.82139064046474"><ele>2431.7859449835564</ele><time>2022-11-20T00:29:07Z</time><src>Hikingbook</src><extensions><gpxhb:speed>0.513360</gpxhb:speed><gpxhb:course>340.726708</gpxhb:course></extensions></trkpt><trkpt lat="23.085865242944447" lon="120.82146064507258"><ele>2429.3452276919265</ele><time>2022-11-20T00:29:23Z</time><src>Hikingbook</src><extensions><gpxhb:speed>0.968554</gpxhb:speed><gpxhb:course>69.384978</gpxhb:course></extensions></trkpt><trkpt lat="23.08580539327415" lon="120.82163106222396"><ele>2419.1913861632183</ele><time>2022-11-20T00:33:10Z</time><src>Hikingbook</src><extensions><gpxhb:speed>0.000000</gpxhb:speed><gpxhb:course>297.810481</gpxhb:course></extensions></trkpt><trkpt lat="23.08584074837389" lon="120.82151317627502"><ele>2419.4308288107286</ele><time>2022-11-20T00:37:15Z</time><src>Hikingbook</src><extensions><gpxhb:speed>0.000000</gpxhb:speed><gpxhb:course>262.815918</gpxhb:course></extensions></trkpt><trkpt lat="23.08594603128272" lon="120.82168379491439"><ele>2408.553501358367</ele><time>2022-11-20T00:41:54Z</time><src>Hikingbook</src><extensions><gpxhb:speed>1.425089</gpxhb:speed><gpxhb:course>46.446658</gpxhb:course></extensions></trkpt><trkpt lat="23.086163092459206" lon="120.82173195739124"><ele>2404.563248896095</ele><time>2022-11-20T00:42:10Z</time><src>Hikingbook</src><extensions><gpxhb:speed>0.667464</gpxhb:speed><gpxhb:course>334.082911</gpxhb:course></extensions></trkpt><trkpt lat="23.085871700663095" lon="120.82172832416147"><ele>2413.6029698975312</ele><time>2022-11-20T00:49:46Z</time><src>Hikingbook</src><extensions><gpxhb:speed>0.440000</gpxhb:speed><gpxhb:course>176.132812</gpxhb:course></extensions></trkpt><trkpt lat="23.08579956182864" lon="120.82156134780573"><ele>2403.707103102468</ele><time>2022-11-20T00:50:02Z</time><src>Hikingbook</src><extensions><gpxhb:speed>0.000000</gpxhb:speed><gpxhb:course>-1.000000</gpxhb:course></extensions></trkpt><trkpt lat="23.085324902180947" lon="120.82166830272034"><ele>2448.136178724986</ele><time>2022-11-20T01:03:52Z</time><src>Hikingbook</src><extensions><gpxhb:speed>1.080000</gpxhb:speed><gpxhb:course>93.515625</gpxhb:course></extensions></trkpt><trkpt lat="23.08542551940594" lon="120.82166033808218"><ele>2449.482250213623</ele><time>2022-11-20T01:03:54Z</time><src>Hikingbook</src><extensions><gpxhb:speed>1.220000</gpxhb:speed><gpxhb:course>27.070312</gpxhb:course></extensions></trkpt><trkpt lat="23.085364873926547" lon="120.82173582691553"><ele>2439.1556420272923</ele><time>2022-11-20T01:04:15Z</time><src>Hikingbook</src><extensions><gpxhb:speed>0.000000</gpxhb:speed><gpxhb:course>-1.000000</gpxhb:course></extensions></trkpt><trkpt lat="23.08491594587345" lon="120.82129949938529"><ele>2446.344464098448</ele><time>2022-11-20T01:06:56Z</time><src>Hikingbook</src><extensions><gpxhb:speed>0.710000</gpxhb:speed><gpxhb:course>89.648438</gpxhb:course></extensions></trkpt><trkpt lat="23.084919531338212" lon="120.8213847264026"><ele>2446.6770015698157</ele><time>2022-11-20T01:07:09Z</time><src>Hikingbook</src><extensions><gpxhb:speed>0.480000</gpxhb:speed><gpxhb:course>-1.000000</gpxhb:course></extensions></trkpt><trkpt lat="23.08486930946899" lon="120.8212163759979"><ele>2451.8565515394876</ele><time>2022-11-20T01:11:15Z</time><src>Hikingbook</src><extensions><gpxhb:speed>0.831228</gpxhb:speed><gpxhb:course>346.121143</gpxhb:course></extensions></trkpt><trkpt lat="23.084908918244146" lon="120.82130982999826"><ele>2454.6167280774694</ele><time>2022-11-20T01:13:55Z</time><src>Hikingbook</src><extensions><gpxhb:speed>0.000000</gpxhb:speed><gpxhb:course>112.031910</gpxhb:course></extensions></trkpt><trkpt lat="23.084805760629692" lon="120.82134272793145"><ele>2456.280980076466</ele><time>2022-11-20T01:14:35Z</time><src>Hikingbook</src><extensions><gpxhb:speed>0.490650</gpxhb:speed><gpxhb:course>170.059824</gpxhb:course></extensions></trkpt><trkpt lat="23.084715365818536" lon="120.8215684721259"><ele>2459.8435748059396</ele><time>2022-11-20T01:15:24Z</time><src>Hikingbook</src><extensions><gpxhb:speed>0.719489</gpxhb:speed><gpxhb:course>99.210125</gpxhb:course></extensions></trkpt><trkpt lat="23.084729793266497" lon="120.82225598461442"><ele>2488.1696221356824</ele><time>2022-11-20T01:18:11Z</time><src>Hikingbook</src><extensions><gpxhb:speed>0.909528</gpxhb:speed><gpxhb:course>235.223826</gpxhb:course></extensions></trkpt><trkpt lat="23.084759633581672" lon="120.82255819044113"><ele>2501.52085399138</ele><time>2022-11-20T01:19:24Z</time><src>Hikingbook</src><extensions><gpxhb:speed>0.445260</gpxhb:speed><gpxhb:course>63.235680</gpxhb:course></extensions></trkpt><trkpt lat="23.08457405066936" lon="120.8225928312656"><ele>2504.861508014152</ele><time>2022-11-20T01:19:50Z</time><src>Hikingbook</src><extensions><gpxhb:speed>0.000000</gpxhb:speed><gpxhb:course>166.301948</gpxhb:course></extensions></trkpt><trkpt lat="23.08472377972868" lon="120.82290201609263"><ele>2518.3153513834277</ele><time>2022-11-20T01:21:47Z</time><src>Hikingbook</src><extensions><gpxhb:speed>0.535324</gpxhb:speed><gpxhb:course>126.526040</gpxhb:course></extensions></trkpt><trkpt lat="23.08464030523374" lon="120.82323343482518"><ele>2535.7286896173323</ele><time>2022-11-20T01:23:09Z</time><src>Hikingbook</src><extensions><gpxhb:speed>0.748793</gpxhb:speed><gpxhb:course>44.735679</gpxhb:course></extensions></trkpt><trkpt lat="23.08455210520362" lon="120.8240567236506"><ele>2560.5264117768165</ele><time>2022-11-20T01:26:41Z</time><src>Hikingbook</src><extensions><gpxhb:speed>0.471020</gpxhb:speed><gpxhb:course>148.787511</gpxhb:course></extensions></trkpt><trkpt lat="23.084456274657434" lon="120.82424542274502"><ele>2564.860299859449</ele><time>2022-11-20T01:27:14Z</time><src>Hikingbook</src><extensions><gpxhb:speed>0.878286</gpxhb:speed><gpxhb:course>131.903849</gpxhb:course></extensions></trkpt><trkpt lat="23.084207317394927" lon="120.82452876422154"><ele>2578.810271311573</ele><time>2022-11-20T01:28:26Z</time><src>Hikingbook</src><extensions><gpxhb:speed>0.797672</gpxhb:speed><gpxhb:course>175.378500</gpxhb:course></extensions></trkpt><trkpt lat="23.083675976390012" lon="120.82474237485789"><ele>2582.3832428277046</ele><time>2022-11-20T01:29:49Z</time><src>Hikingbook</src><extensions><gpxhb:speed>0.000000</gpxhb:speed><gpxhb:course>129.972093</gpxhb:course></extensions></trkpt><trkpt lat="23.083188372815727" lon="120.82528126329937"><ele>2584.2763243686964</ele><time>2022-11-20T01:31:27Z</time><src>Hikingbook</src><extensions><gpxhb:speed>0.686573</gpxhb:speed><gpxhb:course>166.740669</gpxhb:course></extensions></trkpt><trkpt lat="23.083136136938172" lon="120.8255269852644"><ele>2594.3074148208116</ele><time>2022-11-20T01:32:57Z</time><src>Hikingbook</src><extensions><gpxhb:speed>0.725407</gpxhb:speed><gpxhb:course>87.434353</gpxhb:course></extensions></trkpt><trkpt lat="23.083181978933116" lon="120.82583893719583"><ele>2602.544922454262</ele><time>2022-11-20T01:34:12Z</time><src>Hikingbook</src><extensions><gpxhb:speed>0.000000</gpxhb:speed><gpxhb:course>118.618858</gpxhb:course></extensions></trkpt><trkpt lat="23.083059495303072" lon="120.82619412320035"><ele>2616.2210066222888</ele><time>2022-11-20T01:36:20Z</time><src>Hikingbook</src><extensions><gpxhb:speed>0.000000</gpxhb:speed><gpxhb:course>157.901523</gpxhb:course></extensions></trkpt><trkpt lat="23.08317839784502" lon="120.82650234998728"><ele>2629.6959272391314</ele><time>2022-11-20T01:38:12Z</time><src>Hikingbook</src><extensions><gpxhb:speed>0.518072</gpxhb:speed><gpxhb:course>79.092328</gpxhb:course></extensions></trkpt><trkpt lat="23.08315493377163" lon="120.82680389673394"><ele>2640.3049831391936</ele><time>2022-11-20T01:39:54Z</time><src>Hikingbook</src><extensions><gpxhb:speed>0.000000</gpxhb:speed><gpxhb:course>90.291179</gpxhb:course></extensions></trkpt><trkpt lat="23.083005994069012" lon="120.82688268103216"><ele>2641.4173502488034</ele><time>2022-11-20T01:40:57Z</time><src>Hikingbook</src><extensions><gpxhb:speed>0.579590</gpxhb:speed><gpxhb:course>181.702146</gpxhb:course></extensions></trkpt><trkpt lat="23.08288119812241" lon="120.82743121734872"><ele>2651.5061030180714</ele><time>2022-11-20T01:43:29Z</time><src>Hikingbook</src><extensions><gpxhb:speed>0.533329</gpxhb:speed><gpxhb:course>106.595919</gpxhb:course></extensions></trkpt><trkpt lat="23.082906800133202" lon="120.82791068032776"><ele>2666.548706398249</ele><time>2022-11-20T01:45:19Z</time><src>Hikingbook</src><extensions><gpxhb:speed>0.000000</gpxhb:speed><gpxhb:course>106.341404</gpxhb:course></extensions></trkpt><trkpt lat="23.08314028814919" lon="120.82836879669915"><ele>2693.1238838329004</ele><time>2022-11-20T01:49:26Z</time><src>Hikingbook</src><extensions><gpxhb:speed>0.000000</gpxhb:speed><gpxhb:course>284.024715</gpxhb:course></extensions></trkpt><trkpt lat="23.083253806298075" lon="120.82898728402938"><ele>2724.4146006387205</ele><time>2022-11-20T01:53:27Z</time><src>Hikingbook</src><extensions><gpxhb:speed>0.762686</gpxhb:speed><gpxhb:course>77.535894</gpxhb:course></extensions></trkpt><trkpt lat="23.083422992412974" lon="120.82930949417718"><ele>2738.2719583416556</ele><time>2022-11-20T01:54:55Z</time><src>Hikingbook</src><extensions><gpxhb:speed>0.619445</gpxhb:speed><gpxhb:course>96.909401</gpxhb:course></extensions></trkpt><trkpt lat="23.08342221656447" lon="120.83001621694908"><ele>2762.4478021556774</ele><time>2022-11-20T01:58:40Z</time><src>Hikingbook</src><extensions><gpxhb:speed>0.000000</gpxhb:speed><gpxhb:course>58.471544</gpxhb:course></extensions></trkpt><trkpt lat="23.083277151740617" lon="120.83027369525236"><ele>2773.1369470831028</ele><time>2022-11-20T02:00:21Z</time><src>Hikingbook</src><extensions><gpxhb:speed>0.000000</gpxhb:speed><gpxhb:course>83.208996</gpxhb:course></extensions></trkpt><trkpt lat="23.08328143958186" lon="120.83073113926922"><ele>2786.5758997573016</ele><time>2022-11-20T02:02:19Z</time><src>Hikingbook</src><extensions><gpxhb:speed>0.812305</gpxhb:speed><gpxhb:course>127.413225</gpxhb:course></extensions></trkpt><trkpt lat="23.083128184802398" lon="120.83108729355024"><ele>2790.630435671338</ele><time>2022-11-20T02:03:09Z</time><src>Hikingbook</src><extensions><gpxhb:speed>0.569508</gpxhb:speed><gpxhb:course>125.471694</gpxhb:course></extensions></trkpt><trkpt lat="23.083151936253053" lon="120.8312488688942"><ele>2792.224960771377</ele><time>2022-11-20T02:03:38Z</time><src>Hikingbook</src><extensions><gpxhb:speed>0.421713</gpxhb:speed><gpxhb:course>119.124891</gpxhb:course></extensions></trkpt><trkpt lat="23.083087795966428" lon="120.83161213405377"><ele>2793.2052621742682</ele><time>2022-11-20T02:04:27Z</time><src>Hikingbook</src><extensions><gpxhb:speed>0.657855</gpxhb:speed><gpxhb:course>83.658402</gpxhb:course></extensions></trkpt><trkpt lat="23.08313889604124" lon="120.83234448885817"><ele>2806.4022775696153</ele><time>2022-11-20T02:06:39Z</time><src>Hikingbook</src><extensions><gpxhb:speed>0.977276</gpxhb:speed><gpxhb:course>345.826204</gpxhb:course></extensions></trkpt><trkpt lat="23.08343996268152" lon="120.83236107503707"><ele>2815.0611959349876</ele><time>2022-11-20T02:07:46Z</time><src>Hikingbook</src><extensions><gpxhb:speed>0.000000</gpxhb:speed><gpxhb:course>30.711493</gpxhb:course></extensions></trkpt><trkpt lat="23.083414818616554" lon="120.83254339455999"><ele>2820.1801933105876</ele><time>2022-11-20T02:15:04Z</time><src>Hikingbook</src><extensions><gpxhb:speed>0.000000</gpxhb:speed><gpxhb:course>-1.000000</gpxhb:course></extensions></trkpt><trkpt lat="23.083468272199358" lon="120.83235265362673"><ele>2818.1664981080467</ele><time>2022-11-20T02:18:41Z</time><src>Hikingbook</src><extensions><gpxhb:speed>0.898800</gpxhb:speed><gpxhb:course>340.131097</gpxhb:course></extensions></trkpt><trkpt lat="23.083422159711645" lon="120.83254907522989"><ele>2818.2624403073487</ele><time>2022-11-20T02:23:10Z</time><src>Hikingbook</src><extensions><gpxhb:speed>0.558849</gpxhb:speed><gpxhb:course>81.411043</gpxhb:course></extensions></trkpt><trkpt lat="23.08332033500835" lon="120.83209816139232"><ele>2780.861739519447</ele><time>2022-11-20T02:30:05Z</time><src>Hikingbook</src><extensions><gpxhb:speed>2.000000</gpxhb:speed><gpxhb:course>116.718750</gpxhb:course></extensions></trkpt><trkpt lat="23.082502146899355" lon="120.8325019040124"><ele>2796.655227890144</ele><time>2022-11-20T02:38:16Z</time><src>Hikingbook</src><extensions><gpxhb:speed>8.580000</gpxhb:speed><gpxhb:course>155.039062</gpxhb:course></extensions></trkpt><trkpt lat="23.083105355334794" lon="120.83223548710035"><ele>2805.8775803472117</ele><time>2022-11-20T02:38:31Z</time><src>Hikingbook</src><extensions><gpxhb:speed>0.970000</gpxhb:speed><gpxhb:course>271.757809</gpxhb:course></extensions></trkpt><trkpt lat="23.08307158332283" lon="120.83107882482545"><ele>2788.986853032693</ele><time>2022-11-20T02:40:37Z</time><src>Hikingbook</src><extensions><gpxhb:speed>0.440000</gpxhb:speed><gpxhb:course>295.664062</gpxhb:course></extensions></trkpt><trkpt lat="23.08312912105595" lon="120.83110794972897"><ele>2792.9874759037803</ele><time>2022-11-20T02:40:48Z</time><src>Hikingbook</src><extensions><gpxhb:speed>1.060000</gpxhb:speed><gpxhb:course>241.875000</gpxhb:course></extensions></trkpt><trkpt lat="23.083214050573087" lon="120.83085028669993"><ele>2791.557014159379</ele><time>2022-11-20T02:41:16Z</time><src>Hikingbook</src><extensions><gpxhb:speed>1.377812</gpxhb:speed><gpxhb:course>286.846678</gpxhb:course></extensions></trkpt><trkpt lat="23.08332636553697" lon="120.83012740257308"><ele>2773.6122322138085</ele><time>2022-11-20T02:43:16Z</time><src>Hikingbook</src><extensions><gpxhb:speed>0.963782</gpxhb:speed><gpxhb:course>295.670941</gpxhb:course></extensions></trkpt><trkpt lat="23.083395934054547" lon="120.82969785451941"><ele>2756.419594005849</ele><time>2022-11-20T02:44:57Z</time><src>Hikingbook</src><extensions><gpxhb:speed>0.000000</gpxhb:speed><gpxhb:course>317.103920</gpxhb:course></extensions></trkpt><trkpt lat="23.0832459768489" lon="120.82913964363756"><ele>2737.3741319437345</ele><time>2022-11-20T02:46:27Z</time><src>Hikingbook</src><extensions><gpxhb:speed>0.830779</gpxhb:speed><gpxhb:course>275.619614</gpxhb:course></extensions></trkpt><trkpt lat="23.08326964022265" lon="120.82881918942086"><ele>2714.140866969257</ele><time>2022-11-20T02:47:05Z</time><src>Hikingbook</src><extensions><gpxhb:speed>1.016727</gpxhb:speed><gpxhb:course>192.032674</gpxhb:course></extensions></trkpt><trkpt lat="23.08313895529779" lon="120.82870161947899"><ele>2715.288501222134</ele><time>2022-11-20T02:47:37Z</time><src>Hikingbook</src><extensions><gpxhb:speed>0.456436</gpxhb:speed><gpxhb:course>266.686054</gpxhb:course></extensions></trkpt><trkpt lat="23.08306571017828" lon="120.82816856999769"><ele>2688.901050076852</ele><time>2022-11-20T02:49:18Z</time><src>Hikingbook</src><extensions><gpxhb:speed>0.740826</gpxhb:speed><gpxhb:course>267.833171</gpxhb:course></extensions></trkpt><trkpt lat="23.0828902545913" lon="120.82790454471554"><ele>2669.320890082453</ele><time>2022-11-20T02:50:44Z</time><src>Hikingbook</src><extensions><gpxhb:speed>0.533083</gpxhb:speed><gpxhb:course>276.622540</gpxhb:course></extensions></trkpt><trkpt lat="23.08288824822679" lon="120.82720842447141"><ele>2652.0331470187984</ele><time>2022-11-20T02:52:34Z</time><src>Hikingbook</src><extensions><gpxhb:speed>0.512710</gpxhb:speed><gpxhb:course>262.925884</gpxhb:course></extensions></trkpt><trkpt lat="23.083004704973312" lon="120.82689883747827"><ele>2644.527260128368</ele><time>2022-11-20T02:53:29Z</time><src>Hikingbook</src><extensions><gpxhb:speed>0.678900</gpxhb:speed><gpxhb:course>277.871396</gpxhb:course></extensions></trkpt><trkpt lat="23.0831646789336" lon="120.8268131219407"><ele>2645.8833169983213</ele><time>2022-11-20T02:54:01Z</time><src>Hikingbook</src><extensions><gpxhb:speed>0.395802</gpxhb:speed><gpxhb:course>305.636005</gpxhb:course></extensions></trkpt><trkpt lat="23.083102937019056" lon="120.82625179462953"><ele>2626.2233647182984</ele><time>2022-11-20T02:55:43Z</time><src>Hikingbook</src><extensions><gpxhb:speed>0.746455</gpxhb:speed><gpxhb:course>258.355699</gpxhb:course></extensions></trkpt><trkpt lat="23.08305849069199" lon="120.82606788127656"><ele>2620.197596761789</ele><time>2022-11-20T02:56:15Z</time><src>Hikingbook</src><extensions><gpxhb:speed>0.638936</gpxhb:speed><gpxhb:course>267.590336</gpxhb:course></extensions></trkpt><trkpt lat="23.083178952869705" lon="120.82578240345131"><ele>2606.1482583577726</ele><time>2022-11-20T02:57:07Z</time><src>Hikingbook</src><extensions><gpxhb:speed>0.708785</gpxhb:speed><gpxhb:course>273.055692</gpxhb:course></extensions></trkpt><trkpt lat="23.083104296248973" lon="120.82541705830607"><ele>2593.988040711774</ele><time>2022-11-20T02:58:14Z</time><src>Hikingbook</src><extensions><gpxhb:speed>0.709521</gpxhb:speed><gpxhb:course>301.449790</gpxhb:course></extensions></trkpt><trkpt lat="23.083191553055354" lon="120.8252017924691"><ele>2587.188679254327</ele><time>2022-11-20T02:59:04Z</time><src>Hikingbook</src><extensions><gpxhb:speed>0.000000</gpxhb:speed><gpxhb:course>1.902791</gpxhb:course></extensions></trkpt><trkpt lat="23.083646158937807" lon="120.82468486445383"><ele>2583.3860230837395</ele><time>2022-11-20T03:00:34Z</time><src>Hikingbook</src><extensions><gpxhb:speed>0.902850</gpxhb:speed><gpxhb:course>295.674024</gpxhb:course></extensions></trkpt><trkpt lat="23.083980583145387" lon="120.82445461988577"><ele>2583.1555810775512</ele><time>2022-11-20T03:01:22Z</time><src>Hikingbook</src><extensions><gpxhb:speed>0.890631</gpxhb:speed><gpxhb:course>338.446770</gpxhb:course></extensions></trkpt><trkpt lat="23.084294492791024" lon="120.82435709352978"><ele>2581.475150366499</ele><time>2022-11-20T03:02:12Z</time><src>Hikingbook</src><extensions><gpxhb:speed>0.000000</gpxhb:speed><gpxhb:course>-1.000000</gpxhb:course></extensions></trkpt><trkpt lat="23.084507810855538" lon="120.82408971943124"><ele>2572.435942158248</ele><time>2022-11-20T03:02:56Z</time><src>Hikingbook</src><extensions><gpxhb:speed>0.390880</gpxhb:speed><gpxhb:course>321.262547</gpxhb:course></extensions></trkpt><trkpt lat="23.08452917884738" lon="120.8236662049234"><ele>2552.143299296241</ele><time>2022-11-20T03:04:34Z</time><src>Hikingbook</src><extensions><gpxhb:speed>0.389529</gpxhb:speed><gpxhb:course>274.408305</gpxhb:course></extensions></trkpt><trkpt lat="23.084704259625568" lon="120.8228761996329"><ele>2528.5716723207647</ele><time>2022-11-20T03:06:20Z</time><src>Hikingbook</src><extensions><gpxhb:speed>0.431570</gpxhb:speed><gpxhb:course>290.729094</gpxhb:course></extensions></trkpt><trkpt lat="23.08460351849123" lon="120.82269205334639"><ele>2516.1772945698785</ele><time>2022-11-20T03:07:12Z</time><src>Hikingbook</src><extensions><gpxhb:speed>0.000000</gpxhb:speed><gpxhb:course>158.516070</gpxhb:course></extensions></trkpt><trkpt lat="23.084741092629763" lon="120.82233681699101"><ele>2501.891970052647</ele><time>2022-11-20T03:08:17Z</time><src>Hikingbook</src><extensions><gpxhb:speed>0.482619</gpxhb:speed><gpxhb:course>282.600204</gpxhb:course></extensions></trkpt><trkpt lat="23.084737138527387" lon="120.82171200257062"><ele>2477.4577806446637</ele><time>2022-11-20T03:10:18Z</time><src>Hikingbook</src><extensions><gpxhb:speed>0.844942</gpxhb:speed><gpxhb:course>254.845806</gpxhb:course></extensions></trkpt><trkpt lat="23.084724592152295" lon="120.82147270105744"><ele>2466.3922252299812</ele><time>2022-11-20T03:10:54Z</time><src>Hikingbook</src><extensions><gpxhb:speed>0.898277</gpxhb:speed><gpxhb:course>314.010230</gpxhb:course></extensions></trkpt><trkpt lat="23.08490153010066" lon="120.82117674857793"><ele>2457.326608830083</ele><time>2022-11-20T03:12:38Z</time><src>Hikingbook</src><extensions><gpxhb:speed>0.000000</gpxhb:speed><gpxhb:course>268.300303</gpxhb:course></extensions></trkpt><trkpt lat="23.08494482808299" lon="120.82125495098775"><ele>2456.0896507227317</ele><time>2022-11-20T03:17:20Z</time><src>Hikingbook</src><extensions><gpxhb:speed>0.000000</gpxhb:speed><gpxhb:course>299.228328</gpxhb:course></extensions></trkpt><trkpt lat="23.08482076851703" lon="120.82128077108958"><ele>2458.673550614296</ele><time>2022-11-20T03:19:08Z</time><src>Hikingbook</src><extensions><gpxhb:speed>0.000000</gpxhb:speed><gpxhb:course>193.323734</gpxhb:course></extensions></trkpt><trkpt lat="23.0848151054167" lon="120.82120258964528"><ele>2457.2649482825327</ele><time>2022-11-20T03:19:54Z</time><src>Hikingbook</src><extensions><gpxhb:speed>0.000000</gpxhb:speed><gpxhb:course>193.323679</gpxhb:course></extensions></trkpt><trkpt lat="23.08507917177579" lon="120.82115728043793"><ele>2465.835804248919</ele><time>2022-11-20T03:22:12Z</time><src>Hikingbook</src><extensions><gpxhb:speed>0.601445</gpxhb:speed><gpxhb:course>302.782311</gpxhb:course></extensions></trkpt><trkpt lat="23.08527392720873" lon="120.82100864520977"><ele>2471.9854508497233</ele><time>2022-11-20T03:23:22Z</time><src>Hikingbook</src><extensions><gpxhb:speed>0.000000</gpxhb:speed><gpxhb:course>347.968437</gpxhb:course></extensions></trkpt><trkpt lat="23.085173610298376" lon="120.82085647276385"><ele>2467.023298528008</ele><time>2022-11-20T03:24:42Z</time><src>Hikingbook</src><extensions><gpxhb:speed>0.933131</gpxhb:speed><gpxhb:course>223.851234</gpxhb:course></extensions></trkpt><trkpt lat="23.0850428134009" lon="120.82071322756377"><ele>2472.15237213583</ele><time>2022-11-20T03:25:10Z</time><src>Hikingbook</src><extensions><gpxhb:speed>0.598566</gpxhb:speed><gpxhb:course>297.023729</gpxhb:course></extensions></trkpt><trkpt lat="23.085321967697478" lon="120.82022470203749"><ele>2478.761386082079</ele><time>2022-11-20T03:26:42Z</time><src>Hikingbook</src><extensions><gpxhb:speed>0.816471</gpxhb:speed><gpxhb:course>284.697410</gpxhb:course></extensions></trkpt><trkpt lat="23.085210364064206" lon="120.81987810335194"><ele>2478.179624813595</ele><time>2022-11-20T03:27:38Z</time><src>Hikingbook</src><extensions><gpxhb:speed>0.569001</gpxhb:speed><gpxhb:course>251.456127</gpxhb:course></extensions></trkpt><trkpt lat="23.085214131058642" lon="120.8195027208076"><ele>2469.9036862827957</ele><time>2022-11-20T03:29:45Z</time><src>Hikingbook</src><extensions><gpxhb:speed>0.000000</gpxhb:speed><gpxhb:course>329.521809</gpxhb:course></extensions></trkpt><trkpt lat="23.085119266755672" lon="120.81934797952256"><ele>2461.4576703023195</ele><time>2022-11-20T03:30:51Z</time><src>Hikingbook</src><extensions><gpxhb:speed>0.000000</gpxhb:speed><gpxhb:course>215.195174</gpxhb:course></extensions></trkpt><trkpt lat="23.085002227061906" lon="120.81853773493215"><ele>2441.2266287968573</ele><time>2022-11-20T03:33:31Z</time><src>Hikingbook</src><extensions><gpxhb:speed>0.000000</gpxhb:speed><gpxhb:course>256.902392</gpxhb:course></extensions></trkpt><trkpt lat="23.084961206207375" lon="120.81831968549992"><ele>2426.8139926855724</ele><time>2022-11-20T03:34:47Z</time><src>Hikingbook</src><extensions><gpxhb:speed>0.542374</gpxhb:speed><gpxhb:course>252.103294</gpxhb:course></extensions></trkpt><trkpt lat="23.085144409517486" lon="120.81800436465622"><ele>2424.2372769240424</ele><time>2022-11-20T03:35:34Z</time><src>Hikingbook</src><extensions><gpxhb:speed>1.390112</gpxhb:speed><gpxhb:course>299.610004</gpxhb:course></extensions></trkpt><trkpt lat="23.08521045939935" lon="120.81757798714601"><ele>2423.746892582021</ele><time>2022-11-20T03:36:08Z</time><src>Hikingbook</src><extensions><gpxhb:speed>1.682016</gpxhb:speed><gpxhb:course>305.984489</gpxhb:course></extensions></trkpt><trkpt lat="23.085365898019433" lon="120.81687352681142"><ele>2410.4662848408952</ele><time>2022-11-20T03:37:12Z</time><src>Hikingbook</src><extensions><gpxhb:speed>0.954711</gpxhb:speed><gpxhb:course>303.126940</gpxhb:course></extensions></trkpt><trkpt lat="23.085513589534795" lon="120.8166482111625"><ele>2405.56091383161</ele><time>2022-11-20T03:37:29Z</time><src>Hikingbook</src><extensions><gpxhb:speed>1.718522</gpxhb:speed><gpxhb:course>329.953581</gpxhb:course></extensions></trkpt><trkpt lat="23.085719931533614" lon="120.81582730393096"><ele>2399.2672227308876</ele><time>2022-11-20T03:38:42Z</time><src>Hikingbook</src><extensions><gpxhb:speed>1.158639</gpxhb:speed><gpxhb:course>292.754540</gpxhb:course></extensions></trkpt><trkpt lat="23.085904016325866" lon="120.81546828517436"><ele>2400.380764793662</ele><time>2022-11-20T03:39:12Z</time><src>Hikingbook</src><extensions><gpxhb:speed>1.793060</gpxhb:speed><gpxhb:course>309.289062</gpxhb:course></extensions></trkpt><trkpt lat="23.085976574716593" lon="120.81526182365371"><ele>2392.7326349497166</ele><time>2022-11-20T03:39:30Z</time><src>Hikingbook</src><extensions><gpxhb:speed>1.700370</gpxhb:speed><gpxhb:course>286.117914</gpxhb:course></extensions></trkpt><trkpt lat="23.085848339801327" lon="120.81449198033967"><ele>2388.6518781604545</ele><time>2022-11-20T03:40:54Z</time><src>Hikingbook</src><extensions><gpxhb:speed>0.820672</gpxhb:speed><gpxhb:course>253.506022</gpxhb:course></extensions></trkpt><trkpt lat="23.085939806793743" lon="120.81338993594157"><ele>2375.999627849143</ele><time>2022-11-20T03:43:17Z</time><src>Hikingbook</src><extensions><gpxhb:speed>0.843187</gpxhb:speed><gpxhb:course>282.169787</gpxhb:course></extensions></trkpt><trkpt lat="23.085882978727938" lon="120.81327337789037"><ele>2373.9060136817825</ele><time>2022-11-20T03:43:29Z</time><src>Hikingbook</src><extensions><gpxhb:speed>1.109419</gpxhb:speed><gpxhb:course>229.975778</gpxhb:course></extensions></trkpt><trkpt lat="23.08573951439" lon="120.8123980336538"><ele>2363.0066022637525</ele><time>2022-11-20T03:45:00Z</time><src>Hikingbook</src><extensions><gpxhb:speed>0.876535</gpxhb:speed><gpxhb:course>260.358527</gpxhb:course></extensions></trkpt><trkpt lat="23.085784586819035" lon="120.81218663246501"><ele>2364.1184575418674</ele><time>2022-11-20T03:45:20Z</time><src>Hikingbook</src><extensions><gpxhb:speed>0.633193</gpxhb:speed><gpxhb:course>314.662210</gpxhb:course></extensions></trkpt><trkpt lat="23.085728091406143" lon="120.81186272709344"><ele>2362.8650724167614</ele><time>2022-11-20T03:45:55Z</time><src>Hikingbook</src><extensions><gpxhb:speed>0.584730</gpxhb:speed><gpxhb:course>239.607415</gpxhb:course></extensions></trkpt><trkpt lat="23.08579534704245" lon="120.81157795924017"><ele>2357.9812703842076</ele><time>2022-11-20T03:46:21Z</time><src>Hikingbook</src><extensions><gpxhb:speed>1.371402</gpxhb:speed><gpxhb:course>263.647060</gpxhb:course></extensions></trkpt><trkpt lat="23.08562798812814" lon="120.81121854585687"><ele>2354.1953625661718</ele><time>2022-11-20T03:47:05Z</time><src>Hikingbook</src><extensions><gpxhb:speed>1.088847</gpxhb:speed><gpxhb:course>245.951067</gpxhb:course></extensions></trkpt><trkpt lat="23.08546641193651" lon="120.81091027589862"><ele>2353.678957152609</ele><time>2022-11-20T03:47:37Z</time><src>Hikingbook</src><extensions><gpxhb:speed>0.867719</gpxhb:speed><gpxhb:course>255.228146</gpxhb:course></extensions></trkpt><trkpt lat="23.085397136508803" lon="120.81025550394821"><ele>2342.2265602343414</ele><time>2022-11-20T03:48:45Z</time><src>Hikingbook</src><extensions><gpxhb:speed>0.918893</gpxhb:speed><gpxhb:course>245.416237</gpxhb:course></extensions></trkpt><trkpt lat="23.085237267186752" lon="120.80992720813023"><ele>2341.9831032845887</ele><time>2022-11-20T03:49:17Z</time><src>Hikingbook</src><extensions><gpxhb:speed>0.914351</gpxhb:speed><gpxhb:course>253.440604</gpxhb:course></extensions></trkpt><trkpt lat="23.085192910194618" lon="120.80928831495588"><ele>2333.8101949483403</ele><time>2022-11-20T03:50:13Z</time><src>Hikingbook</src><extensions><gpxhb:speed>0.608278</gpxhb:speed><gpxhb:course>278.866879</gpxhb:course></extensions></trkpt><trkpt lat="23.08536329412352" lon="120.80849292773361"><ele>2324.4806458241565</ele><time>2022-11-20T03:51:32Z</time><src>Hikingbook</src><extensions><gpxhb:speed>1.272183</gpxhb:speed><gpxhb:course>279.146852</gpxhb:course></extensions></trkpt><trkpt lat="23.085329797666564" lon="120.80829889171434"><ele>2323.681806917277</ele><time>2022-11-20T03:51:53Z</time><src>Hikingbook</src><extensions><gpxhb:speed>0.430825</gpxhb:speed><gpxhb:course>252.856796</gpxhb:course></extensions></trkpt><trkpt lat="23.08528535189168" lon="120.80796324739543"><ele>2323.1228058028514</ele><time>2022-11-20T03:52:22Z</time><src>Hikingbook</src><extensions><gpxhb:speed>1.022697</gpxhb:speed><gpxhb:course>277.375069</gpxhb:course></extensions></trkpt><trkpt lat="23.085430072553397" lon="120.80731782702233"><ele>2312.4378938626623</ele><time>2022-11-20T03:53:22Z</time><src>Hikingbook</src><extensions><gpxhb:speed>1.149754</gpxhb:speed><gpxhb:course>268.722556</gpxhb:course></extensions></trkpt><trkpt lat="23.085507434314007" lon="120.80705640216047"><ele>2308.4856241263356</ele><time>2022-11-20T03:53:47Z</time><src>Hikingbook</src><extensions><gpxhb:speed>1.427654</gpxhb:speed><gpxhb:course>260.853527</gpxhb:course></extensions></trkpt><trkpt lat="23.085459710839462" lon="120.80685286203656"><ele>2308.278832681431</ele><time>2022-11-20T03:54:05Z</time><src>Hikingbook</src><extensions><gpxhb:speed>1.653004</gpxhb:speed><gpxhb:course>298.349219</gpxhb:course></extensions></trkpt><trkpt lat="23.08567659741508" lon="120.80637789674944"><ele>2315.5279313572855</ele><time>2022-11-20T03:54:52Z</time><src>Hikingbook</src><extensions><gpxhb:speed>0.754666</gpxhb:speed><gpxhb:course>268.511494</gpxhb:course></extensions></trkpt><trkpt lat="23.085612672952294" lon="120.80592155118418"><ele>2306.1972492074024</ele><time>2022-11-20T03:55:49Z</time><src>Hikingbook</src><extensions><gpxhb:speed>0.683049</gpxhb:speed><gpxhb:course>258.221612</gpxhb:course></extensions></trkpt><trkpt lat="23.085221814438096" lon="120.80552981171415"><ele>2299.1783946268642</ele><time>2022-11-20T03:56:58Z</time><src>Hikingbook</src><extensions><gpxhb:speed>1.034638</gpxhb:speed><gpxhb:course>231.764579</gpxhb:course></extensions></trkpt><trkpt lat="23.08515540728158" lon="120.80540631543987"><ele>2293.6547987140216</ele><time>2022-11-20T03:57:10Z</time><src>Hikingbook</src><extensions><gpxhb:speed>0.881554</gpxhb:speed><gpxhb:course>239.335618</gpxhb:course></extensions></trkpt><trkpt lat="23.08522366229742" lon="120.80488548042773"><ele>2293.8317171820604</ele><time>2022-11-20T03:59:01Z</time><src>Hikingbook</src><extensions><gpxhb:speed>0.663357</gpxhb:speed><gpxhb:course>290.226255</gpxhb:course></extensions></trkpt><trkpt lat="23.085089597864613" lon="120.8047441267443"><ele>2286.5649636338417</ele><time>2022-11-20T03:59:29Z</time><src>Hikingbook</src><extensions><gpxhb:speed>0.859514</gpxhb:speed><gpxhb:course>239.145732</gpxhb:course></extensions></trkpt><trkpt lat="23.085108815965896" lon="120.80454454501069"><ele>2283.924480824435</ele><time>2022-11-20T03:59:45Z</time><src>Hikingbook</src><extensions><gpxhb:speed>0.939874</gpxhb:speed><gpxhb:course>278.865847</gpxhb:course></extensions></trkpt><trkpt lat="23.085162864965195" lon="120.80432742322134"><ele>2283.475836875815</ele><time>2022-11-20T04:00:09Z</time><src>Hikingbook</src><extensions><gpxhb:speed>0.605969</gpxhb:speed><gpxhb:course>247.780694</gpxhb:course></extensions></trkpt><trkpt lat="23.085015688932703" lon="120.80420582268331"><ele>2278.9866178504135</ele><time>2022-11-20T04:00:34Z</time><src>Hikingbook</src><extensions><gpxhb:speed>1.075728</gpxhb:speed><gpxhb:course>276.959696</gpxhb:course></extensions></trkpt><trkpt lat="23.085129593667606" lon="120.8040424602648"><ele>2274.8606514928856</ele><time>2022-11-20T04:00:48Z</time><src>Hikingbook</src><extensions><gpxhb:speed>0.000000</gpxhb:speed><gpxhb:course>319.097289</gpxhb:course></extensions></trkpt><trkpt lat="23.085282978725772" lon="120.8040812652316"><ele>2278.9512728353375</ele><time>2022-11-20T04:01:28Z</time><src>Hikingbook</src><extensions><gpxhb:speed>0.000000</gpxhb:speed><gpxhb:course>60.933212</gpxhb:course></extensions></trkpt><trkpt lat="23.085804379685158" lon="120.80392238189273"><ele>2301.693564388127</ele><time>2022-11-20T04:06:06Z</time><src>Hikingbook</src><extensions><gpxhb:speed>1.067569</gpxhb:speed><gpxhb:course>319.492604</gpxhb:course></extensions></trkpt><trkpt lat="23.08609964676697" lon="120.80357821250284"><ele>2302.2973140831623</ele><time>2022-11-20T04:08:10Z</time><src>Hikingbook</src><extensions><gpxhb:speed>0.610362</gpxhb:speed><gpxhb:course>303.541560</gpxhb:course></extensions></trkpt><trkpt lat="23.0862233990972" lon="120.80305128528605"><ele>2291.4137129695105</ele><time>2022-11-20T04:10:22Z</time><src>Hikingbook</src><extensions><gpxhb:speed>0.000000</gpxhb:speed><gpxhb:course>295.992166</gpxhb:course></extensions></trkpt><trkpt lat="23.086271722190297" lon="120.80276074745385"><ele>2280.867244414591</ele><time>2022-11-20T04:11:44Z</time><src>Hikingbook</src><extensions><gpxhb:speed>0.792415</gpxhb:speed><gpxhb:course>302.212761</gpxhb:course></extensions></trkpt><trkpt lat="23.086862825308177" lon="120.80236094693512"><ele>2288.262506694156</ele><time>2022-11-20T04:13:19Z</time><src>Hikingbook</src><extensions><gpxhb:speed>0.472751</gpxhb:speed><gpxhb:course>0.506495</gpxhb:course></extensions></trkpt><trkpt lat="23.087816480303367" lon="120.80208462181461"><ele>2299.645102556902</ele><time>2022-11-20T04:15:35Z</time><src>Hikingbook</src><extensions><gpxhb:speed>1.147314</gpxhb:speed><gpxhb:course>0.529383</gpxhb:course></extensions></trkpt><trkpt lat="23.08832359358843" lon="120.8018344003738"><ele>2303.5547858146524</ele><time>2022-11-20T04:16:41Z</time><src>Hikingbook</src><extensions><gpxhb:speed>1.086267</gpxhb:speed><gpxhb:course>328.060082</gpxhb:course></extensions></trkpt><trkpt lat="23.088446818947574" lon="120.80144596916145"><ele>2304.940107677223</ele><time>2022-11-20T04:17:41Z</time><src>Hikingbook</src><extensions><gpxhb:speed>0.911763</gpxhb:speed><gpxhb:course>306.488557</gpxhb:course></extensions></trkpt><trkpt lat="23.088779474150204" lon="120.80098238253642"><ele>2304.8876689326844</ele><time>2022-11-20T04:18:48Z</time><src>Hikingbook</src><extensions><gpxhb:speed>0.868548</gpxhb:speed><gpxhb:course>293.859845</gpxhb:course></extensions></trkpt><trkpt lat="23.088997067657967" lon="120.80052429894938"><ele>2305.85146330656</ele><time>2022-11-20T04:19:37Z</time><src>Hikingbook</src><extensions><gpxhb:speed>1.059168</gpxhb:speed><gpxhb:course>263.188864</gpxhb:course></extensions></trkpt><trkpt lat="23.08887108728703" lon="120.80029249909092"><ele>2299.778608360576</ele><time>2022-11-20T04:20:08Z</time><src>Hikingbook</src><extensions><gpxhb:speed>0.602339</gpxhb:speed><gpxhb:course>269.214230</gpxhb:course></extensions></trkpt><trkpt lat="23.088894228423463" lon="120.80000258804833"><ele>2296.159763024265</ele><time>2022-11-20T04:20:48Z</time><src>Hikingbook</src><extensions><gpxhb:speed>1.083445</gpxhb:speed><gpxhb:course>275.315623</gpxhb:course></extensions></trkpt><trkpt lat="23.088982599689867" lon="120.79960840230108"><ele>2298.3469694324253</ele><time>2022-11-20T04:21:40Z</time><src>Hikingbook</src><extensions><gpxhb:speed>0.838427</gpxhb:speed><gpxhb:course>284.440035</gpxhb:course></extensions></trkpt><trkpt lat="23.088929373937013" lon="120.79933190887886"><ele>2292.270262748173</ele><time>2022-11-20T04:22:12Z</time><src>Hikingbook</src><extensions><gpxhb:speed>0.803550</gpxhb:speed><gpxhb:course>289.599365</gpxhb:course></extensions></trkpt><trkpt lat="23.089193078041436" lon="120.79920130255474"><ele>2291.000071618349</ele><time>2022-11-20T04:22:43Z</time><src>Hikingbook</src><extensions><gpxhb:speed>0.846289</gpxhb:speed><gpxhb:course>36.753653</gpxhb:course></extensions></trkpt><trkpt lat="23.089314528702342" lon="120.79929048681046"><ele>2293.24440674837</ele><time>2022-11-20T04:22:57Z</time><src>Hikingbook</src><extensions><gpxhb:speed>0.632063</gpxhb:speed><gpxhb:course>2.593574</gpxhb:course></extensions></trkpt><trkpt lat="23.089424241592045" lon="120.79918859305344"><ele>2295.81763592723</ele><time>2022-11-20T04:23:13Z</time><src>Hikingbook</src><extensions><gpxhb:speed>1.190112</gpxhb:speed><gpxhb:course>321.191517</gpxhb:course></extensions></trkpt><trkpt lat="23.089645406336654" lon="120.79906281296421"><ele>2291.903260783005</ele><time>2022-11-20T04:23:53Z</time><src>Hikingbook</src><extensions><gpxhb:speed>1.011926</gpxhb:speed><gpxhb:course>353.898803</gpxhb:course></extensions></trkpt><trkpt lat="23.08983407624604" lon="120.7983125714764"><ele>2283.1077609853937</ele><time>2022-11-20T04:25:44Z</time><src>Hikingbook</src><extensions><gpxhb:speed>0.932460</gpxhb:speed><gpxhb:course>278.245364</gpxhb:course></extensions></trkpt><trkpt lat="23.090079563078696" lon="120.79786772429811"><ele>2274.017687873572</ele><time>2022-11-20T04:26:28Z</time><src>Hikingbook</src><extensions><gpxhb:speed>1.176756</gpxhb:speed><gpxhb:course>338.222218</gpxhb:course></extensions></trkpt><trkpt lat="23.090420785990723" lon="120.79790599585644"><ele>2276.468961450031</ele><time>2022-11-20T04:27:02Z</time><src>Hikingbook</src><extensions><gpxhb:speed>0.967519</gpxhb:speed><gpxhb:course>12.886940</gpxhb:course></extensions></trkpt><trkpt lat="23.090572406690768" lon="120.79775102289928"><ele>2281.34742671861</ele><time>2022-11-20T04:27:20Z</time><src>Hikingbook</src><extensions><gpxhb:speed>1.453598</gpxhb:speed><gpxhb:course>303.798863</gpxhb:course></extensions></trkpt><trkpt lat="23.0908784861971" lon="120.79722888603231"><ele>2263.7721456280988</ele><time>2022-11-20T04:28:01Z</time><src>Hikingbook</src><extensions><gpxhb:speed>1.172523</gpxhb:speed><gpxhb:course>333.840652</gpxhb:course></extensions></trkpt><trkpt lat="23.091015673846766" lon="120.79720184923694"><ele>2265.0820301529243</ele><time>2022-11-20T04:28:30Z</time><src>Hikingbook</src><extensions><gpxhb:speed>0.000000</gpxhb:speed><gpxhb:course>350.518774</gpxhb:course></extensions></trkpt><trkpt lat="23.091013090983502" lon="120.7972768378822"><ele>2260.2519495109836</ele><time>2022-11-20T04:35:24Z</time><src>Hikingbook</src><extensions><gpxhb:speed>0.000000</gpxhb:speed><gpxhb:course>306.200193</gpxhb:course></extensions></trkpt><trkpt lat="23.09097626034527" lon="120.7968764883491"><ele>2238.838543144707</ele><time>2022-11-20T04:47:24Z</time><src>Hikingbook</src><extensions><gpxhb:speed>0.000000</gpxhb:speed><gpxhb:course>262.491827</gpxhb:course></extensions></trkpt><trkpt lat="23.091082306808598" lon="120.79631022099542"><ele>2223.3034119457443</ele><time>2022-11-20T04:49:02Z</time><src>Hikingbook</src><extensions><gpxhb:speed>1.112856</gpxhb:speed><gpxhb:course>306.300782</gpxhb:course></extensions></trkpt><trkpt lat="23.091305957650686" lon="120.79593470671144"><ele>2223.2661508632355</ele><time>2022-11-20T04:49:36Z</time><src>Hikingbook</src><extensions><gpxhb:speed>0.737716</gpxhb:speed><gpxhb:course>317.118039</gpxhb:course></extensions></trkpt><trkpt lat="23.09142190729681" lon="120.7957566340671"><ele>2214.198971062232</ele><time>2022-11-20T04:50:08Z</time><src>Hikingbook</src><extensions><gpxhb:speed>0.537896</gpxhb:speed><gpxhb:course>334.608567</gpxhb:course></extensions></trkpt><trkpt lat="23.09139277869983" lon="120.79556735301698"><ele>2205.8875679658213</ele><time>2022-11-20T04:50:51Z</time><src>Hikingbook</src><extensions><gpxhb:speed>0.000000</gpxhb:speed><gpxhb:course>254.707137</gpxhb:course></extensions></trkpt><trkpt lat="23.09107214067896" lon="120.79563196488962"><ele>2199.7024920996987</ele><time>2022-11-20T04:51:53Z</time><src>Hikingbook</src><extensions><gpxhb:speed>0.000000</gpxhb:speed><gpxhb:course>-1.000000</gpxhb:course></extensions></trkpt><trkpt lat="23.09112600390986" lon="120.79517279331574"><ele>2179.602119585757</ele><time>2022-11-20T04:53:12Z</time><src>Hikingbook</src><extensions><gpxhb:speed>0.000000</gpxhb:speed><gpxhb:course>296.181913</gpxhb:course></extensions></trkpt><trkpt lat="23.090973122843277" lon="120.79502461700349"><ele>2171.597046399027</ele><time>2022-11-20T04:54:11Z</time><src>Hikingbook</src><extensions><gpxhb:speed>0.539582</gpxhb:speed><gpxhb:course>162.538057</gpxhb:course></extensions></trkpt><trkpt lat="23.090900927167045" lon="120.79458931560757"><ele>2130.945252517261</ele><time>2022-11-20T04:56:21Z</time><src>Hikingbook</src><extensions><gpxhb:speed>0.910019</gpxhb:speed><gpxhb:course>273.690669</gpxhb:course></extensions></trkpt><trkpt lat="23.090663123038873" lon="120.79410251230588"><ele>2103.849358255584</ele><time>2022-11-20T04:58:38Z</time><src>Hikingbook</src><extensions><gpxhb:speed>0.000000</gpxhb:speed><gpxhb:course>304.772565</gpxhb:course></extensions></trkpt><trkpt lat="23.089972805179173" lon="120.7938762423745"><ele>2064.3576306616887</ele><time>2022-11-20T05:02:21Z</time><src>Hikingbook</src><extensions><gpxhb:speed>0.000000</gpxhb:speed><gpxhb:course>143.181927</gpxhb:course></extensions></trkpt><trkpt lat="23.08984369443318" lon="120.79365365212301"><ele>2054.854181703919</ele><time>2022-11-20T05:03:20Z</time><src>Hikingbook</src><extensions><gpxhb:speed>0.780410</gpxhb:speed><gpxhb:course>205.691277</gpxhb:course></extensions></trkpt><trkpt lat="23.08988845617757" lon="120.79330908594561"><ele>2041.3941570995917</ele><time>2022-11-20T05:04:28Z</time><src>Hikingbook</src><extensions><gpxhb:speed>0.000000</gpxhb:speed><gpxhb:course>263.057233</gpxhb:course></extensions></trkpt><trkpt lat="23.089811395811637" lon="120.7933236142982"><ele>2042.1530654215642</ele><time>2022-11-20T05:04:36Z</time><src>Hikingbook</src><extensions><gpxhb:speed>0.547106</gpxhb:speed><gpxhb:course>164.960302</gpxhb:course></extensions></trkpt><trkpt lat="23.089732271410693" lon="120.79296410745992"><ele>2017.0212602073757</ele><time>2022-11-20T05:06:16Z</time><src>Hikingbook</src><extensions><gpxhb:speed>0.000000</gpxhb:speed><gpxhb:course>214.209054</gpxhb:course></extensions></trkpt><trkpt lat="23.089601534193047" lon="120.79298091645772"><ele>2015.7981587905326</ele><time>2022-11-20T05:06:44Z</time><src>Hikingbook</src><extensions><gpxhb:speed>0.000000</gpxhb:speed><gpxhb:course>149.897224</gpxhb:course></extensions></trkpt><trkpt lat="23.089478245979702" lon="120.79275547126014"><ele>1992.0458273535216</ele><time>2022-11-20T05:07:48Z</time><src>Hikingbook</src><extensions><gpxhb:speed>0.710261</gpxhb:speed><gpxhb:course>273.301956</gpxhb:course></extensions></trkpt><trkpt lat="23.08913925103629" lon="120.79262110195884"><ele>1988.4209080212652</ele><time>2022-11-20T05:10:53Z</time><src>Hikingbook</src><extensions><gpxhb:speed>0.866074</gpxhb:speed><gpxhb:course>252.697877</gpxhb:course></extensions></trkpt><trkpt lat="23.088945302213656" lon="120.79264139133286"><ele>1986.5571814357588</ele><time>2022-11-20T05:11:23Z</time><src>Hikingbook</src><extensions><gpxhb:speed>0.678076</gpxhb:speed><gpxhb:course>177.057410</gpxhb:course></extensions></trkpt><trkpt lat="23.088901197067333" lon="120.79238442687061"><ele>1959.2371840487694</ele><time>2022-11-20T05:12:09Z</time><src>Hikingbook</src><extensions><gpxhb:speed>0.872265</gpxhb:speed><gpxhb:course>270.611146</gpxhb:course></extensions></trkpt><trkpt lat="23.08870990209568" lon="120.79222528688058"><ele>1945.7355683406404</ele><time>2022-11-20T05:13:37Z</time><src>Hikingbook</src><extensions><gpxhb:speed>0.491229</gpxhb:speed><gpxhb:course>286.831357</gpxhb:course></extensions></trkpt><trkpt lat="23.088767830355735" lon="120.79211618273045"><ele>1947.7706048232865</ele><time>2022-11-20T05:13:49Z</time><src>Hikingbook</src><extensions><gpxhb:speed>0.000000</gpxhb:speed><gpxhb:course>261.739858</gpxhb:course></extensions></trkpt><trkpt lat="23.088414781877514" lon="120.7916771825425"><ele>1917.4771928302387</ele><time>2022-11-20T05:16:21Z</time><src>Hikingbook</src><extensions><gpxhb:speed>0.989353</gpxhb:speed><gpxhb:course>234.046281</gpxhb:course></extensions></trkpt><trkpt lat="23.087989258900425" lon="120.79162333088964"><ele>1898.4960165683563</ele><time>2022-11-20T05:17:43Z</time><src>Hikingbook</src><extensions><gpxhb:speed>0.816310</gpxhb:speed><gpxhb:course>231.989282</gpxhb:course></extensions></trkpt><trkpt lat="23.087663283907133" lon="120.79163614434603"><ele>1884.1952281923218</ele><time>2022-11-20T05:18:40Z</time><src>Hikingbook</src><extensions><gpxhb:speed>0.423362</gpxhb:speed><gpxhb:course>94.811095</gpxhb:course></extensions></trkpt><trkpt lat="23.087086238071215" lon="120.79144857064148"><ele>1854.4272104529514</ele><time>2022-11-20T05:21:00Z</time><src>Hikingbook</src><extensions><gpxhb:speed>0.346601</gpxhb:speed><gpxhb:course>246.861994</gpxhb:course></extensions></trkpt><trkpt lat="23.0867007142536" lon="120.7912983269924"><ele>1843.321319558019</ele><time>2022-11-20T05:23:05Z</time><src>Hikingbook</src><extensions><gpxhb:speed>0.554730</gpxhb:speed><gpxhb:course>210.740172</gpxhb:course></extensions></trkpt><trkpt lat="23.08633254661395" lon="120.79089458314989"><ele>1806.9087805686906</ele><time>2022-11-20T05:25:53Z</time><src>Hikingbook</src><extensions><gpxhb:speed>0.422734</gpxhb:speed><gpxhb:course>205.880946</gpxhb:course></extensions></trkpt><trkpt lat="23.085940033807184" lon="120.79074313834785"><ele>1794.1529989363596</ele><time>2022-11-20T05:27:54Z</time><src>Hikingbook</src><extensions><gpxhb:speed>0.000000</gpxhb:speed><gpxhb:course>210.509399</gpxhb:course></extensions></trkpt><trkpt lat="23.085804244882564" lon="120.79043076814115"><ele>1770.3991493117012</ele><time>2022-11-20T05:29:16Z</time><src>Hikingbook</src><extensions><gpxhb:speed>0.000000</gpxhb:speed><gpxhb:course>220.390362</gpxhb:course></extensions></trkpt><trkpt lat="23.08562706936514" lon="120.7902813255281"><ele>1761.6466619261857</ele><time>2022-11-20T05:30:14Z</time><src>Hikingbook</src><extensions><gpxhb:speed>0.000000</gpxhb:speed><gpxhb:course>229.589778</gpxhb:course></extensions></trkpt><trkpt lat="23.08562081059856" lon="120.79016409959954"><ele>1755.3279147306823</ele><time>2022-11-20T05:30:58Z</time><src>Hikingbook</src><extensions><gpxhb:speed>0.000000</gpxhb:speed><gpxhb:course>271.098202</gpxhb:course></extensions></trkpt><trkpt lat="23.08529721046688" lon="120.78989694778016"><ele>1725.662863230873</ele><time>2022-11-20T05:33:34Z</time><src>Hikingbook</src><extensions><gpxhb:speed>0.456028</gpxhb:speed><gpxhb:course>215.652804</gpxhb:course></extensions></trkpt><trkpt lat="23.084898010692978" lon="120.78969436527548"><ele>1701.0324281930693</ele><time>2022-11-20T05:35:33Z</time><src>Hikingbook</src><extensions><gpxhb:speed>0.405201</gpxhb:speed><gpxhb:course>215.432978</gpxhb:course></extensions></trkpt><trkpt lat="23.084663641514116" lon="120.78951298855462"><ele>1684.4266147879482</ele><time>2022-11-20T05:37:29Z</time><src>Hikingbook</src><extensions><gpxhb:speed>0.000000</gpxhb:speed><gpxhb:course>28.909743</gpxhb:course></extensions></trkpt><trkpt lat="23.08453316729206" lon="120.78924911072687"><ele>1658.9343302319849</ele><time>2022-11-20T05:39:04Z</time><src>Hikingbook</src><extensions><gpxhb:speed>0.000000</gpxhb:speed><gpxhb:course>243.282261</gpxhb:course></extensions></trkpt><trkpt lat="23.084350931246412" lon="120.78922032806933"><ele>1661.072869816559</ele><time>2022-11-20T05:39:36Z</time><src>Hikingbook</src><extensions><gpxhb:speed>0.540001</gpxhb:speed><gpxhb:course>199.260247</gpxhb:course></extensions></trkpt><trkpt lat="23.084395399599007" lon="120.78909376203141"><ele>1658.148496322074</ele><time>2022-11-20T05:40:12Z</time><src>Hikingbook</src><extensions><gpxhb:speed>0.872651</gpxhb:speed><gpxhb:course>83.831113</gpxhb:course></extensions></trkpt><trkpt lat="23.084383344451417" lon="120.78922062577746"><ele>1654.3852896068374</ele><time>2022-11-20T05:40:40Z</time><src>Hikingbook</src><extensions><gpxhb:speed>0.000000</gpxhb:speed><gpxhb:course>112.800447</gpxhb:course></extensions></trkpt><trkpt lat="23.0842233882347" lon="120.7891962566907"><ele>1654.4615544602702</ele><time>2022-11-20T05:41:24Z</time><src>Hikingbook</src><extensions><gpxhb:speed>0.000000</gpxhb:speed><gpxhb:course>216.117235</gpxhb:course></extensions></trkpt><trkpt lat="23.084308486284375" lon="120.7891487227598"><ele>1651.7827921401529</ele><time>2022-11-20T05:42:38Z</time><src>Hikingbook</src><extensions><gpxhb:speed>0.000000</gpxhb:speed><gpxhb:course>225.198473</gpxhb:course></extensions></trkpt></trkseg></trk></gpx>