<?xml version="1.0" encoding="UTF-8" standalone="no"?>
<gpx xmlns="http://www.topografix.com/GPX/1/1" xmlns:gpxtpx="http://www.garmin.com/xmlschemas/TrackPointExtension/v1" xmlns:xsi="http://www.w3.org/2001/XMLSchema-instance" creator="OruxMaps v.7.4.25" version="1.1" xsi:schemaLocation="http://www.topografix.com/GPX/1/1 http://www.topografix.com/GPX/1/1/gpx.xsd">
<metadata>
<name><![CDATA[2023-03-17 06:38]]></name>
<link href="https://www.oruxmaps.com">
<text>OruxMaps</text>
</link>
<time>2023-03-16T22:38:11Z</time><bounds maxlat="24.5031808" maxlon="121.1142898" minlat="24.4118546" minlon="121.0786215"/>
</metadata>
<wpt lat="24.5030102" lon="121.1139446">
<ele>2036.59</ele>
<time>2023-03-16T22:38:14Z</time>
<name><![CDATA[0000271]]></name>
<sym>Waypoint</sym>
<type>起點</type>
<extensions>
<om:oruxmapsextensions xmlns:om="http://www.oruxmaps.com/oruxmapsextensions/1/0">
<om:ext type="ICON" subtype="0">38</om:ext>
</om:oruxmapsextensions>
</extensions>
</wpt>
<wpt lat="24.4731540" lon="121.0972283">
<ele>0.00</ele>
<time>2023-03-17T01:02:47Z</time>
<name><![CDATA[上切]]></name>
<sym>Waypoint</sym>
<type>方位點</type>
<extensions>
<om:oruxmapsextensions xmlns:om="http://www.oruxmaps.com/oruxmapsextensions/1/0">
<om:ext type="ICON" subtype="0">1</om:ext>
</om:oruxmapsextensions>
</extensions>
</wpt>
<wpt lat="24.4590333" lon="121.0884608">
<ele>2182.38</ele>
<time>2023-03-17T01:55:03Z</time>
<name><![CDATA[下切]]></name>
<sym>Waypoint</sym>
<type>方位點</type>
<extensions>
<om:oruxmapsextensions xmlns:om="http://www.oruxmaps.com/oruxmapsextensions/1/0">
<om:ext type="ICON" subtype="0">1</om:ext>
</om:oruxmapsextensions>
</extensions>
</wpt>
<wpt lat="24.4406739" lon="121.0786960">
<ele>2150.65</ele>
<time>2023-03-17T03:29:34Z</time>
<name><![CDATA[佳人山]]></name>
<sym>Waypoint</sym>
<type>方位點</type>
<extensions>
<om:oruxmapsextensions xmlns:om="http://www.oruxmaps.com/oruxmapsextensions/1/0">
<om:ext type="ICON" subtype="0">1</om:ext>
</om:oruxmapsextensions>
</extensions>
</wpt>
<wpt lat="24.4444052" lon="121.0813386">
<ele>2067.15</ele>
<time>2023-03-17T03:40:48Z</time>
<name><![CDATA[三叉口]]></name>
<sym>Waypoint</sym>
<type>方位點</type>
<extensions>
<om:oruxmapsextensions xmlns:om="http://www.oruxmaps.com/oruxmapsextensions/1/0">
<om:ext type="ICON" subtype="0">1</om:ext>
</om:oruxmapsextensions>
</extensions>
</wpt>
<wpt lat="24.4371315" lon="121.1002021">
<ele>1155.17</ele>
<time>2023-03-17T07:30:17Z</time>
<name><![CDATA[0000276]]></name>
<desc><![CDATA[<p><br /><h3>名稱: Segment: 1</h3><br />開始時間: 上午6:38 2023年3月17日<br/>結束時間: 下午3:29 2023年3月17日<br/>距離: 15.8km (08:51)<br/>移動時間: 05:14<br/>平均速度: 1.78 km/h<br/>平均移動速度: 3 km/h<br/>最大速度: 10.33 km/h<br/>最低海拔: 1148 m<br/>最高海拔: 2217 m<br/>上升速度: 171.5 m/h<br/>下降速度: -276.4 m/h<br/>高度上升: 587 m<br/>高度下降: -1471 m<br/>上升時間: 03:25<br/>下降時間: 05:19<br/></p>]]></desc>
<sym>Waypoint</sym>
<type>終點</type>
<extensions>
<om:oruxmapsextensions xmlns:om="http://www.oruxmaps.com/oruxmapsextensions/1/0">
<om:ext type="ICON" subtype="0">15</om:ext>
</om:oruxmapsextensions>
</extensions>
</wpt>
<wpt lat="24.4379247" lon="121.0984576">
<ele>1134.35</ele>
<time>2023-03-17T22:47:41Z</time>
<name><![CDATA[0000277]]></name>
<sym>Waypoint</sym>
<type>起點</type>
<extensions>
<om:oruxmapsextensions xmlns:om="http://www.oruxmaps.com/oruxmapsextensions/1/0">
<om:ext type="ICON" subtype="0">38</om:ext>
</om:oruxmapsextensions>
</extensions>
</wpt>
<wpt lat="24.4334132" lon="121.1053016">
<ele>1740.77</ele>
<time>2023-03-18T00:30:46Z</time>
<name><![CDATA[中華網咖]]></name>
<sym>Waypoint</sym>
<type>方位點</type>
<extensions>
<om:oruxmapsextensions xmlns:om="http://www.oruxmaps.com/oruxmapsextensions/1/0">
<om:ext type="ICON" subtype="0">1</om:ext>
</om:oruxmapsextensions>
</extensions>
</wpt>
<wpt lat="24.4275638" lon="121.1094214">
<ele>1828.33</ele>
<time>2023-03-18T01:10:06Z</time>
<name><![CDATA[盜木區]]></name>
<sym>Waypoint</sym>
<type>方位點</type>
<extensions>
<om:oruxmapsextensions xmlns:om="http://www.oruxmaps.com/oruxmapsextensions/1/0">
<om:ext type="ICON" subtype="0">1</om:ext>
</om:oruxmapsextensions>
</extensions>
</wpt>
<wpt lat="24.4133874" lon="121.1054357">
<ele>2175.81</ele>
<time>2023-03-18T02:46:04Z</time>
<name><![CDATA[三叉口]]></name>
<sym>Waypoint</sym>
<type>方位點</type>
<extensions>
<om:oruxmapsextensions xmlns:om="http://www.oruxmaps.com/oruxmapsextensions/1/0">
<om:ext type="ICON" subtype="0">1</om:ext>
</om:oruxmapsextensions>
</extensions>
</wpt>
<wpt lat="24.4122086" lon="121.1049588">
<ele>2229.65</ele>
<time>2023-03-18T03:02:55Z</time>
<name><![CDATA[東陽山]]></name>
<sym>Waypoint</sym>
<type>方位點</type>
<extensions>
<om:oruxmapsextensions xmlns:om="http://www.oruxmaps.com/oruxmapsextensions/1/0">
<om:ext type="ICON" subtype="0">1</om:ext>
</om:oruxmapsextensions>
</extensions>
</wpt>
<wpt lat="24.4164556" lon="121.1141967">
<ele>1668.18</ele>
<time>2023-03-18T04:32:06Z</time>
<name><![CDATA[巨木倚天劍]]></name>
<sym>Waypoint</sym>
<type>方位點</type>
<extensions>
<om:oruxmapsextensions xmlns:om="http://www.oruxmaps.com/oruxmapsextensions/1/0">
<om:ext type="ICON" subtype="0">1</om:ext>
</om:oruxmapsextensions>
</extensions>
</wpt>
<wpt lat="24.4380029" lon="121.0983840">
<ele>1158.76</ele>
<time>2023-03-18T09:04:21Z</time>
<name><![CDATA[0000283]]></name>
<desc><![CDATA[<p><br /><h3>名稱: Segment: 2</h3><br />開始時間: 上午6:47 2023年3月18日<br/>結束時間: 下午5:04 2023年3月18日<br/>距離: 14.6km (10:16)<br/>移動時間: 05:40<br/>平均速度: 1.42 km/h<br/>平均移動速度: 2.57 km/h<br/>最大速度: 6.08 km/h<br/>最低海拔: 1134 m<br/>最高海拔: 2225 m<br/>上升速度: 272.5 m/h<br/>下降速度: -397.2 m/h<br/>高度上升: 1669 m<br/>高度下降: -1645 m<br/>上升時間: 06:07<br/>下降時間: 04:08<br/></p>]]></desc>
<sym>Waypoint</sym>
<type>終點</type>
<extensions>
<om:oruxmapsextensions xmlns:om="http://www.oruxmaps.com/oruxmapsextensions/1/0">
<om:ext type="ICON" subtype="0">15</om:ext>
</om:oruxmapsextensions>
</extensions>
</wpt>
<wpt lat="24.4381067" lon="121.0982060">
<ele>1276.81</ele>
<time>2023-03-18T21:59:49Z</time>
<name><![CDATA[0000284]]></name>
<sym>Waypoint</sym>
<type>起點</type>
<extensions>
<om:oruxmapsextensions xmlns:om="http://www.oruxmaps.com/oruxmapsextensions/1/0">
<om:ext type="ICON" subtype="0">38</om:ext>
</om:oruxmapsextensions>
</extensions>
</wpt>
<wpt lat="24.4444207" lon="121.0812578">
<ele>2056.26</ele>
<time>2023-03-19T01:46:12Z</time>
<name><![CDATA[三叉路口]]></name>
<sym>Waypoint</sym>
<type>方位點</type>
<extensions>
<om:oruxmapsextensions xmlns:om="http://www.oruxmaps.com/oruxmapsextensions/1/0">
<om:ext type="ICON" subtype="0">1</om:ext>
</om:oruxmapsextensions>
</extensions>
</wpt>
<wpt lat="24.4583555" lon="121.0879903">
<ele>2177.79</ele>
<time>2023-03-19T02:54:15Z</time>
<name><![CDATA[林字水泥柱]]></name>
<sym>Waypoint</sym>
<type>方位點</type>
<extensions>
<om:oruxmapsextensions xmlns:om="http://www.oruxmaps.com/oruxmapsextensions/1/0">
<om:ext type="ICON" subtype="0">1</om:ext>
</om:oruxmapsextensions>
</extensions>
</wpt>
<wpt lat="24.5031370" lon="121.1140693">
<ele>2032.83</ele>
<time>2023-03-19T06:11:14Z</time>
<name><![CDATA[0000287]]></name>
<desc><![CDATA[<p><br /><h3>名稱: Segment: 3</h3><br />開始時間: 上午5:59 2023年3月19日<br/>結束時間: 下午2:10 2023年3月19日<br/>距離: 13.7km (08:10)<br/>移動時間: 04:19<br/>平均速度: 1.67 km/h<br/>平均移動速度: 3.17 km/h<br/>最大速度: 9.51 km/h<br/>最低海拔: 1121 m<br/>最高海拔: 2214 m<br/>上升速度: 233.1 m/h<br/>下降速度: -304.8 m/h<br/>高度上升: 1405 m<br/>高度下降: -647 m<br/>上升時間: 06:01<br/>下降時間: 02:07<br/></p>]]></desc>
<sym>Waypoint</sym>
<type>終點</type>
<extensions>
<om:oruxmapsextensions xmlns:om="http://www.oruxmaps.com/oruxmapsextensions/1/0">
<om:ext type="ICON" subtype="0">15</om:ext>
</om:oruxmapsextensions>
</extensions>
</wpt>
<trk>
<name><![CDATA[2023-03-17 06:38]]></name>
<desc><![CDATA[<p>開始時間: 上午6:38 2023年3月17日<br/>結束時間: 下午2:10 2023年3月19日<br/>距離: 44.1 km (27:18)<br/>移動時間: 15:14<br/>平均速度: 1.61 km/h<br/>平均移動速度: 2.89 km/h<br/>最大速度: 10.33 km/h<br/>最低海拔: 1121 m<br/>最高海拔: 2225 m<br/>上升速度: 235 m/h<br/>下降速度: -314.8 m/h<br/>高度上升: 3636 m<br/>高度下降: -3699 m<br/>上升時間: 15:28<br/>下降時間: 11:45<br/></p><hr align="center" width="480" style="height: 2px; width: 517px"/>]]></desc>
<type>未定義</type>
<extensions>
<om:oruxmapsextensions xmlns:om="http://www.oruxmaps.com/oruxmapsextensions/1/0">
<om:ext type="TYPE" subtype="0">0</om:ext>
<om:ext type="DIFFICULTY">0</om:ext>
</om:oruxmapsextensions>
</extensions>
<trkseg>
<trkpt lat="24.5030102" lon="121.1139446">
<ele>2036.59</ele>
<time>2023-03-16T22:38:13Z</time>
</trkpt>
<trkpt lat="24.5029882" lon="121.1138913">
<ele>2036.79</ele>
<time>2023-03-16T22:39:03Z</time>
</trkpt>
<trkpt lat="24.5030472" lon="121.1139342">
<ele>2037.40</ele>
<time>2023-03-16T22:39:10Z</time>
</trkpt>
<trkpt lat="24.5030074" lon="121.1138781">
<ele>2034.48</ele>
<time>2023-03-16T22:39:16Z</time>
</trkpt>
<trkpt lat="24.5029634" lon="121.1138531">
<ele>2035.57</ele>
<time>2023-03-16T22:39:20Z</time>
</trkpt>
<trkpt lat="24.5029156" lon="121.1138231">
<ele>2037.54</ele>
<time>2023-03-16T22:39:26Z</time>
</trkpt>
<trkpt lat="24.5028939" lon="121.1137776">
<ele>2036.59</ele>
<time>2023-03-16T22:39:35Z</time>
</trkpt>
<trkpt lat="24.5028464" lon="121.1137438">
<ele>2037.14</ele>
<time>2023-03-16T22:39:50Z</time>
</trkpt>
<trkpt lat="24.5027955" lon="121.1137132">
<ele>2036.38</ele>
<time>2023-03-16T22:39:54Z</time>
</trkpt>
<trkpt lat="24.5027512" lon="121.1136831">
<ele>2036.15</ele>
<time>2023-03-16T22:39:58Z</time>
</trkpt>
<trkpt lat="24.5027107" lon="121.1136512">
<ele>2036.39</ele>
<time>2023-03-16T22:40:02Z</time>
</trkpt>
<trkpt lat="24.5026712" lon="121.1136258">
<ele>2037.66</ele>
<time>2023-03-16T22:40:06Z</time>
</trkpt>
<trkpt lat="24.5026173" lon="121.1135951">
<ele>2037.85</ele>
<time>2023-03-16T22:40:11Z</time>
</trkpt>
<trkpt lat="24.5025519" lon="121.1135564">
<ele>2037.38</ele>
<time>2023-03-16T22:40:17Z</time>
</trkpt>
<trkpt lat="24.5024900" lon="121.1135175">
<ele>2037.15</ele>
<time>2023-03-16T22:40:23Z</time>
</trkpt>
<trkpt lat="24.5024400" lon="121.1134800">
<ele>2037.17</ele>
<time>2023-03-16T22:40:28Z</time>
</trkpt>
<trkpt lat="24.5023892" lon="121.1134530">
<ele>2037.65</ele>
<time>2023-03-16T22:40:33Z</time>
</trkpt>
<trkpt lat="24.5023543" lon="121.1134089">
<ele>2035.60</ele>
<time>2023-03-16T22:40:39Z</time>
</trkpt>
<trkpt lat="24.5022931" lon="121.1134088">
<ele>2036.17</ele>
<time>2023-03-16T22:40:45Z</time>
</trkpt>
<trkpt lat="24.5022293" lon="121.1134161">
<ele>2037.70</ele>
<time>2023-03-16T22:40:51Z</time>
</trkpt>
<trkpt lat="24.5021713" lon="121.1134351">
<ele>2038.54</ele>
<time>2023-03-16T22:40:57Z</time>
</trkpt>
<trkpt lat="24.5021197" lon="121.1134670">
<ele>2040.19</ele>
<time>2023-03-16T22:41:03Z</time>
</trkpt>
<trkpt lat="24.5020677" lon="121.1135052">
<ele>2040.70</ele>
<time>2023-03-16T22:41:09Z</time>
</trkpt>
<trkpt lat="24.5020169" lon="121.1135522">
<ele>2041.20</ele>
<time>2023-03-16T22:41:15Z</time>
</trkpt>
<trkpt lat="24.5019571" lon="121.1135875">
<ele>2042.60</ele>
<time>2023-03-16T22:41:21Z</time>
</trkpt>
<trkpt lat="24.5019034" lon="121.1136327">
<ele>2042.89</ele>
<time>2023-03-16T22:41:27Z</time>
</trkpt>
<trkpt lat="24.5018406" lon="121.1136610">
<ele>2043.02</ele>
<time>2023-03-16T22:41:33Z</time>
</trkpt>
<trkpt lat="24.5017523" lon="121.1136627">
<ele>2041.83</ele>
<time>2023-03-16T22:41:41Z</time>
</trkpt>
<trkpt lat="24.5016919" lon="121.1136430">
<ele>2041.22</ele>
<time>2023-03-16T22:41:47Z</time>
</trkpt>
<trkpt lat="24.5016324" lon="121.1136046">
<ele>2041.16</ele>
<time>2023-03-16T22:41:53Z</time>
</trkpt>
<trkpt lat="24.5015796" lon="121.1135631">
<ele>2040.39</ele>
<time>2023-03-16T22:41:59Z</time>
</trkpt>
<trkpt lat="24.5015329" lon="121.1135230">
<ele>2039.81</ele>
<time>2023-03-16T22:42:05Z</time>
</trkpt>
<trkpt lat="24.5014868" lon="121.1134819">
<ele>2040.45</ele>
<time>2023-03-16T22:42:11Z</time>
</trkpt>
<trkpt lat="24.5014553" lon="121.1134445">
<ele>2040.92</ele>
<time>2023-03-16T22:42:15Z</time>
</trkpt>
<trkpt lat="24.5014198" lon="121.1134100">
<ele>2041.27</ele>
<time>2023-03-16T22:42:19Z</time>
</trkpt>
<trkpt lat="24.5013897" lon="121.1133724">
<ele>2042.10</ele>
<time>2023-03-16T22:42:23Z</time>
</trkpt>
<trkpt lat="24.5013468" lon="121.1133181">
<ele>2042.27</ele>
<time>2023-03-16T22:42:29Z</time>
</trkpt>
<trkpt lat="24.5013116" lon="121.1132566">
<ele>2042.57</ele>
<time>2023-03-16T22:42:35Z</time>
</trkpt>
<trkpt lat="24.5012885" lon="121.1131985">
<ele>2042.24</ele>
<time>2023-03-16T22:42:41Z</time>
</trkpt>
<trkpt lat="24.5012686" lon="121.1131344">
<ele>2041.89</ele>
<time>2023-03-16T22:42:47Z</time>
</trkpt>
<trkpt lat="24.5012642" lon="121.1130848">
<ele>2041.77</ele>
<time>2023-03-16T22:42:51Z</time>
</trkpt>
<trkpt lat="24.5012476" lon="121.1130291">
<ele>2042.92</ele>
<time>2023-03-16T22:42:55Z</time>
</trkpt>
<trkpt lat="24.5012306" lon="121.1129764">
<ele>2044.58</ele>
<time>2023-03-16T22:42:59Z</time>
</trkpt>
<trkpt lat="24.5012106" lon="121.1129310">
<ele>2045.63</ele>
<time>2023-03-16T22:43:03Z</time>
</trkpt>
<trkpt lat="24.5011873" lon="121.1128619">
<ele>2045.69</ele>
<time>2023-03-16T22:43:09Z</time>
</trkpt>
<trkpt lat="24.5011659" lon="121.1127935">
<ele>2048.14</ele>
<time>2023-03-16T22:43:15Z</time>
</trkpt>
<trkpt lat="24.5011502" lon="121.1127425">
<ele>2049.30</ele>
<time>2023-03-16T22:43:19Z</time>
</trkpt>
<trkpt lat="24.5011278" lon="121.1126718">
<ele>2049.42</ele>
<time>2023-03-16T22:43:25Z</time>
</trkpt>
<trkpt lat="24.5011116" lon="121.1126251">
<ele>2049.37</ele>
<time>2023-03-16T22:43:29Z</time>
</trkpt>
<trkpt lat="24.5010665" lon="121.1125608">
<ele>2048.99</ele>
<time>2023-03-16T22:43:35Z</time>
</trkpt>
<trkpt lat="24.5010262" lon="121.1125320">
<ele>2049.21</ele>
<time>2023-03-16T22:43:39Z</time>
</trkpt>
<trkpt lat="24.5009743" lon="121.1125254">
<ele>2049.18</ele>
<time>2023-03-16T22:43:43Z</time>
</trkpt>
<trkpt lat="24.5009281" lon="121.1125337">
<ele>2051.32</ele>
<time>2023-03-16T22:43:47Z</time>
</trkpt>
<trkpt lat="24.5008827" lon="121.1125359">
<ele>2051.45</ele>
<time>2023-03-16T22:43:51Z</time>
</trkpt>
<trkpt lat="24.5008269" lon="121.1125046">
<ele>2050.08</ele>
<time>2023-03-16T22:43:57Z</time>
</trkpt>
<trkpt lat="24.5007898" lon="121.1124656">
<ele>2050.02</ele>
<time>2023-03-16T22:44:01Z</time>
</trkpt>
<trkpt lat="24.5007627" lon="121.1124247">
<ele>2050.06</ele>
<time>2023-03-16T22:44:05Z</time>
</trkpt>
<trkpt lat="24.5007503" lon="121.1123499">
<ele>2050.62</ele>
<time>2023-03-16T22:44:11Z</time>
</trkpt>
<trkpt lat="24.5007557" lon="121.1123004">
<ele>2049.72</ele>
<time>2023-03-16T22:44:15Z</time>
</trkpt>
<trkpt lat="24.5007515" lon="121.1122458">
<ele>2050.09</ele>
<time>2023-03-16T22:44:19Z</time>
</trkpt>
<trkpt lat="24.5007439" lon="121.1121725">
<ele>2051.63</ele>
<time>2023-03-16T22:44:25Z</time>
</trkpt>
<trkpt lat="24.5007223" lon="121.1121040">
<ele>2050.57</ele>
<time>2023-03-16T22:44:31Z</time>
</trkpt>
<trkpt lat="24.5006890" lon="121.1120406">
<ele>2050.96</ele>
<time>2023-03-16T22:44:37Z</time>
</trkpt>
<trkpt lat="24.5006574" lon="121.1119982">
<ele>2051.23</ele>
<time>2023-03-16T22:44:41Z</time>
</trkpt>
<trkpt lat="24.5006241" lon="121.1119598">
<ele>2051.58</ele>
<time>2023-03-16T22:44:45Z</time>
</trkpt>
<trkpt lat="24.5005859" lon="121.1119285">
<ele>2052.81</ele>
<time>2023-03-16T22:44:49Z</time>
</trkpt>
<trkpt lat="24.5005495" lon="121.1118957">
<ele>2053.67</ele>
<time>2023-03-16T22:44:53Z</time>
</trkpt>
<trkpt lat="24.5005013" lon="121.1118733">
<ele>2054.65</ele>
<time>2023-03-16T22:44:57Z</time>
</trkpt>
<trkpt lat="24.5004409" lon="121.1118584">
<ele>2053.23</ele>
<time>2023-03-16T22:45:03Z</time>
</trkpt>
<trkpt lat="24.5003881" lon="121.1118494">
<ele>2052.54</ele>
<time>2023-03-16T22:45:09Z</time>
</trkpt>
<trkpt lat="24.5003280" lon="121.1118365">
<ele>2052.82</ele>
<time>2023-03-16T22:45:15Z</time>
</trkpt>
<trkpt lat="24.5002815" lon="121.1118282">
<ele>2052.49</ele>
<time>2023-03-16T22:45:19Z</time>
</trkpt>
<trkpt lat="24.5002135" lon="121.1118188">
<ele>2052.61</ele>
<time>2023-03-16T22:45:25Z</time>
</trkpt>
<trkpt lat="24.5001662" lon="121.1118190">
<ele>2052.75</ele>
<time>2023-03-16T22:45:29Z</time>
</trkpt>
<trkpt lat="24.5001172" lon="121.1118157">
<ele>2052.34</ele>
<time>2023-03-16T22:45:33Z</time>
</trkpt>
<trkpt lat="24.5000655" lon="121.1118129">
<ele>2052.51</ele>
<time>2023-03-16T22:45:37Z</time>
</trkpt>
<trkpt lat="24.5000173" lon="121.1118139">
<ele>2052.17</ele>
<time>2023-03-16T22:45:41Z</time>
</trkpt>
<trkpt lat="24.4999683" lon="121.1118264">
<ele>2052.30</ele>
<time>2023-03-16T22:45:45Z</time>
</trkpt>
<trkpt lat="24.4999262" lon="121.1118526">
<ele>2052.02</ele>
<time>2023-03-16T22:45:49Z</time>
</trkpt>
<trkpt lat="24.4998872" lon="121.1118866">
<ele>2052.12</ele>
<time>2023-03-16T22:45:53Z</time>
</trkpt>
<trkpt lat="24.4998489" lon="121.1119162">
<ele>2051.81</ele>
<time>2023-03-16T22:45:57Z</time>
</trkpt>
<trkpt lat="24.4998019" lon="121.1119682">
<ele>2052.31</ele>
<time>2023-03-16T22:46:03Z</time>
</trkpt>
<trkpt lat="24.4997667" lon="121.1120004">
<ele>2053.01</ele>
<time>2023-03-16T22:46:07Z</time>
</trkpt>
<trkpt lat="24.4997284" lon="121.1120281">
<ele>2053.69</ele>
<time>2023-03-16T22:46:11Z</time>
</trkpt>
<trkpt lat="24.4996862" lon="121.1120466">
<ele>2053.65</ele>
<time>2023-03-16T22:46:15Z</time>
</trkpt>
<trkpt lat="24.4996193" lon="121.1120532">
<ele>2055.38</ele>
<time>2023-03-16T22:46:21Z</time>
</trkpt>
<trkpt lat="24.4995766" lon="121.1120279">
<ele>2055.90</ele>
<time>2023-03-16T22:46:25Z</time>
</trkpt>
<trkpt lat="24.4995397" lon="121.1119947">
<ele>2055.83</ele>
<time>2023-03-16T22:46:29Z</time>
</trkpt>
<trkpt lat="24.4995146" lon="121.1119308">
<ele>2056.01</ele>
<time>2023-03-16T22:46:35Z</time>
</trkpt>
<trkpt lat="24.4994994" lon="121.1118503">
<ele>2055.02</ele>
<time>2023-03-16T22:46:41Z</time>
</trkpt>
<trkpt lat="24.4994954" lon="121.1117938">
<ele>2055.16</ele>
<time>2023-03-16T22:46:45Z</time>
</trkpt>
<trkpt lat="24.4994821" lon="121.1117421">
<ele>2056.35</ele>
<time>2023-03-16T22:46:49Z</time>
</trkpt>
<trkpt lat="24.4994642" lon="121.1116918">
<ele>2057.27</ele>
<time>2023-03-16T22:46:53Z</time>
</trkpt>
<trkpt lat="24.4994167" lon="121.1116451">
<ele>2054.83</ele>
<time>2023-03-16T22:46:57Z</time>
</trkpt>
<trkpt lat="24.4993759" lon="121.1116079">
<ele>2056.10</ele>
<time>2023-03-16T22:47:01Z</time>
</trkpt>
<trkpt lat="24.4993301" lon="121.1115987">
<ele>2056.80</ele>
<time>2023-03-16T22:47:05Z</time>
</trkpt>
<trkpt lat="24.4992698" lon="121.1115711">
<ele>2056.92</ele>
<time>2023-03-16T22:47:11Z</time>
</trkpt>
<trkpt lat="24.4992236" lon="121.1115667">
<ele>2056.29</ele>
<time>2023-03-16T22:47:15Z</time>
</trkpt>
<trkpt lat="24.4991764" lon="121.1115605">
<ele>2056.57</ele>
<time>2023-03-16T22:47:19Z</time>
</trkpt>
<trkpt lat="24.4991260" lon="121.1115504">
<ele>2057.97</ele>
<time>2023-03-16T22:47:23Z</time>
</trkpt>
<trkpt lat="24.4990716" lon="121.1115514">
<ele>2059.81</ele>
<time>2023-03-16T22:47:27Z</time>
</trkpt>
<trkpt lat="24.4990209" lon="121.1115545">
<ele>2060.21</ele>
<time>2023-03-16T22:47:31Z</time>
</trkpt>
<trkpt lat="24.4989686" lon="121.1115707">
<ele>2062.83</ele>
<time>2023-03-16T22:47:35Z</time>
</trkpt>
<trkpt lat="24.4989069" lon="121.1115978">
<ele>2064.13</ele>
<time>2023-03-16T22:47:41Z</time>
</trkpt>
<trkpt lat="24.4988716" lon="121.1116362">
<ele>2065.28</ele>
<time>2023-03-16T22:47:45Z</time>
</trkpt>
<trkpt lat="24.4988403" lon="121.1116791">
<ele>2066.07</ele>
<time>2023-03-16T22:47:51Z</time>
</trkpt>
<trkpt lat="24.4988054" lon="121.1116380">
<ele>2063.89</ele>
<time>2023-03-16T22:48:25Z</time>
</trkpt>
<trkpt lat="24.4987836" lon="121.1115929">
<ele>2075.33</ele>
<time>2023-03-16T22:48:53Z</time>
</trkpt>
<trkpt lat="24.4987727" lon="121.1116416">
<ele>2077.91</ele>
<time>2023-03-16T22:49:55Z</time>
</trkpt>
<trkpt lat="24.4987123" lon="121.1115873">
<ele>2071.41</ele>
<time>2023-03-16T22:50:51Z</time>
</trkpt>
<trkpt lat="24.4986696" lon="121.1115657">
<ele>2070.26</ele>
<time>2023-03-16T22:50:53Z</time>
</trkpt>
<trkpt lat="24.4986114" lon="121.1115416">
<ele>2067.38</ele>
<time>2023-03-16T22:50:57Z</time>
</trkpt>
<trkpt lat="24.4985755" lon="121.1115108">
<ele>2065.66</ele>
<time>2023-03-16T22:51:01Z</time>
</trkpt>
<trkpt lat="24.4985303" lon="121.1114837">
<ele>2066.03</ele>
<time>2023-03-16T22:51:05Z</time>
</trkpt>
<trkpt lat="24.4984838" lon="121.1114746">
<ele>2066.74</ele>
<time>2023-03-16T22:51:09Z</time>
</trkpt>
<trkpt lat="24.4984350" lon="121.1114389">
<ele>2066.26</ele>
<time>2023-03-16T22:51:15Z</time>
</trkpt>
<trkpt lat="24.4983909" lon="121.1114244">
<ele>2065.86</ele>
<time>2023-03-16T22:51:19Z</time>
</trkpt>
<trkpt lat="24.4983267" lon="121.1114385">
<ele>2065.36</ele>
<time>2023-03-16T22:51:25Z</time>
</trkpt>
<trkpt lat="24.4982819" lon="121.1114454">
<ele>2064.00</ele>
<time>2023-03-16T22:51:29Z</time>
</trkpt>
<trkpt lat="24.4982238" lon="121.1114654">
<ele>2063.76</ele>
<time>2023-03-16T22:51:35Z</time>
</trkpt>
<trkpt lat="24.4981710" lon="121.1114947">
<ele>2065.81</ele>
<time>2023-03-16T22:51:41Z</time>
</trkpt>
<trkpt lat="24.4981336" lon="121.1115246">
<ele>2064.90</ele>
<time>2023-03-16T22:51:45Z</time>
</trkpt>
<trkpt lat="24.4980861" lon="121.1115463">
<ele>2063.46</ele>
<time>2023-03-16T22:51:49Z</time>
</trkpt>
<trkpt lat="24.4980436" lon="121.1115745">
<ele>2064.52</ele>
<time>2023-03-16T22:51:53Z</time>
</trkpt>
<trkpt lat="24.4980034" lon="121.1116017">
<ele>2064.39</ele>
<time>2023-03-16T22:51:57Z</time>
</trkpt>
<trkpt lat="24.4979658" lon="121.1116344">
<ele>2064.89</ele>
<time>2023-03-16T22:52:01Z</time>
</trkpt>
<trkpt lat="24.4979270" lon="121.1116700">
<ele>2066.66</ele>
<time>2023-03-16T22:52:05Z</time>
</trkpt>
<trkpt lat="24.4978920" lon="121.1117067">
<ele>2065.10</ele>
<time>2023-03-16T22:52:09Z</time>
</trkpt>
<trkpt lat="24.4978477" lon="121.1117286">
<ele>2065.70</ele>
<time>2023-03-16T22:52:13Z</time>
</trkpt>
<trkpt lat="24.4978011" lon="121.1117568">
<ele>2066.09</ele>
<time>2023-03-16T22:52:17Z</time>
</trkpt>
<trkpt lat="24.4977551" lon="121.1117828">
<ele>2066.52</ele>
<time>2023-03-16T22:52:21Z</time>
</trkpt>
<trkpt lat="24.4977079" lon="121.1118030">
<ele>2066.33</ele>
<time>2023-03-16T22:52:25Z</time>
</trkpt>
<trkpt lat="24.4976584" lon="121.1118233">
<ele>2066.40</ele>
<time>2023-03-16T22:52:29Z</time>
</trkpt>
<trkpt lat="24.4976123" lon="121.1118525">
<ele>2067.59</ele>
<time>2023-03-16T22:52:33Z</time>
</trkpt>
<trkpt lat="24.4975653" lon="121.1118870">
<ele>2066.18</ele>
<time>2023-03-16T22:52:37Z</time>
</trkpt>
<trkpt lat="24.4975218" lon="121.1119211">
<ele>2067.21</ele>
<time>2023-03-16T22:52:41Z</time>
</trkpt>
<trkpt lat="24.4974811" lon="121.1119608">
<ele>2067.75</ele>
<time>2023-03-16T22:52:45Z</time>
</trkpt>
<trkpt lat="24.4974191" lon="121.1119704">
<ele>2067.63</ele>
<time>2023-03-16T22:52:49Z</time>
</trkpt>
<trkpt lat="24.4973630" lon="121.1119828">
<ele>2065.01</ele>
<time>2023-03-16T22:52:53Z</time>
</trkpt>
<trkpt lat="24.4973074" lon="121.1119830">
<ele>2063.76</ele>
<time>2023-03-16T22:52:57Z</time>
</trkpt>
<trkpt lat="24.4972556" lon="121.1119861">
<ele>2063.06</ele>
<time>2023-03-16T22:53:01Z</time>
</trkpt>
<trkpt lat="24.4972020" lon="121.1119838">
<ele>2062.91</ele>
<time>2023-03-16T22:53:05Z</time>
</trkpt>
<trkpt lat="24.4971487" lon="121.1119745">
<ele>2062.79</ele>
<time>2023-03-16T22:53:09Z</time>
</trkpt>
<trkpt lat="24.4971029" lon="121.1119508">
<ele>2062.57</ele>
<time>2023-03-16T22:53:13Z</time>
</trkpt>
<trkpt lat="24.4970607" lon="121.1119127">
<ele>2060.78</ele>
<time>2023-03-16T22:53:17Z</time>
</trkpt>
<trkpt lat="24.4970368" lon="121.1118552">
<ele>2058.04</ele>
<time>2023-03-16T22:53:21Z</time>
</trkpt>
<trkpt lat="24.4970197" lon="121.1117999">
<ele>2056.54</ele>
<time>2023-03-16T22:53:25Z</time>
</trkpt>
<trkpt lat="24.4970233" lon="121.1117451">
<ele>2056.02</ele>
<time>2023-03-16T22:53:29Z</time>
</trkpt>
<trkpt lat="24.4970240" lon="121.1116906">
<ele>2058.20</ele>
<time>2023-03-16T22:53:33Z</time>
</trkpt>
<trkpt lat="24.4970196" lon="121.1116354">
<ele>2060.50</ele>
<time>2023-03-16T22:53:37Z</time>
</trkpt>
<trkpt lat="24.4970314" lon="121.1115794">
<ele>2061.48</ele>
<time>2023-03-16T22:53:41Z</time>
</trkpt>
<trkpt lat="24.4970487" lon="121.1115275">
<ele>2061.41</ele>
<time>2023-03-16T22:53:45Z</time>
</trkpt>
<trkpt lat="24.4970665" lon="121.1114720">
<ele>2061.49</ele>
<time>2023-03-16T22:53:49Z</time>
</trkpt>
<trkpt lat="24.4970885" lon="121.1114191">
<ele>2061.97</ele>
<time>2023-03-16T22:53:53Z</time>
</trkpt>
<trkpt lat="24.4971055" lon="121.1113676">
<ele>2062.18</ele>
<time>2023-03-16T22:53:57Z</time>
</trkpt>
<trkpt lat="24.4971209" lon="121.1113112">
<ele>2062.43</ele>
<time>2023-03-16T22:54:01Z</time>
</trkpt>
<trkpt lat="24.4971452" lon="121.1112626">
<ele>2062.80</ele>
<time>2023-03-16T22:54:05Z</time>
</trkpt>
<trkpt lat="24.4971669" lon="121.1112087">
<ele>2062.74</ele>
<time>2023-03-16T22:54:09Z</time>
</trkpt>
<trkpt lat="24.4971742" lon="121.1111462">
<ele>2062.92</ele>
<time>2023-03-16T22:54:13Z</time>
</trkpt>
<trkpt lat="24.4971755" lon="121.1110832">
<ele>2062.21</ele>
<time>2023-03-16T22:54:17Z</time>
</trkpt>
<trkpt lat="24.4971629" lon="121.1110249">
<ele>2061.29</ele>
<time>2023-03-16T22:54:21Z</time>
</trkpt>
<trkpt lat="24.4971360" lon="121.1109788">
<ele>2061.20</ele>
<time>2023-03-16T22:54:25Z</time>
</trkpt>
<trkpt lat="24.4970973" lon="121.1109472">
<ele>2059.52</ele>
<time>2023-03-16T22:54:29Z</time>
</trkpt>
<trkpt lat="24.4970549" lon="121.1109205">
<ele>2059.37</ele>
<time>2023-03-16T22:54:33Z</time>
</trkpt>
<trkpt lat="24.4970048" lon="121.1109049">
<ele>2058.20</ele>
<time>2023-03-16T22:54:37Z</time>
</trkpt>
<trkpt lat="24.4969588" lon="121.1108771">
<ele>2058.49</ele>
<time>2023-03-16T22:54:41Z</time>
</trkpt>
<trkpt lat="24.4969128" lon="121.1108573">
<ele>2056.89</ele>
<time>2023-03-16T22:54:45Z</time>
</trkpt>
<trkpt lat="24.4968668" lon="121.1108336">
<ele>2056.39</ele>
<time>2023-03-16T22:54:49Z</time>
</trkpt>
<trkpt lat="24.4968260" lon="121.1108059">
<ele>2054.93</ele>
<time>2023-03-16T22:54:53Z</time>
</trkpt>
<trkpt lat="24.4967843" lon="121.1107726">
<ele>2055.26</ele>
<time>2023-03-16T22:54:57Z</time>
</trkpt>
<trkpt lat="24.4967538" lon="121.1107210">
<ele>2054.46</ele>
<time>2023-03-16T22:55:01Z</time>
</trkpt>
<trkpt lat="24.4967485" lon="121.1106630">
<ele>2054.07</ele>
<time>2023-03-16T22:55:05Z</time>
</trkpt>
<trkpt lat="24.4967647" lon="121.1106115">
<ele>2054.81</ele>
<time>2023-03-16T22:55:09Z</time>
</trkpt>
<trkpt lat="24.4968053" lon="121.1105760">
<ele>2053.53</ele>
<time>2023-03-16T22:55:13Z</time>
</trkpt>
<trkpt lat="24.4968595" lon="121.1105581">
<ele>2052.85</ele>
<time>2023-03-16T22:55:17Z</time>
</trkpt>
<trkpt lat="24.4969166" lon="121.1105493">
<ele>2052.32</ele>
<time>2023-03-16T22:55:21Z</time>
</trkpt>
<trkpt lat="24.4969716" lon="121.1105351">
<ele>2051.62</ele>
<time>2023-03-16T22:55:25Z</time>
</trkpt>
<trkpt lat="24.4970244" lon="121.1105191">
<ele>2049.37</ele>
<time>2023-03-16T22:55:29Z</time>
</trkpt>
<trkpt lat="24.4970632" lon="121.1104817">
<ele>2048.09</ele>
<time>2023-03-16T22:55:33Z</time>
</trkpt>
<trkpt lat="24.4971051" lon="121.1104542">
<ele>2048.14</ele>
<time>2023-03-16T22:55:37Z</time>
</trkpt>
<trkpt lat="24.4971554" lon="121.1104299">
<ele>2047.24</ele>
<time>2023-03-16T22:55:41Z</time>
</trkpt>
<trkpt lat="24.4972069" lon="121.1104035">
<ele>2048.43</ele>
<time>2023-03-16T22:55:45Z</time>
</trkpt>
<trkpt lat="24.4972640" lon="121.1103917">
<ele>2046.30</ele>
<time>2023-03-16T22:55:49Z</time>
</trkpt>
<trkpt lat="24.4973253" lon="121.1103893">
<ele>2045.34</ele>
<time>2023-03-16T22:55:53Z</time>
</trkpt>
<trkpt lat="24.4973812" lon="121.1103901">
<ele>2044.72</ele>
<time>2023-03-16T22:55:57Z</time>
</trkpt>
<trkpt lat="24.4974340" lon="121.1103952">
<ele>2042.73</ele>
<time>2023-03-16T22:56:01Z</time>
</trkpt>
<trkpt lat="24.4974841" lon="121.1103705">
<ele>2044.90</ele>
<time>2023-03-16T22:56:05Z</time>
</trkpt>
<trkpt lat="24.4975263" lon="121.1103397">
<ele>2045.92</ele>
<time>2023-03-16T22:56:09Z</time>
</trkpt>
<trkpt lat="24.4975636" lon="121.1102998">
<ele>2049.25</ele>
<time>2023-03-16T22:56:13Z</time>
</trkpt>
<trkpt lat="24.4975916" lon="121.1102560">
<ele>2049.19</ele>
<time>2023-03-16T22:56:17Z</time>
</trkpt>
<trkpt lat="24.4976073" lon="121.1101975">
<ele>2050.98</ele>
<time>2023-03-16T22:56:21Z</time>
</trkpt>
<trkpt lat="24.4976242" lon="121.1101430">
<ele>2051.92</ele>
<time>2023-03-16T22:56:25Z</time>
</trkpt>
<trkpt lat="24.4976452" lon="121.1100898">
<ele>2053.55</ele>
<time>2023-03-16T22:56:29Z</time>
</trkpt>
<trkpt lat="24.4976664" lon="121.1100398">
<ele>2052.38</ele>
<time>2023-03-16T22:56:33Z</time>
</trkpt>
<trkpt lat="24.4976981" lon="121.1099929">
<ele>2051.27</ele>
<time>2023-03-16T22:56:37Z</time>
</trkpt>
<trkpt lat="24.4977289" lon="121.1099482">
<ele>2051.38</ele>
<time>2023-03-16T22:56:41Z</time>
</trkpt>
<trkpt lat="24.4977653" lon="121.1099024">
<ele>2050.96</ele>
<time>2023-03-16T22:56:45Z</time>
</trkpt>
<trkpt lat="24.4977975" lon="121.1098582">
<ele>2047.73</ele>
<time>2023-03-16T22:56:49Z</time>
</trkpt>
<trkpt lat="24.4978277" lon="121.1098130">
<ele>2047.40</ele>
<time>2023-03-16T22:56:53Z</time>
</trkpt>
<trkpt lat="24.4978675" lon="121.1097638">
<ele>2046.03</ele>
<time>2023-03-16T22:56:57Z</time>
</trkpt>
<trkpt lat="24.4979009" lon="121.1097205">
<ele>2045.72</ele>
<time>2023-03-16T22:57:01Z</time>
</trkpt>
<trkpt lat="24.4978560" lon="121.1096410">
<ele>2052.91</ele>
<time>2023-03-16T22:57:05Z</time>
</trkpt>
<trkpt lat="24.4978473" lon="121.1095858">
<ele>2049.16</ele>
<time>2023-03-16T22:57:11Z</time>
</trkpt>
<trkpt lat="24.4978168" lon="121.1095484">
<ele>2051.57</ele>
<time>2023-03-16T22:57:15Z</time>
</trkpt>
<trkpt lat="24.4977503" lon="121.1095666">
<ele>2049.85</ele>
<time>2023-03-16T22:57:21Z</time>
</trkpt>
<trkpt lat="24.4977121" lon="121.1096026">
<ele>2048.07</ele>
<time>2023-03-16T22:57:25Z</time>
</trkpt>
<trkpt lat="24.4976557" lon="121.1096354">
<ele>2049.08</ele>
<time>2023-03-16T22:57:29Z</time>
</trkpt>
<trkpt lat="24.4975949" lon="121.1096488">
<ele>2047.88</ele>
<time>2023-03-16T22:57:33Z</time>
</trkpt>
<trkpt lat="24.4975402" lon="121.1096724">
<ele>2047.51</ele>
<time>2023-03-16T22:57:37Z</time>
</trkpt>
<trkpt lat="24.4975026" lon="121.1097099">
<ele>2045.82</ele>
<time>2023-03-16T22:57:41Z</time>
</trkpt>
<trkpt lat="24.4974464" lon="121.1097421">
<ele>2045.85</ele>
<time>2023-03-16T22:57:45Z</time>
</trkpt>
<trkpt lat="24.4974013" lon="121.1097752">
<ele>2045.17</ele>
<time>2023-03-16T22:57:49Z</time>
</trkpt>
<trkpt lat="24.4973567" lon="121.1098064">
<ele>2045.92</ele>
<time>2023-03-16T22:57:53Z</time>
</trkpt>
<trkpt lat="24.4972997" lon="121.1098286">
<ele>2045.57</ele>
<time>2023-03-16T22:57:57Z</time>
</trkpt>
<trkpt lat="24.4972380" lon="121.1098257">
<ele>2045.29</ele>
<time>2023-03-16T22:58:01Z</time>
</trkpt>
<trkpt lat="24.4971806" lon="121.1098186">
<ele>2044.19</ele>
<time>2023-03-16T22:58:05Z</time>
</trkpt>
<trkpt lat="24.4971274" lon="121.1098087">
<ele>2043.41</ele>
<time>2023-03-16T22:58:09Z</time>
</trkpt>
<trkpt lat="24.4970757" lon="121.1097967">
<ele>2042.15</ele>
<time>2023-03-16T22:58:13Z</time>
</trkpt>
<trkpt lat="24.4970265" lon="121.1097788">
<ele>2040.26</ele>
<time>2023-03-16T22:58:17Z</time>
</trkpt>
<trkpt lat="24.4969757" lon="121.1097644">
<ele>2039.70</ele>
<time>2023-03-16T22:58:21Z</time>
</trkpt>
<trkpt lat="24.4969233" lon="121.1097473">
<ele>2039.06</ele>
<time>2023-03-16T22:58:25Z</time>
</trkpt>
<trkpt lat="24.4968644" lon="121.1097429">
<ele>2041.11</ele>
<time>2023-03-16T22:58:29Z</time>
</trkpt>
<trkpt lat="24.4968024" lon="121.1097479">
<ele>2039.64</ele>
<time>2023-03-16T22:58:33Z</time>
</trkpt>
<trkpt lat="24.4967440" lon="121.1097536">
<ele>2039.54</ele>
<time>2023-03-16T22:58:37Z</time>
</trkpt>
<trkpt lat="24.4966897" lon="121.1097802">
<ele>2040.72</ele>
<time>2023-03-16T22:58:41Z</time>
</trkpt>
<trkpt lat="24.4966270" lon="121.1097837">
<ele>2040.97</ele>
<time>2023-03-16T22:58:45Z</time>
</trkpt>
<trkpt lat="24.4965758" lon="121.1097909">
<ele>2040.75</ele>
<time>2023-03-16T22:58:49Z</time>
</trkpt>
<trkpt lat="24.4965273" lon="121.1098069">
<ele>2040.74</ele>
<time>2023-03-16T22:58:53Z</time>
</trkpt>
<trkpt lat="24.4964753" lon="121.1097816">
<ele>2039.52</ele>
<time>2023-03-16T22:58:57Z</time>
</trkpt>
<trkpt lat="24.4963993" lon="121.1096814">
<ele>2035.24</ele>
<time>2023-03-16T22:59:01Z</time>
</trkpt>
<trkpt lat="24.4963622" lon="121.1096278">
<ele>2041.12</ele>
<time>2023-03-16T22:59:04Z</time>
</trkpt>
<trkpt lat="24.4963605" lon="121.1095714">
<ele>2043.98</ele>
<time>2023-03-16T22:59:09Z</time>
</trkpt>
<trkpt lat="24.4963626" lon="121.1095187">
<ele>2043.57</ele>
<time>2023-03-16T22:59:13Z</time>
</trkpt>
<trkpt lat="24.4963680" lon="121.1094532">
<ele>2042.93</ele>
<time>2023-03-16T22:59:17Z</time>
</trkpt>
<trkpt lat="24.4963725" lon="121.1093918">
<ele>2042.63</ele>
<time>2023-03-16T22:59:21Z</time>
</trkpt>
<trkpt lat="24.4963854" lon="121.1093325">
<ele>2043.01</ele>
<time>2023-03-16T22:59:25Z</time>
</trkpt>
<trkpt lat="24.4963905" lon="121.1092737">
<ele>2043.37</ele>
<time>2023-03-16T22:59:29Z</time>
</trkpt>
<trkpt lat="24.4963972" lon="121.1092153">
<ele>2041.81</ele>
<time>2023-03-16T22:59:33Z</time>
</trkpt>
<trkpt lat="24.4964009" lon="121.1091555">
<ele>2041.95</ele>
<time>2023-03-16T22:59:37Z</time>
</trkpt>
<trkpt lat="24.4963995" lon="121.1090935">
<ele>2042.38</ele>
<time>2023-03-16T22:59:41Z</time>
</trkpt>
<trkpt lat="24.4964051" lon="121.1090343">
<ele>2042.15</ele>
<time>2023-03-16T22:59:45Z</time>
</trkpt>
<trkpt lat="24.4963672" lon="121.1090071">
<ele>2041.70</ele>
<time>2023-03-16T22:59:49Z</time>
</trkpt>
<trkpt lat="24.4963172" lon="121.1090051">
<ele>2042.25</ele>
<time>2023-03-16T22:59:53Z</time>
</trkpt>
<trkpt lat="24.4962703" lon="121.1090292">
<ele>2042.00</ele>
<time>2023-03-16T22:59:57Z</time>
</trkpt>
<trkpt lat="24.4962469" lon="121.1090787">
<ele>2041.38</ele>
<time>2023-03-16T23:00:01Z</time>
</trkpt>
<trkpt lat="24.4962363" lon="121.1091338">
<ele>2042.88</ele>
<time>2023-03-16T23:00:05Z</time>
</trkpt>
<trkpt lat="24.4962325" lon="121.1091953">
<ele>2043.04</ele>
<time>2023-03-16T23:00:09Z</time>
</trkpt>
<trkpt lat="24.4962274" lon="121.1092592">
<ele>2042.56</ele>
<time>2023-03-16T23:00:13Z</time>
</trkpt>
<trkpt lat="24.4962158" lon="121.1093217">
<ele>2042.55</ele>
<time>2023-03-16T23:00:17Z</time>
</trkpt>
<trkpt lat="24.4962070" lon="121.1093839">
<ele>2042.90</ele>
<time>2023-03-16T23:00:21Z</time>
</trkpt>
<trkpt lat="24.4961917" lon="121.1094477">
<ele>2043.54</ele>
<time>2023-03-16T23:00:25Z</time>
</trkpt>
<trkpt lat="24.4961626" lon="121.1095010">
<ele>2043.14</ele>
<time>2023-03-16T23:00:29Z</time>
</trkpt>
<trkpt lat="24.4961451" lon="121.1095567">
<ele>2043.31</ele>
<time>2023-03-16T23:00:33Z</time>
</trkpt>
<trkpt lat="24.4961289" lon="121.1096118">
<ele>2044.11</ele>
<time>2023-03-16T23:00:37Z</time>
</trkpt>
<trkpt lat="24.4961157" lon="121.1096704">
<ele>2042.32</ele>
<time>2023-03-16T23:00:41Z</time>
</trkpt>
<trkpt lat="24.4960933" lon="121.1097223">
<ele>2039.61</ele>
<time>2023-03-16T23:00:45Z</time>
</trkpt>
<trkpt lat="24.4960822" lon="121.1097781">
<ele>2038.02</ele>
<time>2023-03-16T23:00:49Z</time>
</trkpt>
<trkpt lat="24.4960703" lon="121.1098388">
<ele>2035.31</ele>
<time>2023-03-16T23:00:53Z</time>
</trkpt>
<trkpt lat="24.4960703" lon="121.1098974">
<ele>2033.33</ele>
<time>2023-03-16T23:00:57Z</time>
</trkpt>
<trkpt lat="24.4960846" lon="121.1099523">
<ele>2033.66</ele>
<time>2023-03-16T23:01:01Z</time>
</trkpt>
<trkpt lat="24.4960961" lon="121.1100066">
<ele>2033.54</ele>
<time>2023-03-16T23:01:05Z</time>
</trkpt>
<trkpt lat="24.4960952" lon="121.1100633">
<ele>2033.36</ele>
<time>2023-03-16T23:01:09Z</time>
</trkpt>
<trkpt lat="24.4960907" lon="121.1101186">
<ele>2033.04</ele>
<time>2023-03-16T23:01:13Z</time>
</trkpt>
<trkpt lat="24.4960947" lon="121.1101805">
<ele>2035.41</ele>
<time>2023-03-16T23:01:17Z</time>
</trkpt>
<trkpt lat="24.4960834" lon="121.1102370">
<ele>2037.25</ele>
<time>2023-03-16T23:01:21Z</time>
</trkpt>
<trkpt lat="24.4960717" lon="121.1102960">
<ele>2036.46</ele>
<time>2023-03-16T23:01:25Z</time>
</trkpt>
<trkpt lat="24.4960544" lon="121.1103530">
<ele>2037.36</ele>
<time>2023-03-16T23:01:29Z</time>
</trkpt>
<trkpt lat="24.4960136" lon="121.1103990">
<ele>2034.28</ele>
<time>2023-03-16T23:01:33Z</time>
</trkpt>
<trkpt lat="24.4959741" lon="121.1104442">
<ele>2032.87</ele>
<time>2023-03-16T23:01:37Z</time>
</trkpt>
<trkpt lat="24.4959280" lon="121.1104828">
<ele>2031.93</ele>
<time>2023-03-16T23:01:41Z</time>
</trkpt>
<trkpt lat="24.4958870" lon="121.1105254">
<ele>2033.82</ele>
<time>2023-03-16T23:01:45Z</time>
</trkpt>
<trkpt lat="24.4958434" lon="121.1105579">
<ele>2033.29</ele>
<time>2023-03-16T23:01:49Z</time>
</trkpt>
<trkpt lat="24.4957988" lon="121.1105848">
<ele>2033.56</ele>
<time>2023-03-16T23:01:53Z</time>
</trkpt>
<trkpt lat="24.4957609" lon="121.1106248">
<ele>2033.20</ele>
<time>2023-03-16T23:01:57Z</time>
</trkpt>
<trkpt lat="24.4957393" lon="121.1106721">
<ele>2033.43</ele>
<time>2023-03-16T23:02:01Z</time>
</trkpt>
<trkpt lat="24.4956879" lon="121.1106871">
<ele>2032.70</ele>
<time>2023-03-16T23:02:05Z</time>
</trkpt>
<trkpt lat="24.4956428" lon="121.1106978">
<ele>2031.64</ele>
<time>2023-03-16T23:02:09Z</time>
</trkpt>
<trkpt lat="24.4955954" lon="121.1107142">
<ele>2031.61</ele>
<time>2023-03-16T23:02:13Z</time>
</trkpt>
<trkpt lat="24.4955388" lon="121.1107143">
<ele>2031.74</ele>
<time>2023-03-16T23:02:17Z</time>
</trkpt>
<trkpt lat="24.4954876" lon="121.1106986">
<ele>2031.45</ele>
<time>2023-03-16T23:02:21Z</time>
</trkpt>
<trkpt lat="24.4954467" lon="121.1106680">
<ele>2030.07</ele>
<time>2023-03-16T23:02:25Z</time>
</trkpt>
<trkpt lat="24.4954178" lon="121.1106161">
<ele>2028.47</ele>
<time>2023-03-16T23:02:29Z</time>
</trkpt>
<trkpt lat="24.4953998" lon="121.1105608">
<ele>2026.78</ele>
<time>2023-03-16T23:02:33Z</time>
</trkpt>
<trkpt lat="24.4953833" lon="121.1105043">
<ele>2026.46</ele>
<time>2023-03-16T23:02:37Z</time>
</trkpt>
<trkpt lat="24.4953734" lon="121.1104502">
<ele>2026.26</ele>
<time>2023-03-16T23:02:41Z</time>
</trkpt>
<trkpt lat="24.4953630" lon="121.1103972">
<ele>2026.43</ele>
<time>2023-03-16T23:02:45Z</time>
</trkpt>
<trkpt lat="24.4953507" lon="121.1103448">
<ele>2026.00</ele>
<time>2023-03-16T23:02:49Z</time>
</trkpt>
<trkpt lat="24.4953331" lon="121.1102890">
<ele>2025.86</ele>
<time>2023-03-16T23:02:53Z</time>
</trkpt>
<trkpt lat="24.4953092" lon="121.1102356">
<ele>2026.38</ele>
<time>2023-03-16T23:02:57Z</time>
</trkpt>
<trkpt lat="24.4952865" lon="121.1101871">
<ele>2026.92</ele>
<time>2023-03-16T23:03:01Z</time>
</trkpt>
<trkpt lat="24.4952660" lon="121.1101382">
<ele>2026.94</ele>
<time>2023-03-16T23:03:05Z</time>
</trkpt>
<trkpt lat="24.4952434" lon="121.1100920">
<ele>2026.14</ele>
<time>2023-03-16T23:03:09Z</time>
</trkpt>
<trkpt lat="24.4952222" lon="121.1100466">
<ele>2025.77</ele>
<time>2023-03-16T23:03:13Z</time>
</trkpt>
<trkpt lat="24.4952002" lon="121.1100017">
<ele>2026.22</ele>
<time>2023-03-16T23:03:17Z</time>
</trkpt>
<trkpt lat="24.4951776" lon="121.1099574">
<ele>2027.50</ele>
<time>2023-03-16T23:03:21Z</time>
</trkpt>
<trkpt lat="24.4951533" lon="121.1099092">
<ele>2027.71</ele>
<time>2023-03-16T23:03:25Z</time>
</trkpt>
<trkpt lat="24.4951320" lon="121.1098627">
<ele>2028.15</ele>
<time>2023-03-16T23:03:29Z</time>
</trkpt>
<trkpt lat="24.4950861" lon="121.1098270">
<ele>2031.17</ele>
<time>2023-03-16T23:03:33Z</time>
</trkpt>
<trkpt lat="24.4950365" lon="121.1097955">
<ele>2032.85</ele>
<time>2023-03-16T23:03:37Z</time>
</trkpt>
<trkpt lat="24.4949980" lon="121.1097666">
<ele>2031.83</ele>
<time>2023-03-16T23:03:41Z</time>
</trkpt>
<trkpt lat="24.4949498" lon="121.1097512">
<ele>2032.15</ele>
<time>2023-03-16T23:03:45Z</time>
</trkpt>
<trkpt lat="24.4949045" lon="121.1097442">
<ele>2031.82</ele>
<time>2023-03-16T23:03:49Z</time>
</trkpt>
<trkpt lat="24.4948463" lon="121.1097303">
<ele>2030.15</ele>
<time>2023-03-16T23:03:55Z</time>
</trkpt>
<trkpt lat="24.4947976" lon="121.1097269">
<ele>2030.30</ele>
<time>2023-03-16T23:03:59Z</time>
</trkpt>
<trkpt lat="24.4947510" lon="121.1097322">
<ele>2030.81</ele>
<time>2023-03-16T23:04:03Z</time>
</trkpt>
<trkpt lat="24.4947037" lon="121.1097242">
<ele>2031.70</ele>
<time>2023-03-16T23:04:07Z</time>
</trkpt>
<trkpt lat="24.4946389" lon="121.1097189">
<ele>2032.83</ele>
<time>2023-03-16T23:04:13Z</time>
</trkpt>
<trkpt lat="24.4945937" lon="121.1097003">
<ele>2032.71</ele>
<time>2023-03-16T23:04:17Z</time>
</trkpt>
<trkpt lat="24.4945443" lon="121.1096901">
<ele>2031.28</ele>
<time>2023-03-16T23:04:29Z</time>
</trkpt>
<trkpt lat="24.4945166" lon="121.1096385">
<ele>2031.86</ele>
<time>2023-03-16T23:04:33Z</time>
</trkpt>
<trkpt lat="24.4944829" lon="121.1095982">
<ele>2032.04</ele>
<time>2023-03-16T23:04:37Z</time>
</trkpt>
<trkpt lat="24.4944419" lon="121.1095692">
<ele>2032.07</ele>
<time>2023-03-16T23:04:41Z</time>
</trkpt>
<trkpt lat="24.4944017" lon="121.1095367">
<ele>2031.70</ele>
<time>2023-03-16T23:04:45Z</time>
</trkpt>
<trkpt lat="24.4943644" lon="121.1095055">
<ele>2031.67</ele>
<time>2023-03-16T23:04:49Z</time>
</trkpt>
<trkpt lat="24.4943283" lon="121.1094661">
<ele>2031.65</ele>
<time>2023-03-16T23:04:53Z</time>
</trkpt>
<trkpt lat="24.4942882" lon="121.1094268">
<ele>2031.59</ele>
<time>2023-03-16T23:04:57Z</time>
</trkpt>
<trkpt lat="24.4942519" lon="121.1093850">
<ele>2031.37</ele>
<time>2023-03-16T23:05:01Z</time>
</trkpt>
<trkpt lat="24.4942157" lon="121.1093387">
<ele>2032.33</ele>
<time>2023-03-16T23:05:05Z</time>
</trkpt>
<trkpt lat="24.4941753" lon="121.1093027">
<ele>2031.87</ele>
<time>2023-03-16T23:05:09Z</time>
</trkpt>
<trkpt lat="24.4941418" lon="121.1092602">
<ele>2032.34</ele>
<time>2023-03-16T23:05:13Z</time>
</trkpt>
<trkpt lat="24.4941172" lon="121.1092147">
<ele>2032.32</ele>
<time>2023-03-16T23:05:17Z</time>
</trkpt>
<trkpt lat="24.4940574" lon="121.1091706">
<ele>2036.32</ele>
<time>2023-03-16T23:05:31Z</time>
</trkpt>
<trkpt lat="24.4940103" lon="121.1091485">
<ele>2035.45</ele>
<time>2023-03-16T23:05:35Z</time>
</trkpt>
<trkpt lat="24.4939615" lon="121.1091105">
<ele>2035.49</ele>
<time>2023-03-16T23:05:41Z</time>
</trkpt>
<trkpt lat="24.4939232" lon="121.1090640">
<ele>2035.05</ele>
<time>2023-03-16T23:05:47Z</time>
</trkpt>
<trkpt lat="24.4938879" lon="121.1090056">
<ele>2036.40</ele>
<time>2023-03-16T23:05:53Z</time>
</trkpt>
<trkpt lat="24.4938513" lon="121.1089461">
<ele>2037.12</ele>
<time>2023-03-16T23:05:59Z</time>
</trkpt>
<trkpt lat="24.4938192" lon="121.1089094">
<ele>2037.91</ele>
<time>2023-03-16T23:06:03Z</time>
</trkpt>
<trkpt lat="24.4937692" lon="121.1088601">
<ele>2040.51</ele>
<time>2023-03-16T23:06:09Z</time>
</trkpt>
<trkpt lat="24.4937221" lon="121.1088427">
<ele>2038.65</ele>
<time>2023-03-16T23:06:15Z</time>
</trkpt>
<trkpt lat="24.4936784" lon="121.1088143">
<ele>2039.15</ele>
<time>2023-03-16T23:06:21Z</time>
</trkpt>
<trkpt lat="24.4936385" lon="121.1087711">
<ele>2038.26</ele>
<time>2023-03-16T23:06:27Z</time>
</trkpt>
<trkpt lat="24.4935867" lon="121.1087375">
<ele>2037.28</ele>
<time>2023-03-16T23:06:33Z</time>
</trkpt>
<trkpt lat="24.4935319" lon="121.1086993">
<ele>2036.21</ele>
<time>2023-03-16T23:06:39Z</time>
</trkpt>
<trkpt lat="24.4934927" lon="121.1086751">
<ele>2037.55</ele>
<time>2023-03-16T23:06:43Z</time>
</trkpt>
<trkpt lat="24.4934349" lon="121.1086519">
<ele>2037.31</ele>
<time>2023-03-16T23:06:49Z</time>
</trkpt>
<trkpt lat="24.4933731" lon="121.1086420">
<ele>2037.04</ele>
<time>2023-03-16T23:06:55Z</time>
</trkpt>
<trkpt lat="24.4933134" lon="121.1086216">
<ele>2037.64</ele>
<time>2023-03-16T23:07:01Z</time>
</trkpt>
<trkpt lat="24.4932597" lon="121.1086172">
<ele>2036.64</ele>
<time>2023-03-16T23:07:07Z</time>
</trkpt>
<trkpt lat="24.4932370" lon="121.1085640">
<ele>2035.40</ele>
<time>2023-03-16T23:07:21Z</time>
</trkpt>
<trkpt lat="24.4932176" lon="121.1085029">
<ele>2033.63</ele>
<time>2023-03-16T23:07:27Z</time>
</trkpt>
<trkpt lat="24.4931993" lon="121.1084413">
<ele>2033.13</ele>
<time>2023-03-16T23:07:33Z</time>
</trkpt>
<trkpt lat="24.4931858" lon="121.1083762">
<ele>2033.22</ele>
<time>2023-03-16T23:07:39Z</time>
</trkpt>
<trkpt lat="24.4931835" lon="121.1083265">
<ele>2033.29</ele>
<time>2023-03-16T23:07:43Z</time>
</trkpt>
<trkpt lat="24.4931696" lon="121.1082542">
<ele>2033.87</ele>
<time>2023-03-16T23:07:49Z</time>
</trkpt>
<trkpt lat="24.4931511" lon="121.1081846">
<ele>2034.93</ele>
<time>2023-03-16T23:07:55Z</time>
</trkpt>
<trkpt lat="24.4931455" lon="121.1081352">
<ele>2034.69</ele>
<time>2023-03-16T23:07:59Z</time>
</trkpt>
<trkpt lat="24.4931386" lon="121.1080858">
<ele>2035.68</ele>
<time>2023-03-16T23:08:03Z</time>
</trkpt>
<trkpt lat="24.4931249" lon="121.1080385">
<ele>2036.62</ele>
<time>2023-03-16T23:08:07Z</time>
</trkpt>
<trkpt lat="24.4931026" lon="121.1079701">
<ele>2039.03</ele>
<time>2023-03-16T23:08:13Z</time>
</trkpt>
<trkpt lat="24.4930881" lon="121.1079059">
<ele>2040.57</ele>
<time>2023-03-16T23:08:19Z</time>
</trkpt>
<trkpt lat="24.4930740" lon="121.1078424">
<ele>2041.79</ele>
<time>2023-03-16T23:08:25Z</time>
</trkpt>
<trkpt lat="24.4930406" lon="121.1077848">
<ele>2043.74</ele>
<time>2023-03-16T23:08:31Z</time>
</trkpt>
<trkpt lat="24.4930231" lon="121.1077231">
<ele>2041.98</ele>
<time>2023-03-16T23:08:37Z</time>
</trkpt>
<trkpt lat="24.4929891" lon="121.1076678">
<ele>2043.36</ele>
<time>2023-03-16T23:08:43Z</time>
</trkpt>
<trkpt lat="24.4929368" lon="121.1076352">
<ele>2043.40</ele>
<time>2023-03-16T23:08:49Z</time>
</trkpt>
<trkpt lat="24.4928812" lon="121.1076142">
<ele>2044.09</ele>
<time>2023-03-16T23:08:55Z</time>
</trkpt>
<trkpt lat="24.4928216" lon="121.1075869">
<ele>2045.23</ele>
<time>2023-03-16T23:09:01Z</time>
</trkpt>
<trkpt lat="24.4927652" lon="121.1075610">
<ele>2044.09</ele>
<time>2023-03-16T23:09:07Z</time>
</trkpt>
<trkpt lat="24.4927181" lon="121.1075491">
<ele>2044.56</ele>
<time>2023-03-16T23:09:11Z</time>
</trkpt>
<trkpt lat="24.4926697" lon="121.1075359">
<ele>2044.92</ele>
<time>2023-03-16T23:09:15Z</time>
</trkpt>
<trkpt lat="24.4926101" lon="121.1075164">
<ele>2044.27</ele>
<time>2023-03-16T23:09:21Z</time>
</trkpt>
<trkpt lat="24.4925661" lon="121.1075040">
<ele>2044.44</ele>
<time>2023-03-16T23:09:25Z</time>
</trkpt>
<trkpt lat="24.4925227" lon="121.1074812">
<ele>2044.24</ele>
<time>2023-03-16T23:09:29Z</time>
</trkpt>
<trkpt lat="24.4924942" lon="121.1074351">
<ele>2041.76</ele>
<time>2023-03-16T23:09:33Z</time>
</trkpt>
<trkpt lat="24.4924813" lon="121.1073851">
<ele>2040.74</ele>
<time>2023-03-16T23:09:37Z</time>
</trkpt>
<trkpt lat="24.4924779" lon="121.1073311">
<ele>2040.14</ele>
<time>2023-03-16T23:09:41Z</time>
</trkpt>
<trkpt lat="24.4924787" lon="121.1072744">
<ele>2039.62</ele>
<time>2023-03-16T23:09:45Z</time>
</trkpt>
<trkpt lat="24.4924788" lon="121.1072199">
<ele>2039.87</ele>
<time>2023-03-16T23:09:49Z</time>
</trkpt>
<trkpt lat="24.4924421" lon="121.1071555">
<ele>2041.18</ele>
<time>2023-03-16T23:09:56Z</time>
</trkpt>
<trkpt lat="24.4923747" lon="121.1071503">
<ele>2042.39</ele>
<time>2023-03-16T23:10:02Z</time>
</trkpt>
<trkpt lat="24.4923148" lon="121.1071484">
<ele>2041.87</ele>
<time>2023-03-16T23:10:08Z</time>
</trkpt>
<trkpt lat="24.4922495" lon="121.1071485">
<ele>2042.63</ele>
<time>2023-03-16T23:10:14Z</time>
</trkpt>
<trkpt lat="24.4921869" lon="121.1071928">
<ele>2038.92</ele>
<time>2023-03-16T23:10:20Z</time>
</trkpt>
<trkpt lat="24.4921995" lon="121.1072405">
<ele>2041.40</ele>
<time>2023-03-16T23:10:24Z</time>
</trkpt>
<trkpt lat="24.4922026" lon="121.1072921">
<ele>2042.50</ele>
<time>2023-03-16T23:10:30Z</time>
</trkpt>
<trkpt lat="24.4921943" lon="121.1073530">
<ele>2044.04</ele>
<time>2023-03-16T23:10:36Z</time>
</trkpt>
<trkpt lat="24.4921651" lon="121.1073997">
<ele>2044.06</ele>
<time>2023-03-16T23:10:42Z</time>
</trkpt>
<trkpt lat="24.4921168" lon="121.1074013">
<ele>2043.11</ele>
<time>2023-03-16T23:10:46Z</time>
</trkpt>
<trkpt lat="24.4920709" lon="121.1073821">
<ele>2043.46</ele>
<time>2023-03-16T23:10:50Z</time>
</trkpt>
<trkpt lat="24.4920237" lon="121.1073885">
<ele>2043.07</ele>
<time>2023-03-16T23:10:56Z</time>
</trkpt>
<trkpt lat="24.4919765" lon="121.1073922">
<ele>2043.39</ele>
<time>2023-03-16T23:11:02Z</time>
</trkpt>
<trkpt lat="24.4919299" lon="121.1074106">
<ele>2045.01</ele>
<time>2023-03-16T23:11:08Z</time>
</trkpt>
<trkpt lat="24.4918804" lon="121.1074039">
<ele>2045.34</ele>
<time>2023-03-16T23:11:16Z</time>
</trkpt>
<trkpt lat="24.4918276" lon="121.1074021">
<ele>2044.46</ele>
<time>2023-03-16T23:11:24Z</time>
</trkpt>
<trkpt lat="24.4917797" lon="121.1073819">
<ele>2047.21</ele>
<time>2023-03-16T23:16:42Z</time>
</trkpt>
<trkpt lat="24.4917406" lon="121.1073545">
<ele>2046.87</ele>
<time>2023-03-16T23:16:50Z</time>
</trkpt>
<trkpt lat="24.4916932" lon="121.1073492">
<ele>2046.98</ele>
<time>2023-03-16T23:17:06Z</time>
</trkpt>
<trkpt lat="24.4916476" lon="121.1073332">
<ele>2047.92</ele>
<time>2023-03-16T23:17:16Z</time>
</trkpt>
<trkpt lat="24.4915986" lon="121.1073265">
<ele>2048.46</ele>
<time>2023-03-16T23:17:26Z</time>
</trkpt>
<trkpt lat="24.4915533" lon="121.1073194">
<ele>2049.14</ele>
<time>2023-03-16T23:17:38Z</time>
</trkpt>
<trkpt lat="24.4915057" lon="121.1073104">
<ele>2049.64</ele>
<time>2023-03-16T23:17:46Z</time>
</trkpt>
<trkpt lat="24.4914505" lon="121.1073105">
<ele>2050.93</ele>
<time>2023-03-16T23:17:54Z</time>
</trkpt>
<trkpt lat="24.4914049" lon="121.1072988">
<ele>2051.43</ele>
<time>2023-03-16T23:18:00Z</time>
</trkpt>
<trkpt lat="24.4913512" lon="121.1072811">
<ele>2051.47</ele>
<time>2023-03-16T23:18:06Z</time>
</trkpt>
<trkpt lat="24.4913033" lon="121.1072551">
<ele>2052.26</ele>
<time>2023-03-16T23:18:12Z</time>
</trkpt>
<trkpt lat="24.4912595" lon="121.1072252">
<ele>2052.97</ele>
<time>2023-03-16T23:18:18Z</time>
</trkpt>
<trkpt lat="24.4912173" lon="121.1071887">
<ele>2052.72</ele>
<time>2023-03-16T23:18:26Z</time>
</trkpt>
<trkpt lat="24.4911747" lon="121.1071473">
<ele>2052.84</ele>
<time>2023-03-16T23:18:34Z</time>
</trkpt>
<trkpt lat="24.4911486" lon="121.1070974">
<ele>2052.76</ele>
<time>2023-03-16T23:18:42Z</time>
</trkpt>
<trkpt lat="24.4911281" lon="121.1070488">
<ele>2053.79</ele>
<time>2023-03-16T23:18:50Z</time>
</trkpt>
<trkpt lat="24.4911042" lon="121.1069899">
<ele>2053.81</ele>
<time>2023-03-16T23:18:58Z</time>
</trkpt>
<trkpt lat="24.4910929" lon="121.1069326">
<ele>2054.88</ele>
<time>2023-03-16T23:19:04Z</time>
</trkpt>
<trkpt lat="24.4910703" lon="121.1068886">
<ele>2056.28</ele>
<time>2023-03-16T23:19:10Z</time>
</trkpt>
<trkpt lat="24.4910819" lon="121.1068370">
<ele>2056.34</ele>
<time>2023-03-16T23:19:18Z</time>
</trkpt>
<trkpt lat="24.4910439" lon="121.1068008">
<ele>2059.02</ele>
<time>2023-03-16T23:19:24Z</time>
</trkpt>
<trkpt lat="24.4910336" lon="121.1067383">
<ele>2059.90</ele>
<time>2023-03-16T23:19:30Z</time>
</trkpt>
<trkpt lat="24.4909975" lon="121.1067071">
<ele>2060.97</ele>
<time>2023-03-16T23:19:38Z</time>
</trkpt>
<trkpt lat="24.4909815" lon="121.1066469">
<ele>2055.20</ele>
<time>2023-03-16T23:19:56Z</time>
</trkpt>
<trkpt lat="24.4909653" lon="121.1065959">
<ele>2056.12</ele>
<time>2023-03-16T23:20:04Z</time>
</trkpt>
<trkpt lat="24.4909396" lon="121.1065460">
<ele>2052.73</ele>
<time>2023-03-16T23:20:12Z</time>
</trkpt>
<trkpt lat="24.4909340" lon="121.1064833">
<ele>2052.93</ele>
<time>2023-03-16T23:20:20Z</time>
</trkpt>
<trkpt lat="24.4909251" lon="121.1064280">
<ele>2052.70</ele>
<time>2023-03-16T23:20:28Z</time>
</trkpt>
<trkpt lat="24.4909080" lon="121.1063746">
<ele>2052.24</ele>
<time>2023-03-16T23:20:36Z</time>
</trkpt>
<trkpt lat="24.4909310" lon="121.1063077">
<ele>2049.78</ele>
<time>2023-03-16T23:20:42Z</time>
</trkpt>
<trkpt lat="24.4909299" lon="121.1062377">
<ele>2051.45</ele>
<time>2023-03-16T23:20:48Z</time>
</trkpt>
<trkpt lat="24.4909262" lon="121.1061668">
<ele>2052.87</ele>
<time>2023-03-16T23:20:54Z</time>
</trkpt>
<trkpt lat="24.4909153" lon="121.1061165">
<ele>2055.07</ele>
<time>2023-03-16T23:20:58Z</time>
</trkpt>
<trkpt lat="24.4908990" lon="121.1060594">
<ele>2056.56</ele>
<time>2023-03-16T23:21:04Z</time>
</trkpt>
<trkpt lat="24.4908829" lon="121.1060036">
<ele>2058.87</ele>
<time>2023-03-16T23:21:12Z</time>
</trkpt>
<trkpt lat="24.4908976" lon="121.1059555">
<ele>2057.13</ele>
<time>2023-03-16T23:21:20Z</time>
</trkpt>
<trkpt lat="24.4909043" lon="121.1059006">
<ele>2055.94</ele>
<time>2023-03-16T23:21:28Z</time>
</trkpt>
<trkpt lat="24.4909177" lon="121.1058412">
<ele>2056.46</ele>
<time>2023-03-16T23:21:38Z</time>
</trkpt>
<trkpt lat="24.4909702" lon="121.1058205">
<ele>2054.22</ele>
<time>2023-03-16T23:21:46Z</time>
</trkpt>
<trkpt lat="24.4909870" lon="121.1057746">
<ele>2054.33</ele>
<time>2023-03-16T23:21:52Z</time>
</trkpt>
<trkpt lat="24.4909988" lon="121.1057126">
<ele>2055.50</ele>
<time>2023-03-16T23:22:00Z</time>
</trkpt>
<trkpt lat="24.4909792" lon="121.1056522">
<ele>2056.77</ele>
<time>2023-03-16T23:22:10Z</time>
</trkpt>
<trkpt lat="24.4909589" lon="121.1055917">
<ele>2058.20</ele>
<time>2023-03-16T23:22:18Z</time>
</trkpt>
<trkpt lat="24.4909631" lon="121.1055344">
<ele>2059.17</ele>
<time>2023-03-16T23:22:26Z</time>
</trkpt>
<trkpt lat="24.4909373" lon="121.1054907">
<ele>2061.58</ele>
<time>2023-03-16T23:22:36Z</time>
</trkpt>
<trkpt lat="24.4909106" lon="121.1054398">
<ele>2062.48</ele>
<time>2023-03-16T23:22:46Z</time>
</trkpt>
<trkpt lat="24.4908895" lon="121.1053864">
<ele>2061.44</ele>
<time>2023-03-16T23:23:02Z</time>
</trkpt>
<trkpt lat="24.4908837" lon="121.1053289">
<ele>2062.23</ele>
<time>2023-03-16T23:23:16Z</time>
</trkpt>
<trkpt lat="24.4908631" lon="121.1052771">
<ele>2062.86</ele>
<time>2023-03-16T23:23:30Z</time>
</trkpt>
<trkpt lat="24.4908685" lon="121.1052258">
<ele>2064.71</ele>
<time>2023-03-16T23:23:48Z</time>
</trkpt>
<trkpt lat="24.4908743" lon="121.1051731">
<ele>2065.71</ele>
<time>2023-03-16T23:23:58Z</time>
</trkpt>
<trkpt lat="24.4908285" lon="121.1051403">
<ele>2066.66</ele>
<time>2023-03-16T23:24:08Z</time>
</trkpt>
<trkpt lat="24.4907778" lon="121.1051587">
<ele>2069.01</ele>
<time>2023-03-16T23:24:18Z</time>
</trkpt>
<trkpt lat="24.4907527" lon="121.1051035">
<ele>2069.30</ele>
<time>2023-03-16T23:24:30Z</time>
</trkpt>
<trkpt lat="24.4907083" lon="121.1050657">
<ele>2065.96</ele>
<time>2023-03-16T23:24:40Z</time>
</trkpt>
<trkpt lat="24.4906760" lon="121.1050197">
<ele>2064.44</ele>
<time>2023-03-16T23:24:48Z</time>
</trkpt>
<trkpt lat="24.4906560" lon="121.1049706">
<ele>2064.36</ele>
<time>2023-03-16T23:24:56Z</time>
</trkpt>
<trkpt lat="24.4906480" lon="121.1049132">
<ele>2062.31</ele>
<time>2023-03-16T23:25:04Z</time>
</trkpt>
<trkpt lat="24.4906350" lon="121.1048579">
<ele>2063.83</ele>
<time>2023-03-16T23:25:12Z</time>
</trkpt>
<trkpt lat="24.4906155" lon="121.1048114">
<ele>2063.19</ele>
<time>2023-03-16T23:25:22Z</time>
</trkpt>
<trkpt lat="24.4906389" lon="121.1047664">
<ele>2063.70</ele>
<time>2023-03-16T23:25:36Z</time>
</trkpt>
<trkpt lat="24.4906016" lon="121.1047344">
<ele>2063.54</ele>
<time>2023-03-16T23:25:46Z</time>
</trkpt>
<trkpt lat="24.4905894" lon="121.1046792">
<ele>2062.62</ele>
<time>2023-03-16T23:26:02Z</time>
</trkpt>
<trkpt lat="24.4905538" lon="121.1046348">
<ele>2061.96</ele>
<time>2023-03-16T23:26:12Z</time>
</trkpt>
<trkpt lat="24.4905781" lon="121.1045907">
<ele>2062.80</ele>
<time>2023-03-16T23:26:42Z</time>
</trkpt>
<trkpt lat="24.4905228" lon="121.1046417">
<ele>2069.53</ele>
<time>2023-03-16T23:27:16Z</time>
</trkpt>
<trkpt lat="24.4905771" lon="121.1046461">
<ele>2067.84</ele>
<time>2023-03-16T23:27:41Z</time>
</trkpt>
<trkpt lat="24.4906007" lon="121.1046953">
<ele>2067.33</ele>
<time>2023-03-16T23:28:35Z</time>
</trkpt>
<trkpt lat="24.4906313" lon="121.1047317">
<ele>2066.66</ele>
<time>2023-03-16T23:29:02Z</time>
</trkpt>
<trkpt lat="24.4906453" lon="121.1047858">
<ele>2065.36</ele>
<time>2023-03-16T23:29:21Z</time>
</trkpt>
<trkpt lat="24.4906033" lon="121.1048280">
<ele>2065.52</ele>
<time>2023-03-16T23:29:45Z</time>
</trkpt>
<trkpt lat="24.4906149" lon="121.1048815">
<ele>2065.87</ele>
<time>2023-03-16T23:29:51Z</time>
</trkpt>
<trkpt lat="24.4906371" lon="121.1049260">
<ele>2064.96</ele>
<time>2023-03-16T23:29:59Z</time>
</trkpt>
<trkpt lat="24.4906709" lon="121.1049711">
<ele>2063.84</ele>
<time>2023-03-16T23:30:09Z</time>
</trkpt>
<trkpt lat="24.4907017" lon="121.1050127">
<ele>2063.96</ele>
<time>2023-03-16T23:30:15Z</time>
</trkpt>
<trkpt lat="24.4907305" lon="121.1050594">
<ele>2064.01</ele>
<time>2023-03-16T23:30:21Z</time>
</trkpt>
<trkpt lat="24.4906909" lon="121.1050338">
<ele>2063.03</ele>
<time>2023-03-16T23:30:35Z</time>
</trkpt>
<trkpt lat="24.4906499" lon="121.1049969">
<ele>2061.80</ele>
<time>2023-03-16T23:30:45Z</time>
</trkpt>
<trkpt lat="24.4906997" lon="121.1050025">
<ele>2063.47</ele>
<time>2023-03-16T23:31:09Z</time>
</trkpt>
<trkpt lat="24.4907275" lon="121.1050575">
<ele>2065.69</ele>
<time>2023-03-16T23:31:17Z</time>
</trkpt>
<trkpt lat="24.4907634" lon="121.1050906">
<ele>2065.14</ele>
<time>2023-03-16T23:31:23Z</time>
</trkpt>
<trkpt lat="24.4908147" lon="121.1051066">
<ele>2065.00</ele>
<time>2023-03-16T23:31:53Z</time>
</trkpt>
<trkpt lat="24.4908476" lon="121.1051508">
<ele>2065.55</ele>
<time>2023-03-16T23:32:01Z</time>
</trkpt>
<trkpt lat="24.4908678" lon="121.1052020">
<ele>2067.33</ele>
<time>2023-03-16T23:32:41Z</time>
</trkpt>
<trkpt lat="24.4908645" lon="121.1052655">
<ele>2069.42</ele>
<time>2023-03-16T23:32:53Z</time>
</trkpt>
<trkpt lat="24.4908355" lon="121.1053054">
<ele>2068.15</ele>
<time>2023-03-16T23:33:21Z</time>
</trkpt>
<trkpt lat="24.4908713" lon="121.1053550">
<ele>2067.57</ele>
<time>2023-03-16T23:33:27Z</time>
</trkpt>
<trkpt lat="24.4908965" lon="121.1053988">
<ele>2065.67</ele>
<time>2023-03-16T23:33:41Z</time>
</trkpt>
<trkpt lat="24.4908575" lon="121.1054480">
<ele>2062.74</ele>
<time>2023-03-16T23:33:59Z</time>
</trkpt>
<trkpt lat="24.4908711" lon="121.1053976">
<ele>2058.18</ele>
<time>2023-03-16T23:34:41Z</time>
</trkpt>
<trkpt lat="24.4908505" lon="121.1054423">
<ele>2057.41</ele>
<time>2023-03-16T23:35:53Z</time>
</trkpt>
<trkpt lat="24.4908269" lon="121.1054962">
<ele>2053.74</ele>
<time>2023-03-16T23:36:13Z</time>
</trkpt>
<trkpt lat="24.4907696" lon="121.1054890">
<ele>2051.74</ele>
<time>2023-03-16T23:36:23Z</time>
</trkpt>
<trkpt lat="24.4907017" lon="121.1054993">
<ele>2051.61</ele>
<time>2023-03-16T23:36:51Z</time>
</trkpt>
<trkpt lat="24.4906921" lon="121.1055533">
<ele>2052.92</ele>
<time>2023-03-16T23:36:59Z</time>
</trkpt>
<trkpt lat="24.4907138" lon="121.1055986">
<ele>2053.66</ele>
<time>2023-03-16T23:37:05Z</time>
</trkpt>
<trkpt lat="24.4907344" lon="121.1056485">
<ele>2053.43</ele>
<time>2023-03-16T23:37:11Z</time>
</trkpt>
<trkpt lat="24.4907489" lon="121.1056988">
<ele>2052.95</ele>
<time>2023-03-16T23:37:17Z</time>
</trkpt>
<trkpt lat="24.4907891" lon="121.1057363">
<ele>2051.80</ele>
<time>2023-03-16T23:37:23Z</time>
</trkpt>
<trkpt lat="24.4907613" lon="121.1057945">
<ele>2051.63</ele>
<time>2023-03-16T23:37:29Z</time>
</trkpt>
<trkpt lat="24.4907170" lon="121.1058216">
<ele>2052.67</ele>
<time>2023-03-16T23:37:35Z</time>
</trkpt>
<trkpt lat="24.4906734" lon="121.1058375">
<ele>2052.35</ele>
<time>2023-03-16T23:37:45Z</time>
</trkpt>
<trkpt lat="24.4906200" lon="121.1058299">
<ele>2051.43</ele>
<time>2023-03-16T23:38:11Z</time>
</trkpt>
<trkpt lat="24.4905708" lon="121.1058200">
<ele>2051.70</ele>
<time>2023-03-16T23:38:23Z</time>
</trkpt>
<trkpt lat="24.4905302" lon="121.1058421">
<ele>2050.43</ele>
<time>2023-03-16T23:38:43Z</time>
</trkpt>
<trkpt lat="24.4904990" lon="121.1058031">
<ele>2050.51</ele>
<time>2023-03-16T23:38:55Z</time>
</trkpt>
<trkpt lat="24.4904538" lon="121.1058148">
<ele>2053.08</ele>
<time>2023-03-16T23:39:03Z</time>
</trkpt>
<trkpt lat="24.4904286" lon="121.1058594">
<ele>2059.04</ele>
<time>2023-03-16T23:39:13Z</time>
</trkpt>
<trkpt lat="24.4903837" lon="121.1058770">
<ele>2058.87</ele>
<time>2023-03-16T23:39:45Z</time>
</trkpt>
<trkpt lat="24.4903711" lon="121.1059353">
<ele>2059.90</ele>
<time>2023-03-16T23:39:49Z</time>
</trkpt>
<trkpt lat="24.4903332" lon="121.1059822">
<ele>2059.74</ele>
<time>2023-03-16T23:39:55Z</time>
</trkpt>
<trkpt lat="24.4903168" lon="121.1060437">
<ele>2062.20</ele>
<time>2023-03-16T23:40:01Z</time>
</trkpt>
<trkpt lat="24.4902710" lon="121.1060845">
<ele>2060.60</ele>
<time>2023-03-16T23:40:07Z</time>
</trkpt>
<trkpt lat="24.4902421" lon="121.1061259">
<ele>2063.58</ele>
<time>2023-03-16T23:40:13Z</time>
</trkpt>
<trkpt lat="24.4902023" lon="121.1061532">
<ele>2065.45</ele>
<time>2023-03-16T23:40:19Z</time>
</trkpt>
<trkpt lat="24.4901767" lon="121.1061964">
<ele>2064.19</ele>
<time>2023-03-16T23:40:25Z</time>
</trkpt>
<trkpt lat="24.4901383" lon="121.1062396">
<ele>2066.53</ele>
<time>2023-03-16T23:40:31Z</time>
</trkpt>
<trkpt lat="24.4901382" lon="121.1061826">
<ele>2066.60</ele>
<time>2023-03-16T23:41:01Z</time>
</trkpt>
<trkpt lat="24.4901591" lon="121.1061348">
<ele>2065.35</ele>
<time>2023-03-16T23:41:07Z</time>
</trkpt>
<trkpt lat="24.4901149" lon="121.1061536">
<ele>2069.07</ele>
<time>2023-03-16T23:41:23Z</time>
</trkpt>
<trkpt lat="24.4900571" lon="121.1061588">
<ele>2066.82</ele>
<time>2023-03-16T23:41:31Z</time>
</trkpt>
<trkpt lat="24.4900447" lon="121.1061060">
<ele>2066.23</ele>
<time>2023-03-16T23:41:39Z</time>
</trkpt>
<trkpt lat="24.4900242" lon="121.1060588">
<ele>2067.69</ele>
<time>2023-03-16T23:41:49Z</time>
</trkpt>
<trkpt lat="24.4899839" lon="121.1060288">
<ele>2071.72</ele>
<time>2023-03-16T23:42:03Z</time>
</trkpt>
<trkpt lat="24.4899729" lon="121.1059756">
<ele>2070.69</ele>
<time>2023-03-16T23:42:27Z</time>
</trkpt>
<trkpt lat="24.4899631" lon="121.1059241">
<ele>2067.77</ele>
<time>2023-03-16T23:42:37Z</time>
</trkpt>
<trkpt lat="24.4899412" lon="121.1058807">
<ele>2068.80</ele>
<time>2023-03-16T23:42:57Z</time>
</trkpt>
<trkpt lat="24.4898937" lon="121.1058792">
<ele>2068.34</ele>
<time>2023-03-16T23:43:11Z</time>
</trkpt>
<trkpt lat="24.4899070" lon="121.1058263">
<ele>2066.13</ele>
<time>2023-03-16T23:43:17Z</time>
</trkpt>
<trkpt lat="24.4898722" lon="121.1058651">
<ele>2075.38</ele>
<time>2023-03-16T23:43:51Z</time>
</trkpt>
<trkpt lat="24.4898303" lon="121.1058926">
<ele>2080.79</ele>
<time>2023-03-16T23:44:11Z</time>
</trkpt>
<trkpt lat="24.4897817" lon="121.1058627">
<ele>2081.84</ele>
<time>2023-03-16T23:44:26Z</time>
</trkpt>
<trkpt lat="24.4897939" lon="121.1057957">
<ele>2084.61</ele>
<time>2023-03-16T23:44:49Z</time>
</trkpt>
<trkpt lat="24.4897736" lon="121.1057454">
<ele>2083.75</ele>
<time>2023-03-16T23:44:58Z</time>
</trkpt>
<trkpt lat="24.4897477" lon="121.1057014">
<ele>2082.08</ele>
<time>2023-03-16T23:45:09Z</time>
</trkpt>
<trkpt lat="24.4897154" lon="121.1056488">
<ele>2084.00</ele>
<time>2023-03-16T23:45:21Z</time>
</trkpt>
<trkpt lat="24.4896644" lon="121.1056307">
<ele>2087.40</ele>
<time>2023-03-16T23:45:48Z</time>
</trkpt>
<trkpt lat="24.4896176" lon="121.1056422">
<ele>2084.39</ele>
<time>2023-03-16T23:50:14Z</time>
</trkpt>
<trkpt lat="24.4895711" lon="121.1056276">
<ele>2084.10</ele>
<time>2023-03-16T23:50:22Z</time>
</trkpt>
<trkpt lat="24.4895312" lon="121.1055871">
<ele>2082.65</ele>
<time>2023-03-16T23:50:35Z</time>
</trkpt>
<trkpt lat="24.4895740" lon="121.1055529">
<ele>2082.63</ele>
<time>2023-03-16T23:50:42Z</time>
</trkpt>
<trkpt lat="24.4895943" lon="121.1055073">
<ele>2085.25</ele>
<time>2023-03-16T23:50:52Z</time>
</trkpt>
<trkpt lat="24.4896271" lon="121.1054716">
<ele>2089.94</ele>
<time>2023-03-16T23:51:10Z</time>
</trkpt>
<trkpt lat="24.4896596" lon="121.1054356">
<ele>2094.46</ele>
<time>2023-03-16T23:51:44Z</time>
</trkpt>
<trkpt lat="24.4896245" lon="121.1054046">
<ele>2094.44</ele>
<time>2023-03-16T23:52:04Z</time>
</trkpt>
<trkpt lat="24.4896721" lon="121.1053726">
<ele>2095.37</ele>
<time>2023-03-16T23:53:10Z</time>
</trkpt>
<trkpt lat="24.4896194" lon="121.1053975">
<ele>2097.69</ele>
<time>2023-03-16T23:53:26Z</time>
</trkpt>
<trkpt lat="24.4895850" lon="121.1054300">
<ele>2099.12</ele>
<time>2023-03-16T23:53:32Z</time>
</trkpt>
<trkpt lat="24.4895352" lon="121.1054346">
<ele>2097.63</ele>
<time>2023-03-16T23:53:38Z</time>
</trkpt>
<trkpt lat="24.4894700" lon="121.1054351">
<ele>2098.13</ele>
<time>2023-03-16T23:53:44Z</time>
</trkpt>
<trkpt lat="24.4894224" lon="121.1054459">
<ele>2097.32</ele>
<time>2023-03-16T23:53:48Z</time>
</trkpt>
<trkpt lat="24.4893671" lon="121.1054356">
<ele>2098.43</ele>
<time>2023-03-16T23:53:54Z</time>
</trkpt>
<trkpt lat="24.4893120" lon="121.1054214">
<ele>2097.56</ele>
<time>2023-03-16T23:54:00Z</time>
</trkpt>
<trkpt lat="24.4892562" lon="121.1053889">
<ele>2096.67</ele>
<time>2023-03-16T23:54:06Z</time>
</trkpt>
<trkpt lat="24.4892166" lon="121.1053633">
<ele>2096.12</ele>
<time>2023-03-16T23:54:10Z</time>
</trkpt>
<trkpt lat="24.4891579" lon="121.1053313">
<ele>2096.83</ele>
<time>2023-03-16T23:54:16Z</time>
</trkpt>
<trkpt lat="24.4891236" lon="121.1052971">
<ele>2099.20</ele>
<time>2023-03-16T23:54:24Z</time>
</trkpt>
<trkpt lat="24.4890636" lon="121.1052638">
<ele>2098.06</ele>
<time>2023-03-16T23:54:30Z</time>
</trkpt>
<trkpt lat="24.4890167" lon="121.1052511">
<ele>2097.98</ele>
<time>2023-03-16T23:54:34Z</time>
</trkpt>
<trkpt lat="24.4889770" lon="121.1052276">
<ele>2095.84</ele>
<time>2023-03-16T23:54:38Z</time>
</trkpt>
<trkpt lat="24.4889131" lon="121.1052232">
<ele>2095.63</ele>
<time>2023-03-16T23:54:44Z</time>
</trkpt>
<trkpt lat="24.4888549" lon="121.1052564">
<ele>2094.79</ele>
<time>2023-03-16T23:54:50Z</time>
</trkpt>
<trkpt lat="24.4887977" lon="121.1052948">
<ele>2094.73</ele>
<time>2023-03-16T23:54:56Z</time>
</trkpt>
<trkpt lat="24.4887669" lon="121.1053488">
<ele>2092.94</ele>
<time>2023-03-16T23:55:02Z</time>
</trkpt>
<trkpt lat="24.4887339" lon="121.1054079">
<ele>2092.46</ele>
<time>2023-03-16T23:55:08Z</time>
</trkpt>
<trkpt lat="24.4886822" lon="121.1054487">
<ele>2091.31</ele>
<time>2023-03-16T23:55:14Z</time>
</trkpt>
<trkpt lat="24.4886285" lon="121.1054848">
<ele>2088.48</ele>
<time>2023-03-16T23:55:20Z</time>
</trkpt>
<trkpt lat="24.4885885" lon="121.1055150">
<ele>2088.96</ele>
<time>2023-03-16T23:55:24Z</time>
</trkpt>
<trkpt lat="24.4885290" lon="121.1055353">
<ele>2089.29</ele>
<time>2023-03-16T23:55:30Z</time>
</trkpt>
<trkpt lat="24.4884816" lon="121.1055198">
<ele>2088.85</ele>
<time>2023-03-16T23:55:34Z</time>
</trkpt>
<trkpt lat="24.4884302" lon="121.1055073">
<ele>2088.84</ele>
<time>2023-03-16T23:55:40Z</time>
</trkpt>
<trkpt lat="24.4883665" lon="121.1055035">
<ele>2087.74</ele>
<time>2023-03-16T23:55:46Z</time>
</trkpt>
<trkpt lat="24.4882965" lon="121.1054936">
<ele>2085.88</ele>
<time>2023-03-16T23:55:52Z</time>
</trkpt>
<trkpt lat="24.4882453" lon="121.1054505">
<ele>2083.15</ele>
<time>2023-03-16T23:55:58Z</time>
</trkpt>
<trkpt lat="24.4882112" lon="121.1054101">
<ele>2086.86</ele>
<time>2023-03-16T23:56:06Z</time>
</trkpt>
<trkpt lat="24.4881577" lon="121.1053778">
<ele>2087.67</ele>
<time>2023-03-16T23:56:16Z</time>
</trkpt>
<trkpt lat="24.4881382" lon="121.1053231">
<ele>2088.28</ele>
<time>2023-03-16T23:56:24Z</time>
</trkpt>
<trkpt lat="24.4880961" lon="121.1052809">
<ele>2088.88</ele>
<time>2023-03-16T23:56:30Z</time>
</trkpt>
<trkpt lat="24.4880606" lon="121.1052097">
<ele>2093.03</ele>
<time>2023-03-16T23:56:34Z</time>
</trkpt>
<trkpt lat="24.4880184" lon="121.1052561">
<ele>2090.82</ele>
<time>2023-03-16T23:56:37Z</time>
</trkpt>
<trkpt lat="24.4879524" lon="121.1052549">
<ele>2090.71</ele>
<time>2023-03-16T23:56:45Z</time>
</trkpt>
<trkpt lat="24.4878978" lon="121.1052516">
<ele>2081.14</ele>
<time>2023-03-16T23:57:16Z</time>
</trkpt>
<trkpt lat="24.4878699" lon="121.1052105">
<ele>2077.76</ele>
<time>2023-03-16T23:57:26Z</time>
</trkpt>
<trkpt lat="24.4878343" lon="121.1051648">
<ele>2079.05</ele>
<time>2023-03-16T23:57:32Z</time>
</trkpt>
<trkpt lat="24.4877847" lon="121.1051460">
<ele>2077.26</ele>
<time>2023-03-16T23:57:38Z</time>
</trkpt>
<trkpt lat="24.4877322" lon="121.1051099">
<ele>2078.57</ele>
<time>2023-03-16T23:57:44Z</time>
</trkpt>
<trkpt lat="24.4876786" lon="121.1050885">
<ele>2079.95</ele>
<time>2023-03-16T23:57:50Z</time>
</trkpt>
<trkpt lat="24.4876319" lon="121.1050717">
<ele>2078.49</ele>
<time>2023-03-16T23:57:56Z</time>
</trkpt>
<trkpt lat="24.4875664" lon="121.1050599">
<ele>2077.85</ele>
<time>2023-03-16T23:58:04Z</time>
</trkpt>
<trkpt lat="24.4875161" lon="121.1050434">
<ele>2076.57</ele>
<time>2023-03-16T23:58:08Z</time>
</trkpt>
<trkpt lat="24.4874618" lon="121.1050132">
<ele>2077.68</ele>
<time>2023-03-16T23:58:14Z</time>
</trkpt>
<trkpt lat="24.4874052" lon="121.1050174">
<ele>2077.02</ele>
<time>2023-03-16T23:58:20Z</time>
</trkpt>
<trkpt lat="24.4873532" lon="121.1050096">
<ele>2077.55</ele>
<time>2023-03-16T23:58:26Z</time>
</trkpt>
<trkpt lat="24.4873045" lon="121.1050047">
<ele>2076.85</ele>
<time>2023-03-16T23:58:34Z</time>
</trkpt>
<trkpt lat="24.4872684" lon="121.1049585">
<ele>2077.06</ele>
<time>2023-03-16T23:58:42Z</time>
</trkpt>
<trkpt lat="24.4872115" lon="121.1049461">
<ele>2075.46</ele>
<time>2023-03-16T23:58:54Z</time>
</trkpt>
<trkpt lat="24.4871746" lon="121.1049125">
<ele>2080.01</ele>
<time>2023-03-16T23:59:07Z</time>
</trkpt>
<trkpt lat="24.4871250" lon="121.1049000">
<ele>2076.11</ele>
<time>2023-03-16T23:59:25Z</time>
</trkpt>
<trkpt lat="24.4871780" lon="121.1049191">
<ele>2074.81</ele>
<time>2023-03-16T23:59:37Z</time>
</trkpt>
<trkpt lat="24.4871320" lon="121.1049073">
<ele>2075.28</ele>
<time>2023-03-17T00:00:01Z</time>
</trkpt>
<trkpt lat="24.4870913" lon="121.1048839">
<ele>2076.33</ele>
<time>2023-03-17T00:00:19Z</time>
</trkpt>
<trkpt lat="24.4870352" lon="121.1048778">
<ele>2075.21</ele>
<time>2023-03-17T00:00:33Z</time>
</trkpt>
<trkpt lat="24.4869836" lon="121.1048671">
<ele>2076.67</ele>
<time>2023-03-17T00:00:47Z</time>
</trkpt>
<trkpt lat="24.4869426" lon="121.1048322">
<ele>2076.06</ele>
<time>2023-03-17T00:01:01Z</time>
</trkpt>
<trkpt lat="24.4868960" lon="121.1047980">
<ele>2075.40</ele>
<time>2023-03-17T00:01:13Z</time>
</trkpt>
<trkpt lat="24.4868578" lon="121.1047672">
<ele>2075.38</ele>
<time>2023-03-17T00:01:23Z</time>
</trkpt>
<trkpt lat="24.4868150" lon="121.1047352">
<ele>2075.88</ele>
<time>2023-03-17T00:01:31Z</time>
</trkpt>
<trkpt lat="24.4867760" lon="121.1046970">
<ele>2076.61</ele>
<time>2023-03-17T00:01:39Z</time>
</trkpt>
<trkpt lat="24.4867284" lon="121.1046959">
<ele>2075.77</ele>
<time>2023-03-17T00:01:51Z</time>
</trkpt>
<trkpt lat="24.4866923" lon="121.1046633">
<ele>2076.18</ele>
<time>2023-03-17T00:02:01Z</time>
</trkpt>
<trkpt lat="24.4866720" lon="121.1046190">
<ele>2076.67</ele>
<time>2023-03-17T00:02:11Z</time>
</trkpt>
<trkpt lat="24.4866305" lon="121.1045986">
<ele>2076.27</ele>
<time>2023-03-17T00:02:17Z</time>
</trkpt>
<trkpt lat="24.4865800" lon="121.1045588">
<ele>2075.84</ele>
<time>2023-03-17T00:02:25Z</time>
</trkpt>
<trkpt lat="24.4865375" lon="121.1045105">
<ele>2075.96</ele>
<time>2023-03-17T00:02:33Z</time>
</trkpt>
<trkpt lat="24.4865089" lon="121.1044640">
<ele>2075.87</ele>
<time>2023-03-17T00:02:39Z</time>
</trkpt>
<trkpt lat="24.4864622" lon="121.1044441">
<ele>2074.93</ele>
<time>2023-03-17T00:02:47Z</time>
</trkpt>
<trkpt lat="24.4864149" lon="121.1044415">
<ele>2073.09</ele>
<time>2023-03-17T00:02:53Z</time>
</trkpt>
<trkpt lat="24.4863643" lon="121.1044530">
<ele>2072.81</ele>
<time>2023-03-17T00:02:59Z</time>
</trkpt>
<trkpt lat="24.4863142" lon="121.1044529">
<ele>2073.13</ele>
<time>2023-03-17T00:03:07Z</time>
</trkpt>
<trkpt lat="24.4862797" lon="121.1044854">
<ele>2073.30</ele>
<time>2023-03-17T00:03:17Z</time>
</trkpt>
<trkpt lat="24.4862354" lon="121.1045167">
<ele>2076.36</ele>
<time>2023-03-17T00:03:37Z</time>
</trkpt>
<trkpt lat="24.4861849" lon="121.1045106">
<ele>2077.94</ele>
<time>2023-03-17T00:03:47Z</time>
</trkpt>
<trkpt lat="24.4861317" lon="121.1044917">
<ele>2079.83</ele>
<time>2023-03-17T00:03:57Z</time>
</trkpt>
<trkpt lat="24.4861014" lon="121.1044524">
<ele>2079.34</ele>
<time>2023-03-17T00:04:03Z</time>
</trkpt>
<trkpt lat="24.4860598" lon="121.1044267">
<ele>2080.23</ele>
<time>2023-03-17T00:04:11Z</time>
</trkpt>
<trkpt lat="24.4860083" lon="121.1044142">
<ele>2081.19</ele>
<time>2023-03-17T00:04:19Z</time>
</trkpt>
<trkpt lat="24.4859630" lon="121.1043744">
<ele>2079.87</ele>
<time>2023-03-17T00:04:27Z</time>
</trkpt>
<trkpt lat="24.4859123" lon="121.1043453">
<ele>2078.51</ele>
<time>2023-03-17T00:04:35Z</time>
</trkpt>
<trkpt lat="24.4858545" lon="121.1043578">
<ele>2077.63</ele>
<time>2023-03-17T00:04:43Z</time>
</trkpt>
<trkpt lat="24.4857976" lon="121.1043576">
<ele>2077.45</ele>
<time>2023-03-17T00:04:49Z</time>
</trkpt>
<trkpt lat="24.4857427" lon="121.1043388">
<ele>2077.80</ele>
<time>2023-03-17T00:04:57Z</time>
</trkpt>
<trkpt lat="24.4856951" lon="121.1043519">
<ele>2078.52</ele>
<time>2023-03-17T00:05:01Z</time>
</trkpt>
<trkpt lat="24.4856424" lon="121.1043511">
<ele>2076.78</ele>
<time>2023-03-17T00:05:07Z</time>
</trkpt>
<trkpt lat="24.4855834" lon="121.1043622">
<ele>2077.48</ele>
<time>2023-03-17T00:05:11Z</time>
</trkpt>
<trkpt lat="24.4855324" lon="121.1043350">
<ele>2078.60</ele>
<time>2023-03-17T00:05:15Z</time>
</trkpt>
<trkpt lat="24.4854723" lon="121.1043074">
<ele>2078.14</ele>
<time>2023-03-17T00:05:21Z</time>
</trkpt>
<trkpt lat="24.4854254" lon="121.1043000">
<ele>2079.24</ele>
<time>2023-03-17T00:05:25Z</time>
</trkpt>
<trkpt lat="24.4853729" lon="121.1042944">
<ele>2080.83</ele>
<time>2023-03-17T00:05:29Z</time>
</trkpt>
<trkpt lat="24.4853232" lon="121.1042893">
<ele>2082.25</ele>
<time>2023-03-17T00:05:33Z</time>
</trkpt>
<trkpt lat="24.4852743" lon="121.1042835">
<ele>2082.01</ele>
<time>2023-03-17T00:05:39Z</time>
</trkpt>
<trkpt lat="24.4852347" lon="121.1043081">
<ele>2083.84</ele>
<time>2023-03-17T00:05:43Z</time>
</trkpt>
<trkpt lat="24.4851872" lon="121.1043172">
<ele>2085.94</ele>
<time>2023-03-17T00:05:47Z</time>
</trkpt>
<trkpt lat="24.4851484" lon="121.1042852">
<ele>2081.38</ele>
<time>2023-03-17T00:05:53Z</time>
</trkpt>
<trkpt lat="24.4850990" lon="121.1042538">
<ele>2078.44</ele>
<time>2023-03-17T00:06:01Z</time>
</trkpt>
<trkpt lat="24.4850530" lon="121.1042800">
<ele>2079.10</ele>
<time>2023-03-17T00:06:11Z</time>
</trkpt>
<trkpt lat="24.4849981" lon="121.1042717">
<ele>2079.99</ele>
<time>2023-03-17T00:06:21Z</time>
</trkpt>
<trkpt lat="24.4849561" lon="121.1043086">
<ele>2079.14</ele>
<time>2023-03-17T00:06:33Z</time>
</trkpt>
<trkpt lat="24.4849118" lon="121.1042848">
<ele>2078.45</ele>
<time>2023-03-17T00:06:41Z</time>
</trkpt>
<trkpt lat="24.4848629" lon="121.1042528">
<ele>2077.80</ele>
<time>2023-03-17T00:06:49Z</time>
</trkpt>
<trkpt lat="24.4848113" lon="121.1042355">
<ele>2078.49</ele>
<time>2023-03-17T00:06:59Z</time>
</trkpt>
<trkpt lat="24.4847683" lon="121.1041923">
<ele>2079.21</ele>
<time>2023-03-17T00:07:35Z</time>
</trkpt>
<trkpt lat="24.4847293" lon="121.1041618">
<ele>2077.93</ele>
<time>2023-03-17T00:07:41Z</time>
</trkpt>
<trkpt lat="24.4846934" lon="121.1041308">
<ele>2077.97</ele>
<time>2023-03-17T00:07:47Z</time>
</trkpt>
<trkpt lat="24.4846447" lon="121.1041030">
<ele>2080.11</ele>
<time>2023-03-17T00:07:57Z</time>
</trkpt>
<trkpt lat="24.4846030" lon="121.1041385">
<ele>2080.86</ele>
<time>2023-03-17T00:08:07Z</time>
</trkpt>
<trkpt lat="24.4845590" lon="121.1041000">
<ele>2080.84</ele>
<time>2023-03-17T00:08:17Z</time>
</trkpt>
<trkpt lat="24.4845144" lon="121.1040838">
<ele>2082.46</ele>
<time>2023-03-17T00:08:25Z</time>
</trkpt>
<trkpt lat="24.4845016" lon="121.1040307">
<ele>2081.14</ele>
<time>2023-03-17T00:09:01Z</time>
</trkpt>
<trkpt lat="24.4844555" lon="121.1040109">
<ele>2079.25</ele>
<time>2023-03-17T00:09:29Z</time>
</trkpt>
<trkpt lat="24.4844140" lon="121.1039752">
<ele>2078.98</ele>
<time>2023-03-17T00:09:37Z</time>
</trkpt>
<trkpt lat="24.4843651" lon="121.1039422">
<ele>2078.12</ele>
<time>2023-03-17T00:09:47Z</time>
</trkpt>
<trkpt lat="24.4843192" lon="121.1039341">
<ele>2075.90</ele>
<time>2023-03-17T00:10:03Z</time>
</trkpt>
<trkpt lat="24.4842800" lon="121.1039038">
<ele>2074.66</ele>
<time>2023-03-17T00:10:09Z</time>
</trkpt>
<trkpt lat="24.4842349" lon="121.1039148">
<ele>2073.17</ele>
<time>2023-03-17T00:10:17Z</time>
</trkpt>
<trkpt lat="24.4841982" lon="121.1038796">
<ele>2072.09</ele>
<time>2023-03-17T00:10:25Z</time>
</trkpt>
<trkpt lat="24.4841564" lon="121.1039011">
<ele>2073.60</ele>
<time>2023-03-17T00:10:33Z</time>
</trkpt>
<trkpt lat="24.4841565" lon="121.1038477">
<ele>2074.62</ele>
<time>2023-03-17T00:10:45Z</time>
</trkpt>
<trkpt lat="24.4841355" lon="121.1037910">
<ele>2075.21</ele>
<time>2023-03-17T00:10:55Z</time>
</trkpt>
<trkpt lat="24.4840932" lon="121.1037475">
<ele>2074.81</ele>
<time>2023-03-17T00:11:09Z</time>
</trkpt>
<trkpt lat="24.4840539" lon="121.1037069">
<ele>2076.64</ele>
<time>2023-03-17T00:11:27Z</time>
</trkpt>
<trkpt lat="24.4840070" lon="121.1036858">
<ele>2077.31</ele>
<time>2023-03-17T00:11:45Z</time>
</trkpt>
<trkpt lat="24.4839594" lon="121.1036577">
<ele>2077.80</ele>
<time>2023-03-17T00:11:57Z</time>
</trkpt>
<trkpt lat="24.4839186" lon="121.1036361">
<ele>2076.81</ele>
<time>2023-03-17T00:12:13Z</time>
</trkpt>
<trkpt lat="24.4838738" lon="121.1036177">
<ele>2075.17</ele>
<time>2023-03-17T00:12:25Z</time>
</trkpt>
<trkpt lat="24.4838325" lon="121.1035939">
<ele>2075.51</ele>
<time>2023-03-17T00:12:37Z</time>
</trkpt>
<trkpt lat="24.4837833" lon="121.1035771">
<ele>2073.55</ele>
<time>2023-03-17T00:13:19Z</time>
</trkpt>
<trkpt lat="24.4837430" lon="121.1035537">
<ele>2071.92</ele>
<time>2023-03-17T00:14:23Z</time>
</trkpt>
<trkpt lat="24.4837146" lon="121.1035081">
<ele>2070.92</ele>
<time>2023-03-17T00:14:35Z</time>
</trkpt>
<trkpt lat="24.4836660" lon="121.1035133">
<ele>2070.43</ele>
<time>2023-03-17T00:14:45Z</time>
</trkpt>
<trkpt lat="24.4836288" lon="121.1034647">
<ele>2071.62</ele>
<time>2023-03-17T00:14:59Z</time>
</trkpt>
<trkpt lat="24.4835794" lon="121.1034442">
<ele>2072.48</ele>
<time>2023-03-17T00:15:11Z</time>
</trkpt>
<trkpt lat="24.4835258" lon="121.1034235">
<ele>2072.66</ele>
<time>2023-03-17T00:15:21Z</time>
</trkpt>
<trkpt lat="24.4834881" lon="121.1033808">
<ele>2073.19</ele>
<time>2023-03-17T00:15:27Z</time>
</trkpt>
<trkpt lat="24.4834551" lon="121.1033456">
<ele>2074.01</ele>
<time>2023-03-17T00:15:35Z</time>
</trkpt>
<trkpt lat="24.4834192" lon="121.1033106">
<ele>2074.11</ele>
<time>2023-03-17T00:15:43Z</time>
</trkpt>
<trkpt lat="24.4833690" lon="121.1033091">
<ele>2070.97</ele>
<time>2023-03-17T00:15:51Z</time>
</trkpt>
<trkpt lat="24.4833100" lon="121.1032903">
<ele>2070.96</ele>
<time>2023-03-17T00:16:03Z</time>
</trkpt>
<trkpt lat="24.4832611" lon="121.1032716">
<ele>2071.81</ele>
<time>2023-03-17T00:16:11Z</time>
</trkpt>
<trkpt lat="24.4832090" lon="121.1032768">
<ele>2071.30</ele>
<time>2023-03-17T00:16:19Z</time>
</trkpt>
<trkpt lat="24.4831665" lon="121.1032424">
<ele>2069.43</ele>
<time>2023-03-17T00:16:27Z</time>
</trkpt>
<trkpt lat="24.4831228" lon="121.1032263">
<ele>2072.23</ele>
<time>2023-03-17T00:16:33Z</time>
</trkpt>
<trkpt lat="24.4830714" lon="121.1032194">
<ele>2072.87</ele>
<time>2023-03-17T00:16:41Z</time>
</trkpt>
<trkpt lat="24.4830273" lon="121.1032079">
<ele>2071.75</ele>
<time>2023-03-17T00:16:49Z</time>
</trkpt>
<trkpt lat="24.4829721" lon="121.1031851">
<ele>2072.83</ele>
<time>2023-03-17T00:16:57Z</time>
</trkpt>
<trkpt lat="24.4829258" lon="121.1031508">
<ele>2073.38</ele>
<time>2023-03-17T00:17:05Z</time>
</trkpt>
<trkpt lat="24.4828798" lon="121.1031502">
<ele>2075.34</ele>
<time>2023-03-17T00:17:11Z</time>
</trkpt>
<trkpt lat="24.4828342" lon="121.1031035">
<ele>2074.25</ele>
<time>2023-03-17T00:17:19Z</time>
</trkpt>
<trkpt lat="24.4827993" lon="121.1030648">
<ele>2075.41</ele>
<time>2023-03-17T00:17:29Z</time>
</trkpt>
<trkpt lat="24.4827514" lon="121.1030499">
<ele>2077.09</ele>
<time>2023-03-17T00:17:39Z</time>
</trkpt>
<trkpt lat="24.4826978" lon="121.1030411">
<ele>2078.36</ele>
<time>2023-03-17T00:17:49Z</time>
</trkpt>
<trkpt lat="24.4826699" lon="121.1030013">
<ele>2078.13</ele>
<time>2023-03-17T00:17:55Z</time>
</trkpt>
<trkpt lat="24.4826252" lon="121.1029904">
<ele>2074.10</ele>
<time>2023-03-17T00:18:11Z</time>
</trkpt>
<trkpt lat="24.4825806" lon="121.1029735">
<ele>2073.85</ele>
<time>2023-03-17T00:18:21Z</time>
</trkpt>
<trkpt lat="24.4825451" lon="121.1029309">
<ele>2074.16</ele>
<time>2023-03-17T00:18:29Z</time>
</trkpt>
<trkpt lat="24.4825044" lon="121.1028990">
<ele>2074.12</ele>
<time>2023-03-17T00:18:35Z</time>
</trkpt>
<trkpt lat="24.4824676" lon="121.1028591">
<ele>2077.14</ele>
<time>2023-03-17T00:18:41Z</time>
</trkpt>
<trkpt lat="24.4824235" lon="121.1028364">
<ele>2078.28</ele>
<time>2023-03-17T00:18:47Z</time>
</trkpt>
<trkpt lat="24.4823718" lon="121.1028540">
<ele>2075.88</ele>
<time>2023-03-17T00:18:53Z</time>
</trkpt>
<trkpt lat="24.4823384" lon="121.1028137">
<ele>2076.79</ele>
<time>2023-03-17T00:19:03Z</time>
</trkpt>
<trkpt lat="24.4822934" lon="121.1028214">
<ele>2079.35</ele>
<time>2023-03-17T00:19:11Z</time>
</trkpt>
<trkpt lat="24.4822799" lon="121.1028742">
<ele>2078.56</ele>
<time>2023-03-17T00:19:23Z</time>
</trkpt>
<trkpt lat="24.4822340" lon="121.1028619">
<ele>2078.22</ele>
<time>2023-03-17T00:19:31Z</time>
</trkpt>
<trkpt lat="24.4821894" lon="121.1028728">
<ele>2079.70</ele>
<time>2023-03-17T00:19:39Z</time>
</trkpt>
<trkpt lat="24.4821346" lon="121.1028577">
<ele>2077.77</ele>
<time>2023-03-17T00:19:51Z</time>
</trkpt>
<trkpt lat="24.4820784" lon="121.1028657">
<ele>2076.86</ele>
<time>2023-03-17T00:20:01Z</time>
</trkpt>
<trkpt lat="24.4820461" lon="121.1029019">
<ele>2077.03</ele>
<time>2023-03-17T00:20:09Z</time>
</trkpt>
<trkpt lat="24.4820287" lon="121.1029526">
<ele>2074.96</ele>
<time>2023-03-17T00:20:17Z</time>
</trkpt>
<trkpt lat="24.4820446" lon="121.1030010">
<ele>2075.35</ele>
<time>2023-03-17T00:20:23Z</time>
</trkpt>
<trkpt lat="24.4820129" lon="121.1030402">
<ele>2071.77</ele>
<time>2023-03-17T00:20:29Z</time>
</trkpt>
<trkpt lat="24.4819831" lon="121.1030784">
<ele>2070.28</ele>
<time>2023-03-17T00:20:35Z</time>
</trkpt>
<trkpt lat="24.4819362" lon="121.1030636">
<ele>2067.92</ele>
<time>2023-03-17T00:20:41Z</time>
</trkpt>
<trkpt lat="24.4818900" lon="121.1030938">
<ele>2070.12</ele>
<time>2023-03-17T00:20:49Z</time>
</trkpt>
<trkpt lat="24.4818349" lon="121.1030801">
<ele>2070.31</ele>
<time>2023-03-17T00:20:57Z</time>
</trkpt>
<trkpt lat="24.4818467" lon="121.1030121">
<ele>2073.47</ele>
<time>2023-03-17T00:21:13Z</time>
</trkpt>
<trkpt lat="24.4818324" lon="121.1030867">
<ele>2070.05</ele>
<time>2023-03-17T00:21:21Z</time>
</trkpt>
<trkpt lat="24.4818584" lon="121.1029664">
<ele>2084.61</ele>
<time>2023-03-17T00:21:25Z</time>
</trkpt>
<trkpt lat="24.4818112" lon="121.1029847">
<ele>2082.96</ele>
<time>2023-03-17T00:26:49Z</time>
</trkpt>
<trkpt lat="24.4817506" lon="121.1029741">
<ele>2083.81</ele>
<time>2023-03-17T00:26:55Z</time>
</trkpt>
<trkpt lat="24.4817126" lon="121.1029387">
<ele>2082.67</ele>
<time>2023-03-17T00:27:03Z</time>
</trkpt>
<trkpt lat="24.4816669" lon="121.1029126">
<ele>2082.44</ele>
<time>2023-03-17T00:27:09Z</time>
</trkpt>
<trkpt lat="24.4816395" lon="121.1028650">
<ele>2081.64</ele>
<time>2023-03-17T00:27:37Z</time>
</trkpt>
<trkpt lat="24.4816393" lon="121.1028067">
<ele>2079.79</ele>
<time>2023-03-17T00:27:47Z</time>
</trkpt>
<trkpt lat="24.4816179" lon="121.1027611">
<ele>2079.83</ele>
<time>2023-03-17T00:27:53Z</time>
</trkpt>
<trkpt lat="24.4816018" lon="121.1027018">
<ele>2081.23</ele>
<time>2023-03-17T00:28:01Z</time>
</trkpt>
<trkpt lat="24.4815699" lon="121.1026552">
<ele>2081.36</ele>
<time>2023-03-17T00:28:09Z</time>
</trkpt>
<trkpt lat="24.4815592" lon="121.1026043">
<ele>2081.96</ele>
<time>2023-03-17T00:28:15Z</time>
</trkpt>
<trkpt lat="24.4815368" lon="121.1025488">
<ele>2082.77</ele>
<time>2023-03-17T00:28:25Z</time>
</trkpt>
<trkpt lat="24.4815233" lon="121.1024969">
<ele>2082.58</ele>
<time>2023-03-17T00:28:37Z</time>
</trkpt>
<trkpt lat="24.4814882" lon="121.1024628">
<ele>2081.88</ele>
<time>2023-03-17T00:28:45Z</time>
</trkpt>
<trkpt lat="24.4814446" lon="121.1024350">
<ele>2082.00</ele>
<time>2023-03-17T00:28:53Z</time>
</trkpt>
<trkpt lat="24.4813793" lon="121.1024512">
<ele>2084.32</ele>
<time>2023-03-17T00:29:04Z</time>
</trkpt>
<trkpt lat="24.4813502" lon="121.1024995">
<ele>2085.86</ele>
<time>2023-03-17T00:29:15Z</time>
</trkpt>
<trkpt lat="24.4813151" lon="121.1025311">
<ele>2085.21</ele>
<time>2023-03-17T00:29:25Z</time>
</trkpt>
<trkpt lat="24.4812755" lon="121.1025790">
<ele>2086.84</ele>
<time>2023-03-17T00:29:35Z</time>
</trkpt>
<trkpt lat="24.4812327" lon="121.1026040">
<ele>2087.20</ele>
<time>2023-03-17T00:29:41Z</time>
</trkpt>
<trkpt lat="24.4812115" lon="121.1026537">
<ele>2085.55</ele>
<time>2023-03-17T00:29:47Z</time>
</trkpt>
<trkpt lat="24.4811770" lon="121.1027027">
<ele>2083.66</ele>
<time>2023-03-17T00:29:55Z</time>
</trkpt>
<trkpt lat="24.4811367" lon="121.1027274">
<ele>2082.07</ele>
<time>2023-03-17T00:30:01Z</time>
</trkpt>
<trkpt lat="24.4810825" lon="121.1027350">
<ele>2082.14</ele>
<time>2023-03-17T00:30:07Z</time>
</trkpt>
<trkpt lat="24.4810338" lon="121.1027532">
<ele>2082.54</ele>
<time>2023-03-17T00:30:13Z</time>
</trkpt>
<trkpt lat="24.4809773" lon="121.1027464">
<ele>2084.93</ele>
<time>2023-03-17T00:30:19Z</time>
</trkpt>
<trkpt lat="24.4809253" lon="121.1027546">
<ele>2084.29</ele>
<time>2023-03-17T00:30:25Z</time>
</trkpt>
<trkpt lat="24.4808767" lon="121.1027688">
<ele>2086.34</ele>
<time>2023-03-17T00:30:31Z</time>
</trkpt>
<trkpt lat="24.4808265" lon="121.1027809">
<ele>2084.75</ele>
<time>2023-03-17T00:30:37Z</time>
</trkpt>
<trkpt lat="24.4807694" lon="121.1027794">
<ele>2085.13</ele>
<time>2023-03-17T00:30:43Z</time>
</trkpt>
<trkpt lat="24.4807152" lon="121.1027810">
<ele>2083.21</ele>
<time>2023-03-17T00:30:49Z</time>
</trkpt>
<trkpt lat="24.4806717" lon="121.1027482">
<ele>2085.31</ele>
<time>2023-03-17T00:30:55Z</time>
</trkpt>
<trkpt lat="24.4806546" lon="121.1026918">
<ele>2084.11</ele>
<time>2023-03-17T00:31:03Z</time>
</trkpt>
<trkpt lat="24.4806311" lon="121.1026445">
<ele>2086.05</ele>
<time>2023-03-17T00:31:11Z</time>
</trkpt>
<trkpt lat="24.4805942" lon="121.1026082">
<ele>2086.86</ele>
<time>2023-03-17T00:31:17Z</time>
</trkpt>
<trkpt lat="24.4805603" lon="121.1025696">
<ele>2086.02</ele>
<time>2023-03-17T00:31:23Z</time>
</trkpt>
<trkpt lat="24.4805218" lon="121.1025210">
<ele>2087.73</ele>
<time>2023-03-17T00:31:29Z</time>
</trkpt>
<trkpt lat="24.4804634" lon="121.1024941">
<ele>2086.09</ele>
<time>2023-03-17T00:31:35Z</time>
</trkpt>
<trkpt lat="24.4804041" lon="121.1024765">
<ele>2085.83</ele>
<time>2023-03-17T00:31:41Z</time>
</trkpt>
<trkpt lat="24.4803534" lon="121.1024722">
<ele>2086.01</ele>
<time>2023-03-17T00:31:47Z</time>
</trkpt>
<trkpt lat="24.4803073" lon="121.1024520">
<ele>2087.26</ele>
<time>2023-03-17T00:31:53Z</time>
</trkpt>
<trkpt lat="24.4802485" lon="121.1024410">
<ele>2087.30</ele>
<time>2023-03-17T00:32:01Z</time>
</trkpt>
<trkpt lat="24.4802045" lon="121.1024248">
<ele>2088.67</ele>
<time>2023-03-17T00:32:07Z</time>
</trkpt>
<trkpt lat="24.4801571" lon="121.1024088">
<ele>2087.02</ele>
<time>2023-03-17T00:32:19Z</time>
</trkpt>
<trkpt lat="24.4801118" lon="121.1024082">
<ele>2087.02</ele>
<time>2023-03-17T00:32:27Z</time>
</trkpt>
<trkpt lat="24.4800612" lon="121.1024107">
<ele>2088.40</ele>
<time>2023-03-17T00:32:33Z</time>
</trkpt>
<trkpt lat="24.4800065" lon="121.1024346">
<ele>2087.01</ele>
<time>2023-03-17T00:32:43Z</time>
</trkpt>
<trkpt lat="24.4799523" lon="121.1024373">
<ele>2089.44</ele>
<time>2023-03-17T00:32:53Z</time>
</trkpt>
<trkpt lat="24.4799042" lon="121.1024344">
<ele>2090.79</ele>
<time>2023-03-17T00:33:01Z</time>
</trkpt>
<trkpt lat="24.4798569" lon="121.1024305">
<ele>2090.46</ele>
<time>2023-03-17T00:33:13Z</time>
</trkpt>
<trkpt lat="24.4798090" lon="121.1024464">
<ele>2089.93</ele>
<time>2023-03-17T00:33:29Z</time>
</trkpt>
<trkpt lat="24.4797612" lon="121.1024332">
<ele>2090.41</ele>
<time>2023-03-17T00:33:39Z</time>
</trkpt>
<trkpt lat="24.4797240" lon="121.1023961">
<ele>2088.60</ele>
<time>2023-03-17T00:33:53Z</time>
</trkpt>
<trkpt lat="24.4796748" lon="121.1023914">
<ele>2089.01</ele>
<time>2023-03-17T00:34:15Z</time>
</trkpt>
<trkpt lat="24.4796461" lon="121.1023530">
<ele>2089.17</ele>
<time>2023-03-17T00:34:21Z</time>
</trkpt>
<trkpt lat="24.4795943" lon="121.1023594">
<ele>2088.87</ele>
<time>2023-03-17T00:34:31Z</time>
</trkpt>
<trkpt lat="24.4795379" lon="121.1023767">
<ele>2087.56</ele>
<time>2023-03-17T00:34:39Z</time>
</trkpt>
<trkpt lat="24.4795296" lon="121.1024252">
<ele>2089.08</ele>
<time>2023-03-17T00:34:45Z</time>
</trkpt>
<trkpt lat="24.4794861" lon="121.1024758">
<ele>2087.05</ele>
<time>2023-03-17T00:34:53Z</time>
</trkpt>
<trkpt lat="24.4794477" lon="121.1025265">
<ele>2089.67</ele>
<time>2023-03-17T00:35:13Z</time>
</trkpt>
<trkpt lat="24.4794014" lon="121.1025373">
<ele>2089.50</ele>
<time>2023-03-17T00:35:17Z</time>
</trkpt>
<trkpt lat="24.4793627" lon="121.1025640">
<ele>2086.81</ele>
<time>2023-03-17T00:35:21Z</time>
</trkpt>
<trkpt lat="24.4792996" lon="121.1025720">
<ele>2087.59</ele>
<time>2023-03-17T00:35:27Z</time>
</trkpt>
<trkpt lat="24.4792374" lon="121.1025662">
<ele>2089.18</ele>
<time>2023-03-17T00:35:33Z</time>
</trkpt>
<trkpt lat="24.4791768" lon="121.1025728">
<ele>2089.76</ele>
<time>2023-03-17T00:35:39Z</time>
</trkpt>
<trkpt lat="24.4791146" lon="121.1025609">
<ele>2092.77</ele>
<time>2023-03-17T00:35:45Z</time>
</trkpt>
<trkpt lat="24.4790640" lon="121.1025451">
<ele>2092.55</ele>
<time>2023-03-17T00:35:51Z</time>
</trkpt>
<trkpt lat="24.4790140" lon="121.1025121">
<ele>2091.34</ele>
<time>2023-03-17T00:35:57Z</time>
</trkpt>
<trkpt lat="24.4789666" lon="121.1025002">
<ele>2090.14</ele>
<time>2023-03-17T00:36:03Z</time>
</trkpt>
<trkpt lat="24.4789196" lon="121.1025149">
<ele>2090.52</ele>
<time>2023-03-17T00:36:09Z</time>
</trkpt>
<trkpt lat="24.4788732" lon="121.1025027">
<ele>2090.61</ele>
<time>2023-03-17T00:36:15Z</time>
</trkpt>
<trkpt lat="24.4788314" lon="121.1024833">
<ele>2092.04</ele>
<time>2023-03-17T00:36:21Z</time>
</trkpt>
<trkpt lat="24.4787932" lon="121.1025198">
<ele>2088.34</ele>
<time>2023-03-17T00:36:35Z</time>
</trkpt>
<trkpt lat="24.4787430" lon="121.1025208">
<ele>2087.94</ele>
<time>2023-03-17T00:36:51Z</time>
</trkpt>
<trkpt lat="24.4787018" lon="121.1024859">
<ele>2089.79</ele>
<time>2023-03-17T00:37:05Z</time>
</trkpt>
<trkpt lat="24.4786613" lon="121.1024602">
<ele>2089.88</ele>
<time>2023-03-17T00:37:21Z</time>
</trkpt>
<trkpt lat="24.4786224" lon="121.1024163">
<ele>2089.30</ele>
<time>2023-03-17T00:37:37Z</time>
</trkpt>
<trkpt lat="24.4785862" lon="121.1023801">
<ele>2090.67</ele>
<time>2023-03-17T00:37:51Z</time>
</trkpt>
<trkpt lat="24.4785625" lon="121.1023380">
<ele>2091.50</ele>
<time>2023-03-17T00:38:05Z</time>
</trkpt>
<trkpt lat="24.4785236" lon="121.1022958">
<ele>2091.46</ele>
<time>2023-03-17T00:38:34Z</time>
</trkpt>
<trkpt lat="24.4784782" lon="121.1023069">
<ele>2092.31</ele>
<time>2023-03-17T00:38:47Z</time>
</trkpt>
<trkpt lat="24.4784567" lon="121.1022509">
<ele>2092.15</ele>
<time>2023-03-17T00:38:58Z</time>
</trkpt>
<trkpt lat="24.4784095" lon="121.1022319">
<ele>2091.04</ele>
<time>2023-03-17T00:39:08Z</time>
</trkpt>
<trkpt lat="24.4783575" lon="121.1022318">
<ele>2092.47</ele>
<time>2023-03-17T00:39:22Z</time>
</trkpt>
<trkpt lat="24.4783049" lon="121.1022304">
<ele>2091.42</ele>
<time>2023-03-17T00:39:34Z</time>
</trkpt>
<trkpt lat="24.4782716" lon="121.1022681">
<ele>2091.57</ele>
<time>2023-03-17T00:39:40Z</time>
</trkpt>
<trkpt lat="24.4782173" lon="121.1022795">
<ele>2089.92</ele>
<time>2023-03-17T00:39:48Z</time>
</trkpt>
<trkpt lat="24.4781734" lon="121.1022687">
<ele>2088.01</ele>
<time>2023-03-17T00:39:54Z</time>
</trkpt>
<trkpt lat="24.4781184" lon="121.1022657">
<ele>2085.96</ele>
<time>2023-03-17T00:40:02Z</time>
</trkpt>
<trkpt lat="24.4780644" lon="121.1022125">
<ele>2085.22</ele>
<time>2023-03-17T00:40:12Z</time>
</trkpt>
<trkpt lat="24.4780209" lon="121.1021666">
<ele>2086.55</ele>
<time>2023-03-17T00:40:20Z</time>
</trkpt>
<trkpt lat="24.4780092" lon="121.1021036">
<ele>2088.43</ele>
<time>2023-03-17T00:40:26Z</time>
</trkpt>
<trkpt lat="24.4779790" lon="121.1020638">
<ele>2088.62</ele>
<time>2023-03-17T00:40:32Z</time>
</trkpt>
<trkpt lat="24.4779268" lon="121.1020566">
<ele>2085.49</ele>
<time>2023-03-17T00:40:42Z</time>
</trkpt>
<trkpt lat="24.4778875" lon="121.1020886">
<ele>2085.86</ele>
<time>2023-03-17T00:40:50Z</time>
</trkpt>
<trkpt lat="24.4778397" lon="121.1020872">
<ele>2084.44</ele>
<time>2023-03-17T00:41:00Z</time>
</trkpt>
<trkpt lat="24.4778024" lon="121.1020483">
<ele>2089.66</ele>
<time>2023-03-17T00:41:20Z</time>
</trkpt>
<trkpt lat="24.4777619" lon="121.1020268">
<ele>2090.93</ele>
<time>2023-03-17T00:41:28Z</time>
</trkpt>
<trkpt lat="24.4777248" lon="121.1019895">
<ele>2092.04</ele>
<time>2023-03-17T00:41:36Z</time>
</trkpt>
<trkpt lat="24.4777018" lon="121.1019410">
<ele>2093.72</ele>
<time>2023-03-17T00:41:44Z</time>
</trkpt>
<trkpt lat="24.4776908" lon="121.1018853">
<ele>2095.78</ele>
<time>2023-03-17T00:41:50Z</time>
</trkpt>
<trkpt lat="24.4776603" lon="121.1018484">
<ele>2095.36</ele>
<time>2023-03-17T00:42:04Z</time>
</trkpt>
<trkpt lat="24.4776991" lon="121.1018211">
<ele>2096.70</ele>
<time>2023-03-17T00:42:12Z</time>
</trkpt>
<trkpt lat="24.4776704" lon="121.1017677">
<ele>2097.58</ele>
<time>2023-03-17T00:42:24Z</time>
</trkpt>
<trkpt lat="24.4776461" lon="121.1017093">
<ele>2094.81</ele>
<time>2023-03-17T00:42:32Z</time>
</trkpt>
<trkpt lat="24.4776327" lon="121.1016510">
<ele>2094.66</ele>
<time>2023-03-17T00:42:40Z</time>
</trkpt>
<trkpt lat="24.4776128" lon="121.1015995">
<ele>2093.48</ele>
<time>2023-03-17T00:42:46Z</time>
</trkpt>
<trkpt lat="24.4775870" lon="121.1015449">
<ele>2093.81</ele>
<time>2023-03-17T00:42:54Z</time>
</trkpt>
<trkpt lat="24.4775577" lon="121.1015042">
<ele>2094.15</ele>
<time>2023-03-17T00:43:00Z</time>
</trkpt>
<trkpt lat="24.4775230" lon="121.1014669">
<ele>2094.04</ele>
<time>2023-03-17T00:43:06Z</time>
</trkpt>
<trkpt lat="24.4774882" lon="121.1014212">
<ele>2093.93</ele>
<time>2023-03-17T00:43:12Z</time>
</trkpt>
<trkpt lat="24.4774512" lon="121.1013865">
<ele>2094.06</ele>
<time>2023-03-17T00:43:18Z</time>
</trkpt>
<trkpt lat="24.4774053" lon="121.1013475">
<ele>2094.62</ele>
<time>2023-03-17T00:43:24Z</time>
</trkpt>
<trkpt lat="24.4773549" lon="121.1013061">
<ele>2095.01</ele>
<time>2023-03-17T00:43:30Z</time>
</trkpt>
<trkpt lat="24.4773089" lon="121.1012562">
<ele>2095.10</ele>
<time>2023-03-17T00:43:36Z</time>
</trkpt>
<trkpt lat="24.4772879" lon="121.1012102">
<ele>2095.60</ele>
<time>2023-03-17T00:43:40Z</time>
</trkpt>
<trkpt lat="24.4772479" lon="121.1011634">
<ele>2097.67</ele>
<time>2023-03-17T00:43:46Z</time>
</trkpt>
<trkpt lat="24.4772323" lon="121.1011137">
<ele>2097.72</ele>
<time>2023-03-17T00:43:52Z</time>
</trkpt>
<trkpt lat="24.4771910" lon="121.1010816">
<ele>2094.58</ele>
<time>2023-03-17T00:44:02Z</time>
</trkpt>
<trkpt lat="24.4771454" lon="121.1010388">
<ele>2094.20</ele>
<time>2023-03-17T00:44:10Z</time>
</trkpt>
<trkpt lat="24.4771215" lon="121.1009883">
<ele>2096.75</ele>
<time>2023-03-17T00:44:16Z</time>
</trkpt>
<trkpt lat="24.4771131" lon="121.1009294">
<ele>2096.42</ele>
<time>2023-03-17T00:44:24Z</time>
</trkpt>
<trkpt lat="24.4770720" lon="121.1009034">
<ele>2095.07</ele>
<time>2023-03-17T00:44:34Z</time>
</trkpt>
<trkpt lat="24.4770363" lon="121.1008568">
<ele>2095.03</ele>
<time>2023-03-17T00:44:40Z</time>
</trkpt>
<trkpt lat="24.4770035" lon="121.1008172">
<ele>2094.88</ele>
<time>2023-03-17T00:44:46Z</time>
</trkpt>
<trkpt lat="24.4769577" lon="121.1007897">
<ele>2095.48</ele>
<time>2023-03-17T00:44:52Z</time>
</trkpt>
<trkpt lat="24.4769099" lon="121.1007749">
<ele>2096.09</ele>
<time>2023-03-17T00:44:58Z</time>
</trkpt>
<trkpt lat="24.4768617" lon="121.1007764">
<ele>2091.74</ele>
<time>2023-03-17T00:45:04Z</time>
</trkpt>
<trkpt lat="24.4768373" lon="121.1007346">
<ele>2092.37</ele>
<time>2023-03-17T00:45:08Z</time>
</trkpt>
<trkpt lat="24.4768184" lon="121.1006863">
<ele>2095.76</ele>
<time>2023-03-17T00:45:14Z</time>
</trkpt>
<trkpt lat="24.4767759" lon="121.1006464">
<ele>2098.35</ele>
<time>2023-03-17T00:45:24Z</time>
</trkpt>
<trkpt lat="24.4767990" lon="121.1005971">
<ele>2099.70</ele>
<time>2023-03-17T00:45:34Z</time>
</trkpt>
<trkpt lat="24.4768339" lon="121.1005657">
<ele>2099.96</ele>
<time>2023-03-17T00:45:42Z</time>
</trkpt>
<trkpt lat="24.4768437" lon="121.1005154">
<ele>2098.50</ele>
<time>2023-03-17T00:45:52Z</time>
</trkpt>
<trkpt lat="24.4768393" lon="121.1004563">
<ele>2099.39</ele>
<time>2023-03-17T00:46:00Z</time>
</trkpt>
<trkpt lat="24.4768453" lon="121.1004038">
<ele>2100.89</ele>
<time>2023-03-17T00:46:26Z</time>
</trkpt>
<trkpt lat="24.4768239" lon="121.1003560">
<ele>2101.88</ele>
<time>2023-03-17T00:46:32Z</time>
</trkpt>
<trkpt lat="24.4767835" lon="121.1003160">
<ele>2101.87</ele>
<time>2023-03-17T00:46:40Z</time>
</trkpt>
<trkpt lat="24.4767434" lon="121.1002912">
<ele>2101.81</ele>
<time>2023-03-17T00:46:46Z</time>
</trkpt>
<trkpt lat="24.4766872" lon="121.1002556">
<ele>2102.67</ele>
<time>2023-03-17T00:46:54Z</time>
</trkpt>
<trkpt lat="24.4766300" lon="121.1002416">
<ele>2103.99</ele>
<time>2023-03-17T00:47:00Z</time>
</trkpt>
<trkpt lat="24.4765751" lon="121.1002232">
<ele>2104.47</ele>
<time>2023-03-17T00:47:08Z</time>
</trkpt>
<trkpt lat="24.4765304" lon="121.1001942">
<ele>2102.48</ele>
<time>2023-03-17T00:47:14Z</time>
</trkpt>
<trkpt lat="24.4765282" lon="121.1001447">
<ele>2102.74</ele>
<time>2023-03-17T00:47:20Z</time>
</trkpt>
<trkpt lat="24.4765078" lon="121.1000922">
<ele>2102.30</ele>
<time>2023-03-17T00:47:26Z</time>
</trkpt>
<trkpt lat="24.4765027" lon="121.1000407">
<ele>2102.03</ele>
<time>2023-03-17T00:47:34Z</time>
</trkpt>
<trkpt lat="24.4765358" lon="121.0999981">
<ele>2100.50</ele>
<time>2023-03-17T00:48:10Z</time>
</trkpt>
<trkpt lat="24.4765357" lon="121.0999461">
<ele>2102.83</ele>
<time>2023-03-17T00:48:30Z</time>
</trkpt>
<trkpt lat="24.4765433" lon="121.0998918">
<ele>2103.85</ele>
<time>2023-03-17T00:48:38Z</time>
</trkpt>
<trkpt lat="24.4765452" lon="121.0998324">
<ele>2104.87</ele>
<time>2023-03-17T00:48:48Z</time>
</trkpt>
<trkpt lat="24.4765736" lon="121.0997853">
<ele>2104.88</ele>
<time>2023-03-17T00:48:56Z</time>
</trkpt>
<trkpt lat="24.4765773" lon="121.0997298">
<ele>2105.53</ele>
<time>2023-03-17T00:49:04Z</time>
</trkpt>
<trkpt lat="24.4765385" lon="121.0996866">
<ele>2103.62</ele>
<time>2023-03-17T00:49:12Z</time>
</trkpt>
<trkpt lat="24.4765229" lon="121.0996390">
<ele>2103.55</ele>
<time>2023-03-17T00:49:18Z</time>
</trkpt>
<trkpt lat="24.4765034" lon="121.0995813">
<ele>2104.13</ele>
<time>2023-03-17T00:49:26Z</time>
</trkpt>
<trkpt lat="24.4764745" lon="121.0995379">
<ele>2104.82</ele>
<time>2023-03-17T00:49:32Z</time>
</trkpt>
<trkpt lat="24.4764516" lon="121.0994794">
<ele>2103.91</ele>
<time>2023-03-17T00:49:40Z</time>
</trkpt>
<trkpt lat="24.4764220" lon="121.0994247">
<ele>2104.20</ele>
<time>2023-03-17T00:49:48Z</time>
</trkpt>
<trkpt lat="24.4763992" lon="121.0993813">
<ele>2104.30</ele>
<time>2023-03-17T00:49:54Z</time>
</trkpt>
<trkpt lat="24.4763577" lon="121.0993568">
<ele>2105.48</ele>
<time>2023-03-17T00:50:00Z</time>
</trkpt>
<trkpt lat="24.4763155" lon="121.0993351">
<ele>2106.24</ele>
<time>2023-03-17T00:50:08Z</time>
</trkpt>
<trkpt lat="24.4762705" lon="121.0993328">
<ele>2106.09</ele>
<time>2023-03-17T00:50:18Z</time>
</trkpt>
<trkpt lat="24.4762182" lon="121.0993412">
<ele>2105.00</ele>
<time>2023-03-17T00:50:30Z</time>
</trkpt>
<trkpt lat="24.4761678" lon="121.0993642">
<ele>2104.37</ele>
<time>2023-03-17T00:50:40Z</time>
</trkpt>
<trkpt lat="24.4761138" lon="121.0993681">
<ele>2104.57</ele>
<time>2023-03-17T00:50:52Z</time>
</trkpt>
<trkpt lat="24.4760806" lon="121.0994078">
<ele>2100.07</ele>
<time>2023-03-17T00:51:02Z</time>
</trkpt>
<trkpt lat="24.4760293" lon="121.0993957">
<ele>2100.21</ele>
<time>2023-03-17T00:51:12Z</time>
</trkpt>
<trkpt lat="24.4759831" lon="121.0993739">
<ele>2099.35</ele>
<time>2023-03-17T00:51:18Z</time>
</trkpt>
<trkpt lat="24.4759348" lon="121.0993512">
<ele>2100.63</ele>
<time>2023-03-17T00:51:26Z</time>
</trkpt>
<trkpt lat="24.4758934" lon="121.0993218">
<ele>2100.60</ele>
<time>2023-03-17T00:51:34Z</time>
</trkpt>
<trkpt lat="24.4758843" lon="121.0992717">
<ele>2101.91</ele>
<time>2023-03-17T00:51:38Z</time>
</trkpt>
<trkpt lat="24.4758675" lon="121.0992075">
<ele>2102.52</ele>
<time>2023-03-17T00:51:44Z</time>
</trkpt>
<trkpt lat="24.4758413" lon="121.0991531">
<ele>2102.25</ele>
<time>2023-03-17T00:51:50Z</time>
</trkpt>
<trkpt lat="24.4758088" lon="121.0991011">
<ele>2103.25</ele>
<time>2023-03-17T00:51:56Z</time>
</trkpt>
<trkpt lat="24.4757653" lon="121.0990684">
<ele>2104.47</ele>
<time>2023-03-17T00:52:02Z</time>
</trkpt>
<trkpt lat="24.4757177" lon="121.0990475">
<ele>2103.36</ele>
<time>2023-03-17T00:52:08Z</time>
</trkpt>
<trkpt lat="24.4756666" lon="121.0990476">
<ele>2103.60</ele>
<time>2023-03-17T00:52:14Z</time>
</trkpt>
<trkpt lat="24.4756112" lon="121.0990568">
<ele>2103.63</ele>
<time>2023-03-17T00:52:20Z</time>
</trkpt>
<trkpt lat="24.4755529" lon="121.0990611">
<ele>2103.36</ele>
<time>2023-03-17T00:52:26Z</time>
</trkpt>
<trkpt lat="24.4755061" lon="121.0990638">
<ele>2103.68</ele>
<time>2023-03-17T00:52:30Z</time>
</trkpt>
<trkpt lat="24.4754613" lon="121.0990567">
<ele>2101.80</ele>
<time>2023-03-17T00:52:34Z</time>
</trkpt>
<trkpt lat="24.4754214" lon="121.0990024">
<ele>2100.98</ele>
<time>2023-03-17T00:52:40Z</time>
</trkpt>
<trkpt lat="24.4754053" lon="121.0989447">
<ele>2103.20</ele>
<time>2023-03-17T00:52:46Z</time>
</trkpt>
<trkpt lat="24.4753740" lon="121.0989062">
<ele>2105.71</ele>
<time>2023-03-17T00:52:52Z</time>
</trkpt>
<trkpt lat="24.4753419" lon="121.0988665">
<ele>2104.53</ele>
<time>2023-03-17T00:52:58Z</time>
</trkpt>
<trkpt lat="24.4753011" lon="121.0988293">
<ele>2106.72</ele>
<time>2023-03-17T00:53:06Z</time>
</trkpt>
<trkpt lat="24.4752591" lon="121.0987943">
<ele>2107.26</ele>
<time>2023-03-17T00:53:12Z</time>
</trkpt>
<trkpt lat="24.4752153" lon="121.0987759">
<ele>2107.32</ele>
<time>2023-03-17T00:53:18Z</time>
</trkpt>
<trkpt lat="24.4751696" lon="121.0987619">
<ele>2106.69</ele>
<time>2023-03-17T00:53:24Z</time>
</trkpt>
<trkpt lat="24.4751338" lon="121.0987193">
<ele>2106.02</ele>
<time>2023-03-17T00:53:32Z</time>
</trkpt>
<trkpt lat="24.4750873" lon="121.0986971">
<ele>2104.58</ele>
<time>2023-03-17T00:53:38Z</time>
</trkpt>
<trkpt lat="24.4750744" lon="121.0986480">
<ele>2105.88</ele>
<time>2023-03-17T00:53:44Z</time>
</trkpt>
<trkpt lat="24.4750205" lon="121.0986585">
<ele>2104.30</ele>
<time>2023-03-17T00:53:50Z</time>
</trkpt>
<trkpt lat="24.4750190" lon="121.0985969">
<ele>2104.19</ele>
<time>2023-03-17T00:53:56Z</time>
</trkpt>
<trkpt lat="24.4750017" lon="121.0985481">
<ele>2104.24</ele>
<time>2023-03-17T00:54:02Z</time>
</trkpt>
<trkpt lat="24.4749865" lon="121.0984864">
<ele>2105.21</ele>
<time>2023-03-17T00:54:10Z</time>
</trkpt>
<trkpt lat="24.4749617" lon="121.0984285">
<ele>2106.31</ele>
<time>2023-03-17T00:54:18Z</time>
</trkpt>
<trkpt lat="24.4749547" lon="121.0983758">
<ele>2107.00</ele>
<time>2023-03-17T00:54:24Z</time>
</trkpt>
<trkpt lat="24.4749300" lon="121.0983231">
<ele>2104.93</ele>
<time>2023-03-17T00:54:32Z</time>
</trkpt>
<trkpt lat="24.4749297" lon="121.0982665">
<ele>2105.57</ele>
<time>2023-03-17T00:54:38Z</time>
</trkpt>
<trkpt lat="24.4749297" lon="121.0982075">
<ele>2107.68</ele>
<time>2023-03-17T00:54:44Z</time>
</trkpt>
<trkpt lat="24.4749578" lon="121.0981562">
<ele>2107.54</ele>
<time>2023-03-17T00:54:52Z</time>
</trkpt>
<trkpt lat="24.4749477" lon="121.0981002">
<ele>2106.56</ele>
<time>2023-03-17T00:54:58Z</time>
</trkpt>
<trkpt lat="24.4749499" lon="121.0980494">
<ele>2106.45</ele>
<time>2023-03-17T00:55:04Z</time>
</trkpt>
<trkpt lat="24.4749351" lon="121.0980027">
<ele>2106.41</ele>
<time>2023-03-17T00:55:10Z</time>
</trkpt>
<trkpt lat="24.4749098" lon="121.0979512">
<ele>2105.30</ele>
<time>2023-03-17T00:55:18Z</time>
</trkpt>
<trkpt lat="24.4748785" lon="121.0979066">
<ele>2106.11</ele>
<time>2023-03-17T00:55:24Z</time>
</trkpt>
<trkpt lat="24.4748306" lon="121.0978880">
<ele>2108.14</ele>
<time>2023-03-17T00:55:30Z</time>
</trkpt>
<trkpt lat="24.4747897" lon="121.0978570">
<ele>2108.22</ele>
<time>2023-03-17T00:55:36Z</time>
</trkpt>
<trkpt lat="24.4747403" lon="121.0978383">
<ele>2108.82</ele>
<time>2023-03-17T00:55:42Z</time>
</trkpt>
<trkpt lat="24.4746889" lon="121.0978428">
<ele>2109.36</ele>
<time>2023-03-17T00:55:48Z</time>
</trkpt>
<trkpt lat="24.4746289" lon="121.0978640">
<ele>2112.00</ele>
<time>2023-03-17T00:55:58Z</time>
</trkpt>
<trkpt lat="24.4745801" lon="121.0978598">
<ele>2112.81</ele>
<time>2023-03-17T00:56:04Z</time>
</trkpt>
<trkpt lat="24.4745335" lon="121.0978885">
<ele>2113.91</ele>
<time>2023-03-17T00:56:12Z</time>
</trkpt>
<trkpt lat="24.4744875" lon="121.0979328">
<ele>2116.14</ele>
<time>2023-03-17T00:56:18Z</time>
</trkpt>
<trkpt lat="24.4744483" lon="121.0979597">
<ele>2114.60</ele>
<time>2023-03-17T00:56:24Z</time>
</trkpt>
<trkpt lat="24.4743920" lon="121.0979799">
<ele>2113.76</ele>
<time>2023-03-17T00:56:32Z</time>
</trkpt>
<trkpt lat="24.4743383" lon="121.0979756">
<ele>2115.27</ele>
<time>2023-03-17T00:56:38Z</time>
</trkpt>
<trkpt lat="24.4742913" lon="121.0979862">
<ele>2116.21</ele>
<time>2023-03-17T00:56:44Z</time>
</trkpt>
<trkpt lat="24.4742342" lon="121.0979961">
<ele>2116.55</ele>
<time>2023-03-17T00:56:52Z</time>
</trkpt>
<trkpt lat="24.4742002" lon="121.0980321">
<ele>2113.71</ele>
<time>2023-03-17T00:56:58Z</time>
</trkpt>
<trkpt lat="24.4741444" lon="121.0980135">
<ele>2113.56</ele>
<time>2023-03-17T00:57:04Z</time>
</trkpt>
<trkpt lat="24.4740927" lon="121.0979952">
<ele>2116.28</ele>
<time>2023-03-17T00:57:10Z</time>
</trkpt>
<trkpt lat="24.4740568" lon="121.0979632">
<ele>2114.75</ele>
<time>2023-03-17T00:57:14Z</time>
</trkpt>
<trkpt lat="24.4740201" lon="121.0979299">
<ele>2115.88</ele>
<time>2023-03-17T00:57:18Z</time>
</trkpt>
<trkpt lat="24.4739802" lon="121.0979029">
<ele>2116.28</ele>
<time>2023-03-17T00:57:26Z</time>
</trkpt>
<trkpt lat="24.4739350" lon="121.0979330">
<ele>2118.36</ele>
<time>2023-03-17T00:57:44Z</time>
</trkpt>
<trkpt lat="24.4738768" lon="121.0979218">
<ele>2114.89</ele>
<time>2023-03-17T00:57:56Z</time>
</trkpt>
<trkpt lat="24.4738764" lon="121.0978646">
<ele>2116.62</ele>
<time>2023-03-17T00:58:08Z</time>
</trkpt>
<trkpt lat="24.4738271" lon="121.0978411">
<ele>2116.65</ele>
<time>2023-03-17T00:58:20Z</time>
</trkpt>
<trkpt lat="24.4737733" lon="121.0978282">
<ele>2112.26</ele>
<time>2023-03-17T00:58:28Z</time>
</trkpt>
<trkpt lat="24.4737264" lon="121.0978109">
<ele>2112.72</ele>
<time>2023-03-17T00:58:34Z</time>
</trkpt>
<trkpt lat="24.4736814" lon="121.0978001">
<ele>2111.60</ele>
<time>2023-03-17T00:58:38Z</time>
</trkpt>
<trkpt lat="24.4736445" lon="121.0977668">
<ele>2114.15</ele>
<time>2023-03-17T00:58:44Z</time>
</trkpt>
<trkpt lat="24.4735918" lon="121.0977501">
<ele>2116.08</ele>
<time>2023-03-17T00:58:52Z</time>
</trkpt>
<trkpt lat="24.4735427" lon="121.0977401">
<ele>2119.54</ele>
<time>2023-03-17T00:58:58Z</time>
</trkpt>
<trkpt lat="24.4734895" lon="121.0977172">
<ele>2119.20</ele>
<time>2023-03-17T00:59:08Z</time>
</trkpt>
<trkpt lat="24.4734556" lon="121.0976799">
<ele>2121.65</ele>
<time>2023-03-17T00:59:12Z</time>
</trkpt>
<trkpt lat="24.4734104" lon="121.0976659">
<ele>2121.54</ele>
<time>2023-03-17T00:59:18Z</time>
</trkpt>
<trkpt lat="24.4734033" lon="121.0977171">
<ele>2116.98</ele>
<time>2023-03-17T00:59:34Z</time>
</trkpt>
<trkpt lat="24.4734458" lon="121.0976982">
<ele>2121.06</ele>
<time>2023-03-17T01:00:18Z</time>
</trkpt>
<trkpt lat="24.4734018" lon="121.0976636">
<ele>2119.38</ele>
<time>2023-03-17T01:00:44Z</time>
</trkpt>
<trkpt lat="24.4733620" lon="121.0976388">
<ele>2117.39</ele>
<time>2023-03-17T01:00:50Z</time>
</trkpt>
<trkpt lat="24.4733269" lon="121.0976067">
<ele>2117.36</ele>
<time>2023-03-17T01:01:02Z</time>
</trkpt>
<trkpt lat="24.4732932" lon="121.0975649">
<ele>2114.72</ele>
<time>2023-03-17T01:01:08Z</time>
</trkpt>
<trkpt lat="24.4732842" lon="121.0974997">
<ele>2115.35</ele>
<time>2023-03-17T01:01:18Z</time>
</trkpt>
<trkpt lat="24.4732729" lon="121.0974464">
<ele>2115.44</ele>
<time>2023-03-17T01:01:24Z</time>
</trkpt>
<trkpt lat="24.4732402" lon="121.0973880">
<ele>2115.78</ele>
<time>2023-03-17T01:01:32Z</time>
</trkpt>
<trkpt lat="24.4732053" lon="121.0973442">
<ele>2116.21</ele>
<time>2023-03-17T01:01:38Z</time>
</trkpt>
<trkpt lat="24.4731688" lon="121.0973112">
<ele>2116.80</ele>
<time>2023-03-17T01:01:42Z</time>
</trkpt>
<trkpt lat="24.4731488" lon="121.0972402">
<ele>2116.66</ele>
<time>2023-03-17T01:01:48Z</time>
</trkpt>
<trkpt lat="24.4731129" lon="121.0972051">
<ele>2115.69</ele>
<time>2023-03-17T01:01:58Z</time>
</trkpt>
<trkpt lat="24.4731541" lon="121.0972278">
<ele>2119.47</ele>
<time>2023-03-17T01:02:32Z</time>
</trkpt>
<trkpt lat="24.4730979" lon="121.0972260">
<ele>2118.92</ele>
<time>2023-03-17T01:03:24Z</time>
</trkpt>
<trkpt lat="24.4731451" lon="121.0972127">
<ele>2123.59</ele>
<time>2023-03-17T01:03:36Z</time>
</trkpt>
<trkpt lat="24.4730952" lon="121.0972124">
<ele>2132.63</ele>
<time>2023-03-17T01:04:02Z</time>
</trkpt>
<trkpt lat="24.4730474" lon="121.0972375">
<ele>2133.69</ele>
<time>2023-03-17T01:04:08Z</time>
</trkpt>
<trkpt lat="24.4729978" lon="121.0972299">
<ele>2131.54</ele>
<time>2023-03-17T01:04:16Z</time>
</trkpt>
<trkpt lat="24.4729621" lon="121.0972690">
<ele>2130.04</ele>
<time>2023-03-17T01:04:24Z</time>
</trkpt>
<trkpt lat="24.4729156" lon="121.0972749">
<ele>2135.66</ele>
<time>2023-03-17T01:04:44Z</time>
</trkpt>
<trkpt lat="24.4728896" lon="121.0973225">
<ele>2135.37</ele>
<time>2023-03-17T01:05:04Z</time>
</trkpt>
<trkpt lat="24.4729222" lon="121.0973596">
<ele>2144.34</ele>
<time>2023-03-17T01:05:38Z</time>
</trkpt>
<trkpt lat="24.4728726" lon="121.0973272">
<ele>2152.87</ele>
<time>2023-03-17T01:06:04Z</time>
</trkpt>
<trkpt lat="24.4728291" lon="121.0973554">
<ele>2148.79</ele>
<time>2023-03-17T01:06:10Z</time>
</trkpt>
<trkpt lat="24.4727960" lon="121.0973903">
<ele>2144.22</ele>
<time>2023-03-17T01:06:20Z</time>
</trkpt>
<trkpt lat="24.4727545" lon="121.0974233">
<ele>2143.97</ele>
<time>2023-03-17T01:06:34Z</time>
</trkpt>
<trkpt lat="24.4727087" lon="121.0974335">
<ele>2143.82</ele>
<time>2023-03-17T01:06:52Z</time>
</trkpt>
<trkpt lat="24.4726711" lon="121.0974650">
<ele>2154.73</ele>
<time>2023-03-17T01:07:44Z</time>
</trkpt>
<trkpt lat="24.4726228" lon="121.0974822">
<ele>2154.61</ele>
<time>2023-03-17T01:07:56Z</time>
</trkpt>
<trkpt lat="24.4725731" lon="121.0975142">
<ele>2163.49</ele>
<time>2023-03-17T01:08:36Z</time>
</trkpt>
<trkpt lat="24.4725307" lon="121.0974838">
<ele>2162.85</ele>
<time>2023-03-17T01:08:52Z</time>
</trkpt>
<trkpt lat="24.4724804" lon="121.0974922">
<ele>2161.73</ele>
<time>2023-03-17T01:09:10Z</time>
</trkpt>
<trkpt lat="24.4724766" lon="121.0975426">
<ele>2164.55</ele>
<time>2023-03-17T01:09:24Z</time>
</trkpt>
<trkpt lat="24.4725013" lon="121.0974894">
<ele>2172.18</ele>
<time>2023-03-17T01:09:36Z</time>
</trkpt>
<trkpt lat="24.4724817" lon="121.0975372">
<ele>2173.13</ele>
<time>2023-03-17T01:09:50Z</time>
</trkpt>
<trkpt lat="24.4724434" lon="121.0975676">
<ele>2175.92</ele>
<time>2023-03-17T01:10:10Z</time>
</trkpt>
<trkpt lat="24.4724122" lon="121.0976084">
<ele>2174.56</ele>
<time>2023-03-17T01:10:32Z</time>
</trkpt>
<trkpt lat="24.4723939" lon="121.0976550">
<ele>2173.92</ele>
<time>2023-03-17T01:10:42Z</time>
</trkpt>
<trkpt lat="24.4723456" lon="121.0976738">
<ele>2177.51</ele>
<time>2023-03-17T01:10:54Z</time>
</trkpt>
<trkpt lat="24.4723760" lon="121.0976343">
<ele>2179.16</ele>
<time>2023-03-17T01:11:08Z</time>
</trkpt>
<trkpt lat="24.4723607" lon="121.0975860">
<ele>2179.00</ele>
<time>2023-03-17T01:11:14Z</time>
</trkpt>
<trkpt lat="24.4723165" lon="121.0975673">
<ele>2179.29</ele>
<time>2023-03-17T01:11:22Z</time>
</trkpt>
<trkpt lat="24.4722779" lon="121.0976022">
<ele>2177.41</ele>
<time>2023-03-17T01:11:32Z</time>
</trkpt>
<trkpt lat="24.4722463" lon="121.0975665">
<ele>2176.39</ele>
<time>2023-03-17T01:11:42Z</time>
</trkpt>
<trkpt lat="24.4722145" lon="121.0976049">
<ele>2190.34</ele>
<time>2023-03-17T01:12:42Z</time>
</trkpt>
<trkpt lat="24.4721690" lon="121.0976221">
<ele>2187.16</ele>
<time>2023-03-17T01:13:03Z</time>
</trkpt>
<trkpt lat="24.4721205" lon="121.0976227">
<ele>2186.15</ele>
<time>2023-03-17T01:13:14Z</time>
</trkpt>
<trkpt lat="24.4721360" lon="121.0976810">
<ele>2195.54</ele>
<time>2023-03-17T01:13:55Z</time>
</trkpt>
<trkpt lat="24.4720975" lon="121.0977309">
<ele>2202.43</ele>
<time>2023-03-17T01:14:20Z</time>
</trkpt>
<trkpt lat="24.4720374" lon="121.0977060">
<ele>2202.50</ele>
<time>2023-03-17T01:14:33Z</time>
</trkpt>
<trkpt lat="24.4720207" lon="121.0977591">
<ele>2206.48</ele>
<time>2023-03-17T01:14:49Z</time>
</trkpt>
<trkpt lat="24.4719983" lon="121.0978031">
<ele>2209.99</ele>
<time>2023-03-17T01:18:35Z</time>
</trkpt>
<trkpt lat="24.4719554" lon="121.0978286">
<ele>2210.51</ele>
<time>2023-03-17T01:18:41Z</time>
</trkpt>
<trkpt lat="24.4719184" lon="121.0978578">
<ele>2207.90</ele>
<time>2023-03-17T01:18:49Z</time>
</trkpt>
<trkpt lat="24.4718951" lon="121.0979012">
<ele>2207.31</ele>
<time>2023-03-17T01:19:01Z</time>
</trkpt>
<trkpt lat="24.4718805" lon="121.0979556">
<ele>2207.28</ele>
<time>2023-03-17T01:19:11Z</time>
</trkpt>
<trkpt lat="24.4718469" lon="121.0979202">
<ele>2201.68</ele>
<time>2023-03-17T01:19:18Z</time>
</trkpt>
<trkpt lat="24.4718041" lon="121.0979027">
<ele>2206.60</ele>
<time>2023-03-17T01:19:54Z</time>
</trkpt>
<trkpt lat="24.4718622" lon="121.0979283">
<ele>2203.70</ele>
<time>2023-03-17T01:20:00Z</time>
</trkpt>
<trkpt lat="24.4718542" lon="121.0978795">
<ele>2205.93</ele>
<time>2023-03-17T01:20:10Z</time>
</trkpt>
<trkpt lat="24.4718230" lon="121.0978331">
<ele>2206.51</ele>
<time>2023-03-17T01:20:20Z</time>
</trkpt>
<trkpt lat="24.4717883" lon="121.0977911">
<ele>2207.23</ele>
<time>2023-03-17T01:20:32Z</time>
</trkpt>
<trkpt lat="24.4717711" lon="121.0977411">
<ele>2209.09</ele>
<time>2023-03-17T01:20:42Z</time>
</trkpt>
<trkpt lat="24.4717425" lon="121.0976965">
<ele>2208.21</ele>
<time>2023-03-17T01:20:48Z</time>
</trkpt>
<trkpt lat="24.4717146" lon="121.0976536">
<ele>2209.52</ele>
<time>2023-03-17T01:20:54Z</time>
</trkpt>
<trkpt lat="24.4716972" lon="121.0976052">
<ele>2210.40</ele>
<time>2023-03-17T01:21:00Z</time>
</trkpt>
<trkpt lat="24.4716717" lon="121.0975527">
<ele>2211.30</ele>
<time>2023-03-17T01:21:08Z</time>
</trkpt>
<trkpt lat="24.4716376" lon="121.0975125">
<ele>2211.94</ele>
<time>2023-03-17T01:21:16Z</time>
</trkpt>
<trkpt lat="24.4715999" lon="121.0974625">
<ele>2210.53</ele>
<time>2023-03-17T01:21:25Z</time>
</trkpt>
<trkpt lat="24.4715466" lon="121.0974137">
<ele>2211.20</ele>
<time>2023-03-17T01:21:33Z</time>
</trkpt>
<trkpt lat="24.4715179" lon="121.0973739">
<ele>2211.88</ele>
<time>2023-03-17T01:21:37Z</time>
</trkpt>
<trkpt lat="24.4714733" lon="121.0973283">
<ele>2212.01</ele>
<time>2023-03-17T01:21:41Z</time>
</trkpt>
<trkpt lat="24.4714467" lon="121.0972668">
<ele>2211.34</ele>
<time>2023-03-17T01:21:47Z</time>
</trkpt>
<trkpt lat="24.4714132" lon="121.0972208">
<ele>2212.91</ele>
<time>2023-03-17T01:21:55Z</time>
</trkpt>
<trkpt lat="24.4713818" lon="121.0971724">
<ele>2211.35</ele>
<time>2023-03-17T01:22:01Z</time>
</trkpt>
<trkpt lat="24.4713504" lon="121.0971355">
<ele>2210.91</ele>
<time>2023-03-17T01:22:07Z</time>
</trkpt>
<trkpt lat="24.4713086" lon="121.0971029">
<ele>2210.20</ele>
<time>2023-03-17T01:22:13Z</time>
</trkpt>
<trkpt lat="24.4712685" lon="121.0970650">
<ele>2209.74</ele>
<time>2023-03-17T01:22:19Z</time>
</trkpt>
<trkpt lat="24.4712215" lon="121.0970455">
<ele>2210.05</ele>
<time>2023-03-17T01:22:25Z</time>
</trkpt>
<trkpt lat="24.4711879" lon="121.0969916">
<ele>2209.27</ele>
<time>2023-03-17T01:22:31Z</time>
</trkpt>
<trkpt lat="24.4711459" lon="121.0969489">
<ele>2209.72</ele>
<time>2023-03-17T01:22:37Z</time>
</trkpt>
<trkpt lat="24.4711014" lon="121.0969116">
<ele>2211.47</ele>
<time>2023-03-17T01:22:43Z</time>
</trkpt>
<trkpt lat="24.4710560" lon="121.0968798">
<ele>2212.70</ele>
<time>2023-03-17T01:22:49Z</time>
</trkpt>
<trkpt lat="24.4710098" lon="121.0968455">
<ele>2214.39</ele>
<time>2023-03-17T01:22:55Z</time>
</trkpt>
<trkpt lat="24.4709925" lon="121.0967980">
<ele>2212.48</ele>
<time>2023-03-17T01:22:59Z</time>
</trkpt>
<trkpt lat="24.4709708" lon="121.0967339">
<ele>2211.59</ele>
<time>2023-03-17T01:23:05Z</time>
</trkpt>
<trkpt lat="24.4709599" lon="121.0966656">
<ele>2210.10</ele>
<time>2023-03-17T01:23:11Z</time>
</trkpt>
<trkpt lat="24.4709593" lon="121.0966102">
<ele>2209.06</ele>
<time>2023-03-17T01:23:15Z</time>
</trkpt>
<trkpt lat="24.4709510" lon="121.0965564">
<ele>2209.17</ele>
<time>2023-03-17T01:23:19Z</time>
</trkpt>
<trkpt lat="24.4709531" lon="121.0964971">
<ele>2207.85</ele>
<time>2023-03-17T01:23:23Z</time>
</trkpt>
<trkpt lat="24.4709566" lon="121.0964475">
<ele>2206.14</ele>
<time>2023-03-17T01:23:27Z</time>
</trkpt>
<trkpt lat="24.4709465" lon="121.0963989">
<ele>2208.30</ele>
<time>2023-03-17T01:23:31Z</time>
</trkpt>
<trkpt lat="24.4709209" lon="121.0963419">
<ele>2208.34</ele>
<time>2023-03-17T01:23:35Z</time>
</trkpt>
<trkpt lat="24.4708861" lon="121.0962925">
<ele>2206.82</ele>
<time>2023-03-17T01:23:39Z</time>
</trkpt>
<trkpt lat="24.4708449" lon="121.0962688">
<ele>2205.65</ele>
<time>2023-03-17T01:23:43Z</time>
</trkpt>
<trkpt lat="24.4707819" lon="121.0962554">
<ele>2206.56</ele>
<time>2023-03-17T01:23:49Z</time>
</trkpt>
<trkpt lat="24.4707116" lon="121.0962484">
<ele>2206.93</ele>
<time>2023-03-17T01:23:55Z</time>
</trkpt>
<trkpt lat="24.4706564" lon="121.0962236">
<ele>2206.31</ele>
<time>2023-03-17T01:24:01Z</time>
</trkpt>
<trkpt lat="24.4706089" lon="121.0961841">
<ele>2209.01</ele>
<time>2023-03-17T01:24:07Z</time>
</trkpt>
<trkpt lat="24.4705582" lon="121.0961474">
<ele>2207.97</ele>
<time>2023-03-17T01:24:13Z</time>
</trkpt>
<trkpt lat="24.4705032" lon="121.0961105">
<ele>2210.57</ele>
<time>2023-03-17T01:24:19Z</time>
</trkpt>
<trkpt lat="24.4704474" lon="121.0960948">
<ele>2210.29</ele>
<time>2023-03-17T01:24:25Z</time>
</trkpt>
<trkpt lat="24.4703991" lon="121.0960752">
<ele>2210.20</ele>
<time>2023-03-17T01:24:29Z</time>
</trkpt>
<trkpt lat="24.4703586" lon="121.0960489">
<ele>2213.18</ele>
<time>2023-03-17T01:24:33Z</time>
</trkpt>
<trkpt lat="24.4703240" lon="121.0960041">
<ele>2212.33</ele>
<time>2023-03-17T01:24:37Z</time>
</trkpt>
<trkpt lat="24.4703005" lon="121.0959570">
<ele>2212.60</ele>
<time>2023-03-17T01:24:41Z</time>
</trkpt>
<trkpt lat="24.4702679" lon="121.0959148">
<ele>2211.17</ele>
<time>2023-03-17T01:24:45Z</time>
</trkpt>
<trkpt lat="24.4702382" lon="121.0958745">
<ele>2213.87</ele>
<time>2023-03-17T01:24:49Z</time>
</trkpt>
<trkpt lat="24.4701990" lon="121.0958420">
<ele>2215.55</ele>
<time>2023-03-17T01:24:53Z</time>
</trkpt>
<trkpt lat="24.4701843" lon="121.0957868">
<ele>2214.64</ele>
<time>2023-03-17T01:24:57Z</time>
</trkpt>
<trkpt lat="24.4701415" lon="121.0957542">
<ele>2213.95</ele>
<time>2023-03-17T01:25:01Z</time>
</trkpt>
<trkpt lat="24.4701184" lon="121.0957080">
<ele>2210.89</ele>
<time>2023-03-17T01:25:05Z</time>
</trkpt>
<trkpt lat="24.4700968" lon="121.0956507">
<ele>2209.04</ele>
<time>2023-03-17T01:25:09Z</time>
</trkpt>
<trkpt lat="24.4700642" lon="121.0956120">
<ele>2207.76</ele>
<time>2023-03-17T01:25:13Z</time>
</trkpt>
<trkpt lat="24.4700215" lon="121.0955946">
<ele>2207.54</ele>
<time>2023-03-17T01:25:17Z</time>
</trkpt>
<trkpt lat="24.4699587" lon="121.0956051">
<ele>2206.67</ele>
<time>2023-03-17T01:25:23Z</time>
</trkpt>
<trkpt lat="24.4699149" lon="121.0956289">
<ele>2208.44</ele>
<time>2023-03-17T01:25:27Z</time>
</trkpt>
<trkpt lat="24.4698632" lon="121.0956401">
<ele>2209.82</ele>
<time>2023-03-17T01:25:31Z</time>
</trkpt>
<trkpt lat="24.4698054" lon="121.0956225">
<ele>2210.96</ele>
<time>2023-03-17T01:25:39Z</time>
</trkpt>
<trkpt lat="24.4697603" lon="121.0955963">
<ele>2210.70</ele>
<time>2023-03-17T01:25:45Z</time>
</trkpt>
<trkpt lat="24.4697213" lon="121.0955368">
<ele>2210.58</ele>
<time>2023-03-17T01:25:51Z</time>
</trkpt>
<trkpt lat="24.4696875" lon="121.0954956">
<ele>2210.51</ele>
<time>2023-03-17T01:25:57Z</time>
</trkpt>
<trkpt lat="24.4696634" lon="121.0954504">
<ele>2208.55</ele>
<time>2023-03-17T01:26:01Z</time>
</trkpt>
<trkpt lat="24.4696357" lon="121.0954106">
<ele>2208.96</ele>
<time>2023-03-17T01:26:05Z</time>
</trkpt>
<trkpt lat="24.4696094" lon="121.0953639">
<ele>2208.64</ele>
<time>2023-03-17T01:26:09Z</time>
</trkpt>
<trkpt lat="24.4695773" lon="121.0953238">
<ele>2209.47</ele>
<time>2023-03-17T01:26:13Z</time>
</trkpt>
<trkpt lat="24.4695394" lon="121.0952897">
<ele>2208.09</ele>
<time>2023-03-17T01:26:17Z</time>
</trkpt>
<trkpt lat="24.4694882" lon="121.0952757">
<ele>2206.50</ele>
<time>2023-03-17T01:26:21Z</time>
</trkpt>
<trkpt lat="24.4694397" lon="121.0952626">
<ele>2206.78</ele>
<time>2023-03-17T01:26:25Z</time>
</trkpt>
<trkpt lat="24.4693918" lon="121.0952549">
<ele>2205.77</ele>
<time>2023-03-17T01:26:29Z</time>
</trkpt>
<trkpt lat="24.4693263" lon="121.0952484">
<ele>2204.39</ele>
<time>2023-03-17T01:26:35Z</time>
</trkpt>
<trkpt lat="24.4692808" lon="121.0952474">
<ele>2205.70</ele>
<time>2023-03-17T01:26:39Z</time>
</trkpt>
<trkpt lat="24.4692323" lon="121.0952554">
<ele>2206.06</ele>
<time>2023-03-17T01:26:43Z</time>
</trkpt>
<trkpt lat="24.4691820" lon="121.0952612">
<ele>2205.86</ele>
<time>2023-03-17T01:26:47Z</time>
</trkpt>
<trkpt lat="24.4691367" lon="121.0952767">
<ele>2204.17</ele>
<time>2023-03-17T01:26:51Z</time>
</trkpt>
<trkpt lat="24.4690894" lon="121.0952823">
<ele>2204.42</ele>
<time>2023-03-17T01:26:55Z</time>
</trkpt>
<trkpt lat="24.4690427" lon="121.0952886">
<ele>2204.24</ele>
<time>2023-03-17T01:26:59Z</time>
</trkpt>
<trkpt lat="24.4689981" lon="121.0952814">
<ele>2203.26</ele>
<time>2023-03-17T01:27:03Z</time>
</trkpt>
<trkpt lat="24.4689523" lon="121.0952770">
<ele>2203.02</ele>
<time>2023-03-17T01:27:07Z</time>
</trkpt>
<trkpt lat="24.4689014" lon="121.0952763">
<ele>2201.21</ele>
<time>2023-03-17T01:27:11Z</time>
</trkpt>
<trkpt lat="24.4688518" lon="121.0952698">
<ele>2201.10</ele>
<time>2023-03-17T01:27:15Z</time>
</trkpt>
<trkpt lat="24.4687994" lon="121.0952707">
<ele>2201.30</ele>
<time>2023-03-17T01:27:19Z</time>
</trkpt>
<trkpt lat="24.4687535" lon="121.0952838">
<ele>2202.07</ele>
<time>2023-03-17T01:27:23Z</time>
</trkpt>
<trkpt lat="24.4686858" lon="121.0952973">
<ele>2203.52</ele>
<time>2023-03-17T01:27:29Z</time>
</trkpt>
<trkpt lat="24.4686399" lon="121.0953187">
<ele>2203.47</ele>
<time>2023-03-17T01:27:33Z</time>
</trkpt>
<trkpt lat="24.4685908" lon="121.0953250">
<ele>2204.14</ele>
<time>2023-03-17T01:27:37Z</time>
</trkpt>
<trkpt lat="24.4685461" lon="121.0953345">
<ele>2204.65</ele>
<time>2023-03-17T01:27:41Z</time>
</trkpt>
<trkpt lat="24.4685013" lon="121.0953505">
<ele>2203.93</ele>
<time>2023-03-17T01:27:45Z</time>
</trkpt>
<trkpt lat="24.4684529" lon="121.0953442">
<ele>2203.95</ele>
<time>2023-03-17T01:27:49Z</time>
</trkpt>
<trkpt lat="24.4683878" lon="121.0953455">
<ele>2203.56</ele>
<time>2023-03-17T01:27:55Z</time>
</trkpt>
<trkpt lat="24.4683427" lon="121.0953407">
<ele>2202.75</ele>
<time>2023-03-17T01:27:59Z</time>
</trkpt>
<trkpt lat="24.4683012" lon="121.0953208">
<ele>2201.97</ele>
<time>2023-03-17T01:28:03Z</time>
</trkpt>
<trkpt lat="24.4682424" lon="121.0952925">
<ele>2201.05</ele>
<time>2023-03-17T01:28:09Z</time>
</trkpt>
<trkpt lat="24.4681972" lon="121.0952482">
<ele>2199.69</ele>
<time>2023-03-17T01:28:15Z</time>
</trkpt>
<trkpt lat="24.4681560" lon="121.0952256">
<ele>2199.91</ele>
<time>2023-03-17T01:28:19Z</time>
</trkpt>
<trkpt lat="24.4681137" lon="121.0951890">
<ele>2199.09</ele>
<time>2023-03-17T01:28:23Z</time>
</trkpt>
<trkpt lat="24.4680773" lon="121.0951569">
<ele>2197.91</ele>
<time>2023-03-17T01:28:27Z</time>
</trkpt>
<trkpt lat="24.4680304" lon="121.0951723">
<ele>2200.45</ele>
<time>2023-03-17T01:28:31Z</time>
</trkpt>
<trkpt lat="24.4679675" lon="121.0951743">
<ele>2203.13</ele>
<time>2023-03-17T01:28:37Z</time>
</trkpt>
<trkpt lat="24.4679037" lon="121.0951594">
<ele>2205.71</ele>
<time>2023-03-17T01:28:43Z</time>
</trkpt>
<trkpt lat="24.4678562" lon="121.0951235">
<ele>2206.35</ele>
<time>2023-03-17T01:28:49Z</time>
</trkpt>
<trkpt lat="24.4678010" lon="121.0950935">
<ele>2205.34</ele>
<time>2023-03-17T01:28:55Z</time>
</trkpt>
<trkpt lat="24.4677425" lon="121.0950623">
<ele>2202.23</ele>
<time>2023-03-17T01:29:04Z</time>
</trkpt>
<trkpt lat="24.4677010" lon="121.0950331">
<ele>2203.11</ele>
<time>2023-03-17T01:29:09Z</time>
</trkpt>
<trkpt lat="24.4676699" lon="121.0949807">
<ele>2203.62</ele>
<time>2023-03-17T01:29:15Z</time>
</trkpt>
<trkpt lat="24.4676362" lon="121.0949472">
<ele>2203.93</ele>
<time>2023-03-17T01:29:19Z</time>
</trkpt>
<trkpt lat="24.4676104" lon="121.0948891">
<ele>2204.50</ele>
<time>2023-03-17T01:29:25Z</time>
</trkpt>
<trkpt lat="24.4675808" lon="121.0948479">
<ele>2204.77</ele>
<time>2023-03-17T01:29:29Z</time>
</trkpt>
<trkpt lat="24.4675490" lon="121.0947864">
<ele>2206.54</ele>
<time>2023-03-17T01:29:35Z</time>
</trkpt>
<trkpt lat="24.4675052" lon="121.0947421">
<ele>2206.91</ele>
<time>2023-03-17T01:29:41Z</time>
</trkpt>
<trkpt lat="24.4674639" lon="121.0946896">
<ele>2206.45</ele>
<time>2023-03-17T01:29:47Z</time>
</trkpt>
<trkpt lat="24.4674248" lon="121.0946430">
<ele>2206.53</ele>
<time>2023-03-17T01:29:51Z</time>
</trkpt>
<trkpt lat="24.4674020" lon="121.0945969">
<ele>2206.98</ele>
<time>2023-03-17T01:29:55Z</time>
</trkpt>
<trkpt lat="24.4673589" lon="121.0945454">
<ele>2205.20</ele>
<time>2023-03-17T01:30:01Z</time>
</trkpt>
<trkpt lat="24.4673166" lon="121.0944877">
<ele>2204.89</ele>
<time>2023-03-17T01:30:07Z</time>
</trkpt>
<trkpt lat="24.4672793" lon="121.0944501">
<ele>2205.34</ele>
<time>2023-03-17T01:30:11Z</time>
</trkpt>
<trkpt lat="24.4672299" lon="121.0943940">
<ele>2205.97</ele>
<time>2023-03-17T01:30:17Z</time>
</trkpt>
<trkpt lat="24.4671990" lon="121.0943516">
<ele>2206.48</ele>
<time>2023-03-17T01:30:21Z</time>
</trkpt>
<trkpt lat="24.4671746" lon="121.0942947">
<ele>2205.82</ele>
<time>2023-03-17T01:30:25Z</time>
</trkpt>
<trkpt lat="24.4671495" lon="121.0942189">
<ele>2204.84</ele>
<time>2023-03-17T01:30:31Z</time>
</trkpt>
<trkpt lat="24.4671142" lon="121.0941743">
<ele>2204.16</ele>
<time>2023-03-17T01:30:35Z</time>
</trkpt>
<trkpt lat="24.4670709" lon="121.0941406">
<ele>2202.80</ele>
<time>2023-03-17T01:30:39Z</time>
</trkpt>
<trkpt lat="24.4670194" lon="121.0940981">
<ele>2202.15</ele>
<time>2023-03-17T01:30:45Z</time>
</trkpt>
<trkpt lat="24.4669661" lon="121.0940593">
<ele>2202.66</ele>
<time>2023-03-17T01:30:51Z</time>
</trkpt>
<trkpt lat="24.4669291" lon="121.0940266">
<ele>2204.06</ele>
<time>2023-03-17T01:30:55Z</time>
</trkpt>
<trkpt lat="24.4668782" lon="121.0940056">
<ele>2204.57</ele>
<time>2023-03-17T01:31:01Z</time>
</trkpt>
<trkpt lat="24.4667840" lon="121.0939366">
<ele>2196.52</ele>
<time>2023-03-17T01:31:23Z</time>
</trkpt>
<trkpt lat="24.4667212" lon="121.0939060">
<ele>2197.67</ele>
<time>2023-03-17T01:31:25Z</time>
</trkpt>
<trkpt lat="24.4666481" lon="121.0938549">
<ele>2199.34</ele>
<time>2023-03-17T01:31:29Z</time>
</trkpt>
<trkpt lat="24.4666021" lon="121.0938326">
<ele>2199.75</ele>
<time>2023-03-17T01:31:31Z</time>
</trkpt>
<trkpt lat="24.4665515" lon="121.0938169">
<ele>2201.22</ele>
<time>2023-03-17T01:31:33Z</time>
</trkpt>
<trkpt lat="24.4664713" lon="121.0938146">
<ele>2204.99</ele>
<time>2023-03-17T01:31:37Z</time>
</trkpt>
<trkpt lat="24.4664170" lon="121.0937835">
<ele>2206.67</ele>
<time>2023-03-17T01:31:41Z</time>
</trkpt>
<trkpt lat="24.4663771" lon="121.0937424">
<ele>2207.11</ele>
<time>2023-03-17T01:31:45Z</time>
</trkpt>
<trkpt lat="24.4663417" lon="121.0936981">
<ele>2207.71</ele>
<time>2023-03-17T01:31:49Z</time>
</trkpt>
<trkpt lat="24.4663014" lon="121.0936607">
<ele>2210.04</ele>
<time>2023-03-17T01:31:53Z</time>
</trkpt>
<trkpt lat="24.4662703" lon="121.0936206">
<ele>2208.72</ele>
<time>2023-03-17T01:31:57Z</time>
</trkpt>
<trkpt lat="24.4662352" lon="121.0935747">
<ele>2208.03</ele>
<time>2023-03-17T01:32:01Z</time>
</trkpt>
<trkpt lat="24.4662137" lon="121.0935221">
<ele>2205.34</ele>
<time>2023-03-17T01:32:05Z</time>
</trkpt>
<trkpt lat="24.4661875" lon="121.0934735">
<ele>2204.46</ele>
<time>2023-03-17T01:32:09Z</time>
</trkpt>
<trkpt lat="24.4661479" lon="121.0934436">
<ele>2206.35</ele>
<time>2023-03-17T01:32:13Z</time>
</trkpt>
<trkpt lat="24.4660819" lon="121.0934170">
<ele>2205.75</ele>
<time>2023-03-17T01:32:19Z</time>
</trkpt>
<trkpt lat="24.4660328" lon="121.0934049">
<ele>2206.44</ele>
<time>2023-03-17T01:32:23Z</time>
</trkpt>
<trkpt lat="24.4659859" lon="121.0933931">
<ele>2207.36</ele>
<time>2023-03-17T01:32:27Z</time>
</trkpt>
<trkpt lat="24.4659404" lon="121.0933901">
<ele>2207.78</ele>
<time>2023-03-17T01:32:31Z</time>
</trkpt>
<trkpt lat="24.4658739" lon="121.0933903">
<ele>2207.48</ele>
<time>2023-03-17T01:32:37Z</time>
</trkpt>
<trkpt lat="24.4658242" lon="121.0933906">
<ele>2210.07</ele>
<time>2023-03-17T01:32:41Z</time>
</trkpt>
<trkpt lat="24.4657743" lon="121.0933700">
<ele>2208.53</ele>
<time>2023-03-17T01:32:45Z</time>
</trkpt>
<trkpt lat="24.4657200" lon="121.0933753">
<ele>2210.11</ele>
<time>2023-03-17T01:32:49Z</time>
</trkpt>
<trkpt lat="24.4656683" lon="121.0933882">
<ele>2211.68</ele>
<time>2023-03-17T01:32:53Z</time>
</trkpt>
<trkpt lat="24.4656179" lon="121.0933897">
<ele>2210.48</ele>
<time>2023-03-17T01:32:57Z</time>
</trkpt>
<trkpt lat="24.4655688" lon="121.0933971">
<ele>2210.35</ele>
<time>2023-03-17T01:33:01Z</time>
</trkpt>
<trkpt lat="24.4655205" lon="121.0933828">
<ele>2212.37</ele>
<time>2023-03-17T01:33:05Z</time>
</trkpt>
<trkpt lat="24.4654757" lon="121.0933540">
<ele>2212.34</ele>
<time>2023-03-17T01:33:09Z</time>
</trkpt>
<trkpt lat="24.4654291" lon="121.0933457">
<ele>2211.03</ele>
<time>2023-03-17T01:33:13Z</time>
</trkpt>
<trkpt lat="24.4653783" lon="121.0933354">
<ele>2210.27</ele>
<time>2023-03-17T01:33:17Z</time>
</trkpt>
<trkpt lat="24.4653140" lon="121.0933403">
<ele>2210.06</ele>
<time>2023-03-17T01:33:23Z</time>
</trkpt>
<trkpt lat="24.4652545" lon="121.0933437">
<ele>2206.93</ele>
<time>2023-03-17T01:33:29Z</time>
</trkpt>
<trkpt lat="24.4652100" lon="121.0933619">
<ele>2208.00</ele>
<time>2023-03-17T01:33:33Z</time>
</trkpt>
<trkpt lat="24.4651453" lon="121.0933858">
<ele>2209.63</ele>
<time>2023-03-17T01:33:39Z</time>
</trkpt>
<trkpt lat="24.4650980" lon="121.0934220">
<ele>2208.39</ele>
<time>2023-03-17T01:33:45Z</time>
</trkpt>
<trkpt lat="24.4650528" lon="121.0934309">
<ele>2206.13</ele>
<time>2023-03-17T01:33:49Z</time>
</trkpt>
<trkpt lat="24.4650138" lon="121.0934816">
<ele>2207.90</ele>
<time>2023-03-17T01:33:53Z</time>
</trkpt>
<trkpt lat="24.4649744" lon="121.0935190">
<ele>2209.15</ele>
<time>2023-03-17T01:33:57Z</time>
</trkpt>
<trkpt lat="24.4649290" lon="121.0935459">
<ele>2210.30</ele>
<time>2023-03-17T01:34:01Z</time>
</trkpt>
<trkpt lat="24.4648884" lon="121.0935980">
<ele>2208.14</ele>
<time>2023-03-17T01:34:07Z</time>
</trkpt>
<trkpt lat="24.4648555" lon="121.0936432">
<ele>2207.42</ele>
<time>2023-03-17T01:34:13Z</time>
</trkpt>
<trkpt lat="24.4648187" lon="121.0936920">
<ele>2207.60</ele>
<time>2023-03-17T01:34:19Z</time>
</trkpt>
<trkpt lat="24.4647909" lon="121.0937322">
<ele>2208.54</ele>
<time>2023-03-17T01:34:23Z</time>
</trkpt>
<trkpt lat="24.4647478" lon="121.0937979">
<ele>2210.48</ele>
<time>2023-03-17T01:34:27Z</time>
</trkpt>
<trkpt lat="24.4646797" lon="121.0938144">
<ele>2212.65</ele>
<time>2023-03-17T01:34:33Z</time>
</trkpt>
<trkpt lat="24.4646252" lon="121.0937991">
<ele>2211.17</ele>
<time>2023-03-17T01:34:39Z</time>
</trkpt>
<trkpt lat="24.4645672" lon="121.0937956">
<ele>2211.80</ele>
<time>2023-03-17T01:34:45Z</time>
</trkpt>
<trkpt lat="24.4645364" lon="121.0937518">
<ele>2210.78</ele>
<time>2023-03-17T01:34:55Z</time>
</trkpt>
<trkpt lat="24.4644759" lon="121.0937160">
<ele>2210.52</ele>
<time>2023-03-17T01:35:01Z</time>
</trkpt>
<trkpt lat="24.4644093" lon="121.0936721">
<ele>2212.96</ele>
<time>2023-03-17T01:35:07Z</time>
</trkpt>
<trkpt lat="24.4643615" lon="121.0936576">
<ele>2214.01</ele>
<time>2023-03-17T01:35:11Z</time>
</trkpt>
<trkpt lat="24.4643268" lon="121.0936125">
<ele>2213.20</ele>
<time>2023-03-17T01:35:17Z</time>
</trkpt>
<trkpt lat="24.4642675" lon="121.0935744">
<ele>2214.27</ele>
<time>2023-03-17T01:35:21Z</time>
</trkpt>
<trkpt lat="24.4642192" lon="121.0935602">
<ele>2214.53</ele>
<time>2023-03-17T01:35:25Z</time>
</trkpt>
<trkpt lat="24.4641786" lon="121.0935351">
<ele>2214.76</ele>
<time>2023-03-17T01:35:29Z</time>
</trkpt>
<trkpt lat="24.4641114" lon="121.0935238">
<ele>2213.80</ele>
<time>2023-03-17T01:35:35Z</time>
</trkpt>
<trkpt lat="24.4640601" lon="121.0935236">
<ele>2213.32</ele>
<time>2023-03-17T01:35:39Z</time>
</trkpt>
<trkpt lat="24.4639982" lon="121.0935482">
<ele>2213.57</ele>
<time>2023-03-17T01:35:45Z</time>
</trkpt>
<trkpt lat="24.4639365" lon="121.0935215">
<ele>2210.20</ele>
<time>2023-03-17T01:35:51Z</time>
</trkpt>
<trkpt lat="24.4638758" lon="121.0935038">
<ele>2207.50</ele>
<time>2023-03-17T01:35:57Z</time>
</trkpt>
<trkpt lat="24.4638292" lon="121.0935094">
<ele>2207.77</ele>
<time>2023-03-17T01:36:01Z</time>
</trkpt>
<trkpt lat="24.4637615" lon="121.0935214">
<ele>2206.99</ele>
<time>2023-03-17T01:36:07Z</time>
</trkpt>
<trkpt lat="24.4637131" lon="121.0935419">
<ele>2207.48</ele>
<time>2023-03-17T01:36:11Z</time>
</trkpt>
<trkpt lat="24.4636665" lon="121.0935470">
<ele>2209.64</ele>
<time>2023-03-17T01:36:15Z</time>
</trkpt>
<trkpt lat="24.4636214" lon="121.0935534">
<ele>2208.86</ele>
<time>2023-03-17T01:36:19Z</time>
</trkpt>
<trkpt lat="24.4635770" lon="121.0935630">
<ele>2211.15</ele>
<time>2023-03-17T01:36:23Z</time>
</trkpt>
<trkpt lat="24.4635193" lon="121.0935785">
<ele>2213.36</ele>
<time>2023-03-17T01:36:29Z</time>
</trkpt>
<trkpt lat="24.4634617" lon="121.0935955">
<ele>2214.94</ele>
<time>2023-03-17T01:36:35Z</time>
</trkpt>
<trkpt lat="24.4634027" lon="121.0936212">
<ele>2215.64</ele>
<time>2023-03-17T01:36:41Z</time>
</trkpt>
<trkpt lat="24.4633466" lon="121.0936368">
<ele>2210.64</ele>
<time>2023-03-17T01:36:47Z</time>
</trkpt>
<trkpt lat="24.4632873" lon="121.0936583">
<ele>2210.00</ele>
<time>2023-03-17T01:36:53Z</time>
</trkpt>
<trkpt lat="24.4632512" lon="121.0937186">
<ele>2210.05</ele>
<time>2023-03-17T01:36:59Z</time>
</trkpt>
<trkpt lat="24.4632093" lon="121.0937611">
<ele>2206.96</ele>
<time>2023-03-17T01:37:05Z</time>
</trkpt>
<trkpt lat="24.4631684" lon="121.0938230">
<ele>2208.50</ele>
<time>2023-03-17T01:37:11Z</time>
</trkpt>
<trkpt lat="24.4631476" lon="121.0938791">
<ele>2209.20</ele>
<time>2023-03-17T01:37:15Z</time>
</trkpt>
<trkpt lat="24.4631518" lon="121.0939441">
<ele>2209.72</ele>
<time>2023-03-17T01:37:19Z</time>
</trkpt>
<trkpt lat="24.4631368" lon="121.0939912">
<ele>2211.18</ele>
<time>2023-03-17T01:37:23Z</time>
</trkpt>
<trkpt lat="24.4631151" lon="121.0940346">
<ele>2209.78</ele>
<time>2023-03-17T01:37:27Z</time>
</trkpt>
<trkpt lat="24.4630843" lon="121.0940996">
<ele>2207.84</ele>
<time>2023-03-17T01:37:33Z</time>
</trkpt>
<trkpt lat="24.4630406" lon="121.0941449">
<ele>2207.46</ele>
<time>2023-03-17T01:37:39Z</time>
</trkpt>
<trkpt lat="24.4629954" lon="121.0941892">
<ele>2204.33</ele>
<time>2023-03-17T01:37:45Z</time>
</trkpt>
<trkpt lat="24.4629448" lon="121.0942388">
<ele>2201.83</ele>
<time>2023-03-17T01:37:51Z</time>
</trkpt>
<trkpt lat="24.4629200" lon="121.0942905">
<ele>2203.61</ele>
<time>2023-03-17T01:37:55Z</time>
</trkpt>
<trkpt lat="24.4628744" lon="121.0943420">
<ele>2202.98</ele>
<time>2023-03-17T01:38:01Z</time>
</trkpt>
<trkpt lat="24.4628558" lon="121.0943983">
<ele>2202.54</ele>
<time>2023-03-17T01:38:05Z</time>
</trkpt>
<trkpt lat="24.4628405" lon="121.0944602">
<ele>2202.90</ele>
<time>2023-03-17T01:38:09Z</time>
</trkpt>
<trkpt lat="24.4628284" lon="121.0945087">
<ele>2203.63</ele>
<time>2023-03-17T01:38:13Z</time>
</trkpt>
<trkpt lat="24.4627932" lon="121.0945617">
<ele>2207.04</ele>
<time>2023-03-17T01:38:19Z</time>
</trkpt>
<trkpt lat="24.4627758" lon="121.0946257">
<ele>2206.82</ele>
<time>2023-03-17T01:38:25Z</time>
</trkpt>
<trkpt lat="24.4627357" lon="121.0946792">
<ele>2204.42</ele>
<time>2023-03-17T01:38:31Z</time>
</trkpt>
<trkpt lat="24.4626866" lon="121.0947177">
<ele>2205.04</ele>
<time>2023-03-17T01:38:37Z</time>
</trkpt>
<trkpt lat="24.4626371" lon="121.0947612">
<ele>2206.17</ele>
<time>2023-03-17T01:38:43Z</time>
</trkpt>
<trkpt lat="24.4625776" lon="121.0947649">
<ele>2208.16</ele>
<time>2023-03-17T01:38:49Z</time>
</trkpt>
<trkpt lat="24.4625129" lon="121.0947700">
<ele>2208.65</ele>
<time>2023-03-17T01:38:55Z</time>
</trkpt>
<trkpt lat="24.4624476" lon="121.0947705">
<ele>2209.90</ele>
<time>2023-03-17T01:39:01Z</time>
</trkpt>
<trkpt lat="24.4624025" lon="121.0947599">
<ele>2209.24</ele>
<time>2023-03-17T01:39:05Z</time>
</trkpt>
<trkpt lat="24.4623556" lon="121.0947638">
<ele>2210.55</ele>
<time>2023-03-17T01:39:09Z</time>
</trkpt>
<trkpt lat="24.4623128" lon="121.0947835">
<ele>2211.06</ele>
<time>2023-03-17T01:39:13Z</time>
</trkpt>
<trkpt lat="24.4622505" lon="121.0947530">
<ele>2209.93</ele>
<time>2023-03-17T01:39:19Z</time>
</trkpt>
<trkpt lat="24.4622007" lon="121.0947595">
<ele>2210.27</ele>
<time>2023-03-17T01:39:23Z</time>
</trkpt>
<trkpt lat="24.4621563" lon="121.0947506">
<ele>2212.52</ele>
<time>2023-03-17T01:39:27Z</time>
</trkpt>
<trkpt lat="24.4620920" lon="121.0947444">
<ele>2212.91</ele>
<time>2023-03-17T01:39:33Z</time>
</trkpt>
<trkpt lat="24.4620470" lon="121.0947515">
<ele>2214.34</ele>
<time>2023-03-17T01:39:37Z</time>
</trkpt>
<trkpt lat="24.4620014" lon="121.0947536">
<ele>2214.93</ele>
<time>2023-03-17T01:39:41Z</time>
</trkpt>
<trkpt lat="24.4619521" lon="121.0947467">
<ele>2215.64</ele>
<time>2023-03-17T01:39:45Z</time>
</trkpt>
<trkpt lat="24.4619016" lon="121.0947448">
<ele>2217.24</ele>
<time>2023-03-17T01:39:49Z</time>
</trkpt>
<trkpt lat="24.4618553" lon="121.0947253">
<ele>2216.85</ele>
<time>2023-03-17T01:39:53Z</time>
</trkpt>
<trkpt lat="24.4618158" lon="121.0946981">
<ele>2216.43</ele>
<time>2023-03-17T01:39:57Z</time>
</trkpt>
<trkpt lat="24.4617717" lon="121.0946789">
<ele>2215.03</ele>
<time>2023-03-17T01:40:01Z</time>
</trkpt>
<trkpt lat="24.4617186" lon="121.0946338">
<ele>2212.95</ele>
<time>2023-03-17T01:40:07Z</time>
</trkpt>
<trkpt lat="24.4616728" lon="121.0946084">
<ele>2211.38</ele>
<time>2023-03-17T01:40:11Z</time>
</trkpt>
<trkpt lat="24.4616198" lon="121.0946040">
<ele>2211.67</ele>
<time>2023-03-17T01:40:15Z</time>
</trkpt>
<trkpt lat="24.4615702" lon="121.0946210">
<ele>2214.06</ele>
<time>2023-03-17T01:40:19Z</time>
</trkpt>
<trkpt lat="24.4615267" lon="121.0946436">
<ele>2214.80</ele>
<time>2023-03-17T01:40:23Z</time>
</trkpt>
<trkpt lat="24.4614808" lon="121.0946472">
<ele>2214.65</ele>
<time>2023-03-17T01:40:27Z</time>
</trkpt>
<trkpt lat="24.4614163" lon="121.0946496">
<ele>2216.00</ele>
<time>2023-03-17T01:40:33Z</time>
</trkpt>
<trkpt lat="24.4613514" lon="121.0946574">
<ele>2213.60</ele>
<time>2023-03-17T01:40:39Z</time>
</trkpt>
<trkpt lat="24.4613054" lon="121.0946528">
<ele>2214.33</ele>
<time>2023-03-17T01:40:43Z</time>
</trkpt>
<trkpt lat="24.4612620" lon="121.0946325">
<ele>2213.88</ele>
<time>2023-03-17T01:40:47Z</time>
</trkpt>
<trkpt lat="24.4612315" lon="121.0945745">
<ele>2215.00</ele>
<time>2023-03-17T01:40:53Z</time>
</trkpt>
<trkpt lat="24.4612068" lon="121.0945084">
<ele>2213.99</ele>
<time>2023-03-17T01:40:59Z</time>
</trkpt>
<trkpt lat="24.4611753" lon="121.0944478">
<ele>2213.64</ele>
<time>2023-03-17T01:41:05Z</time>
</trkpt>
<trkpt lat="24.4611467" lon="121.0944074">
<ele>2213.24</ele>
<time>2023-03-17T01:41:09Z</time>
</trkpt>
<trkpt lat="24.4611017" lon="121.0943641">
<ele>2212.12</ele>
<time>2023-03-17T01:41:15Z</time>
</trkpt>
<trkpt lat="24.4610464" lon="121.0943456">
<ele>2213.11</ele>
<time>2023-03-17T01:41:21Z</time>
</trkpt>
<trkpt lat="24.4609946" lon="121.0943201">
<ele>2214.54</ele>
<time>2023-03-17T01:41:27Z</time>
</trkpt>
<trkpt lat="24.4609371" lon="121.0942925">
<ele>2213.74</ele>
<time>2023-03-17T01:41:33Z</time>
</trkpt>
<trkpt lat="24.4608928" lon="121.0942482">
<ele>2211.86</ele>
<time>2023-03-17T01:41:39Z</time>
</trkpt>
<trkpt lat="24.4608397" lon="121.0942097">
<ele>2210.29</ele>
<time>2023-03-17T01:41:45Z</time>
</trkpt>
<trkpt lat="24.4607946" lon="121.0941966">
<ele>2211.67</ele>
<time>2023-03-17T01:41:49Z</time>
</trkpt>
<trkpt lat="24.4607496" lon="121.0941769">
<ele>2211.71</ele>
<time>2023-03-17T01:41:53Z</time>
</trkpt>
<trkpt lat="24.4607030" lon="121.0941597">
<ele>2211.06</ele>
<time>2023-03-17T01:41:57Z</time>
</trkpt>
<trkpt lat="24.4606556" lon="121.0941672">
<ele>2208.61</ele>
<time>2023-03-17T01:42:01Z</time>
</trkpt>
<trkpt lat="24.4606118" lon="121.0942184">
<ele>2210.41</ele>
<time>2023-03-17T01:42:07Z</time>
</trkpt>
<trkpt lat="24.4605638" lon="121.0942606">
<ele>2210.83</ele>
<time>2023-03-17T01:42:13Z</time>
</trkpt>
<trkpt lat="24.4605060" lon="121.0942534">
<ele>2210.99</ele>
<time>2023-03-17T01:42:19Z</time>
</trkpt>
<trkpt lat="24.4604615" lon="121.0942621">
<ele>2211.76</ele>
<time>2023-03-17T01:42:23Z</time>
</trkpt>
<trkpt lat="24.4604058" lon="121.0942281">
<ele>2212.07</ele>
<time>2023-03-17T01:42:29Z</time>
</trkpt>
<trkpt lat="24.4603844" lon="121.0941612">
<ele>2212.19</ele>
<time>2023-03-17T01:42:35Z</time>
</trkpt>
<trkpt lat="24.4603953" lon="121.0940874">
<ele>2210.91</ele>
<time>2023-03-17T01:42:41Z</time>
</trkpt>
<trkpt lat="24.4604129" lon="121.0940352">
<ele>2209.16</ele>
<time>2023-03-17T01:42:45Z</time>
</trkpt>
<trkpt lat="24.4604306" lon="121.0939829">
<ele>2207.58</ele>
<time>2023-03-17T01:42:49Z</time>
</trkpt>
<trkpt lat="24.4604442" lon="121.0939237">
<ele>2208.69</ele>
<time>2023-03-17T01:42:53Z</time>
</trkpt>
<trkpt lat="24.4604814" lon="121.0938626">
<ele>2206.06</ele>
<time>2023-03-17T01:42:59Z</time>
</trkpt>
<trkpt lat="24.4605043" lon="121.0937923">
<ele>2205.96</ele>
<time>2023-03-17T01:43:05Z</time>
</trkpt>
<trkpt lat="24.4605138" lon="121.0937307">
<ele>2207.63</ele>
<time>2023-03-17T01:43:11Z</time>
</trkpt>
<trkpt lat="24.4605079" lon="121.0936813">
<ele>2210.02</ele>
<time>2023-03-17T01:43:15Z</time>
</trkpt>
<trkpt lat="24.4605002" lon="121.0936168">
<ele>2211.96</ele>
<time>2023-03-17T01:43:21Z</time>
</trkpt>
<trkpt lat="24.4605099" lon="121.0935682">
<ele>2212.80</ele>
<time>2023-03-17T01:43:27Z</time>
</trkpt>
<trkpt lat="24.4605216" lon="121.0935041">
<ele>2210.21</ele>
<time>2023-03-17T01:43:35Z</time>
</trkpt>
<trkpt lat="24.4605137" lon="121.0934465">
<ele>2208.26</ele>
<time>2023-03-17T01:43:41Z</time>
</trkpt>
<trkpt lat="24.4605154" lon="121.0933856">
<ele>2208.23</ele>
<time>2023-03-17T01:43:47Z</time>
</trkpt>
<trkpt lat="24.4605300" lon="121.0933218">
<ele>2207.89</ele>
<time>2023-03-17T01:43:53Z</time>
</trkpt>
<trkpt lat="24.4605409" lon="121.0932663">
<ele>2208.44</ele>
<time>2023-03-17T01:43:59Z</time>
</trkpt>
<trkpt lat="24.4605360" lon="121.0931993">
<ele>2208.76</ele>
<time>2023-03-17T01:44:05Z</time>
</trkpt>
<trkpt lat="24.4605402" lon="121.0931358">
<ele>2210.33</ele>
<time>2023-03-17T01:44:10Z</time>
</trkpt>
<trkpt lat="24.4605504" lon="121.0930735">
<ele>2210.04</ele>
<time>2023-03-17T01:44:15Z</time>
</trkpt>
<trkpt lat="24.4605586" lon="121.0930054">
<ele>2209.03</ele>
<time>2023-03-17T01:44:21Z</time>
</trkpt>
<trkpt lat="24.4605533" lon="121.0929546">
<ele>2208.52</ele>
<time>2023-03-17T01:44:25Z</time>
</trkpt>
<trkpt lat="24.4605358" lon="121.0928808">
<ele>2207.22</ele>
<time>2023-03-17T01:44:31Z</time>
</trkpt>
<trkpt lat="24.4605195" lon="121.0928127">
<ele>2207.20</ele>
<time>2023-03-17T01:44:37Z</time>
</trkpt>
<trkpt lat="24.4604954" lon="121.0927588">
<ele>2206.66</ele>
<time>2023-03-17T01:44:42Z</time>
</trkpt>
<trkpt lat="24.4604677" lon="121.0926983">
<ele>2208.15</ele>
<time>2023-03-17T01:44:47Z</time>
</trkpt>
<trkpt lat="24.4604264" lon="121.0926350">
<ele>2207.11</ele>
<time>2023-03-17T01:44:53Z</time>
</trkpt>
<trkpt lat="24.4604111" lon="121.0925873">
<ele>2207.20</ele>
<time>2023-03-17T01:44:57Z</time>
</trkpt>
<trkpt lat="24.4603927" lon="121.0925261">
<ele>2206.58</ele>
<time>2023-03-17T01:45:02Z</time>
</trkpt>
<trkpt lat="24.4603744" lon="121.0924414">
<ele>2205.89</ele>
<time>2023-03-17T01:45:09Z</time>
</trkpt>
<trkpt lat="24.4603744" lon="121.0923669">
<ele>2205.99</ele>
<time>2023-03-17T01:45:15Z</time>
</trkpt>
<trkpt lat="24.4603671" lon="121.0922877">
<ele>2204.54</ele>
<time>2023-03-17T01:45:22Z</time>
</trkpt>
<trkpt lat="24.4603474" lon="121.0922092">
<ele>2203.00</ele>
<time>2023-03-17T01:45:29Z</time>
</trkpt>
<trkpt lat="24.4603551" lon="121.0921363">
<ele>2203.23</ele>
<time>2023-03-17T01:45:36Z</time>
</trkpt>
<trkpt lat="24.4603894" lon="121.0920752">
<ele>2202.23</ele>
<time>2023-03-17T01:45:44Z</time>
</trkpt>
<trkpt lat="24.4603957" lon="121.0920225">
<ele>2202.58</ele>
<time>2023-03-17T01:45:49Z</time>
</trkpt>
<trkpt lat="24.4603944" lon="121.0919480">
<ele>2203.39</ele>
<time>2023-03-17T01:45:56Z</time>
</trkpt>
<trkpt lat="24.4603973" lon="121.0918927">
<ele>2202.85</ele>
<time>2023-03-17T01:46:00Z</time>
</trkpt>
<trkpt lat="24.4604301" lon="121.0918453">
<ele>2202.51</ele>
<time>2023-03-17T01:46:05Z</time>
</trkpt>
<trkpt lat="24.4604450" lon="121.0917743">
<ele>2203.02</ele>
<time>2023-03-17T01:46:11Z</time>
</trkpt>
<trkpt lat="24.4604682" lon="121.0917114">
<ele>2204.77</ele>
<time>2023-03-17T01:46:17Z</time>
</trkpt>
<trkpt lat="24.4605025" lon="121.0916548">
<ele>2202.35</ele>
<time>2023-03-17T01:46:24Z</time>
</trkpt>
<trkpt lat="24.4605116" lon="121.0915904">
<ele>2202.81</ele>
<time>2023-03-17T01:46:30Z</time>
</trkpt>
<trkpt lat="24.4605130" lon="121.0915285">
<ele>2203.33</ele>
<time>2023-03-17T01:46:36Z</time>
</trkpt>
<trkpt lat="24.4605097" lon="121.0914738">
<ele>2203.85</ele>
<time>2023-03-17T01:46:41Z</time>
</trkpt>
<trkpt lat="24.4604813" lon="121.0914247">
<ele>2203.81</ele>
<time>2023-03-17T01:46:46Z</time>
</trkpt>
<trkpt lat="24.4604530" lon="121.0913593">
<ele>2204.10</ele>
<time>2023-03-17T01:46:52Z</time>
</trkpt>
<trkpt lat="24.4604266" lon="121.0912967">
<ele>2205.62</ele>
<time>2023-03-17T01:46:58Z</time>
</trkpt>
<trkpt lat="24.4603787" lon="121.0912535">
<ele>2205.36</ele>
<time>2023-03-17T01:47:04Z</time>
</trkpt>
<trkpt lat="24.4603618" lon="121.0911973">
<ele>2204.23</ele>
<time>2023-03-17T01:47:10Z</time>
</trkpt>
<trkpt lat="24.4603620" lon="121.0911333">
<ele>2202.91</ele>
<time>2023-03-17T01:47:16Z</time>
</trkpt>
<trkpt lat="24.4603603" lon="121.0910824">
<ele>2201.30</ele>
<time>2023-03-17T01:47:20Z</time>
</trkpt>
<trkpt lat="24.4603648" lon="121.0910051">
<ele>2202.44</ele>
<time>2023-03-17T01:47:26Z</time>
</trkpt>
<trkpt lat="24.4603630" lon="121.0909367">
<ele>2202.00</ele>
<time>2023-03-17T01:47:32Z</time>
</trkpt>
<trkpt lat="24.4603416" lon="121.0908680">
<ele>2203.03</ele>
<time>2023-03-17T01:47:38Z</time>
</trkpt>
<trkpt lat="24.4603191" lon="121.0907954">
<ele>2205.00</ele>
<time>2023-03-17T01:47:44Z</time>
</trkpt>
<trkpt lat="24.4603128" lon="121.0907458">
<ele>2205.00</ele>
<time>2023-03-17T01:47:48Z</time>
</trkpt>
<trkpt lat="24.4603229" lon="121.0906729">
<ele>2204.55</ele>
<time>2023-03-17T01:47:54Z</time>
</trkpt>
<trkpt lat="24.4603377" lon="121.0906256">
<ele>2204.28</ele>
<time>2023-03-17T01:47:58Z</time>
</trkpt>
<trkpt lat="24.4603378" lon="121.0905514">
<ele>2202.07</ele>
<time>2023-03-17T01:48:04Z</time>
</trkpt>
<trkpt lat="24.4603193" lon="121.0904867">
<ele>2201.40</ele>
<time>2023-03-17T01:48:08Z</time>
</trkpt>
<trkpt lat="24.4602868" lon="121.0904146">
<ele>2203.34</ele>
<time>2023-03-17T01:48:14Z</time>
</trkpt>
<trkpt lat="24.4602426" lon="121.0903745">
<ele>2203.97</ele>
<time>2023-03-17T01:48:20Z</time>
</trkpt>
<trkpt lat="24.4601874" lon="121.0903412">
<ele>2204.84</ele>
<time>2023-03-17T01:48:26Z</time>
</trkpt>
<trkpt lat="24.4601405" lon="121.0903284">
<ele>2205.10</ele>
<time>2023-03-17T01:48:30Z</time>
</trkpt>
<trkpt lat="24.4600889" lon="121.0903287">
<ele>2203.32</ele>
<time>2023-03-17T01:48:34Z</time>
</trkpt>
<trkpt lat="24.4600392" lon="121.0903181">
<ele>2201.91</ele>
<time>2023-03-17T01:48:38Z</time>
</trkpt>
<trkpt lat="24.4599948" lon="121.0903030">
<ele>2200.18</ele>
<time>2023-03-17T01:48:42Z</time>
</trkpt>
<trkpt lat="24.4599365" lon="121.0902653">
<ele>2200.84</ele>
<time>2023-03-17T01:48:48Z</time>
</trkpt>
<trkpt lat="24.4598795" lon="121.0902344">
<ele>2200.30</ele>
<time>2023-03-17T01:48:54Z</time>
</trkpt>
<trkpt lat="24.4598205" lon="121.0902024">
<ele>2201.25</ele>
<time>2023-03-17T01:49:00Z</time>
</trkpt>
<trkpt lat="24.4597556" lon="121.0901876">
<ele>2200.43</ele>
<time>2023-03-17T01:49:06Z</time>
</trkpt>
<trkpt lat="24.4596981" lon="121.0901610">
<ele>2202.02</ele>
<time>2023-03-17T01:49:12Z</time>
</trkpt>
<trkpt lat="24.4596373" lon="121.0901451">
<ele>2200.26</ele>
<time>2023-03-17T01:49:18Z</time>
</trkpt>
<trkpt lat="24.4595765" lon="121.0901213">
<ele>2199.48</ele>
<time>2023-03-17T01:49:24Z</time>
</trkpt>
<trkpt lat="24.4595100" lon="121.0901112">
<ele>2198.52</ele>
<time>2023-03-17T01:49:30Z</time>
</trkpt>
<trkpt lat="24.4594510" lon="121.0900743">
<ele>2197.63</ele>
<time>2023-03-17T01:49:36Z</time>
</trkpt>
<trkpt lat="24.4594134" lon="121.0900164">
<ele>2199.03</ele>
<time>2023-03-17T01:49:42Z</time>
</trkpt>
<trkpt lat="24.4593837" lon="121.0899580">
<ele>2200.78</ele>
<time>2023-03-17T01:49:48Z</time>
</trkpt>
<trkpt lat="24.4593743" lon="121.0898872">
<ele>2201.03</ele>
<time>2023-03-17T01:49:54Z</time>
</trkpt>
<trkpt lat="24.4593509" lon="121.0898073">
<ele>2200.37</ele>
<time>2023-03-17T01:50:00Z</time>
</trkpt>
<trkpt lat="24.4593398" lon="121.0897344">
<ele>2201.32</ele>
<time>2023-03-17T01:50:06Z</time>
</trkpt>
<trkpt lat="24.4593313" lon="121.0896843">
<ele>2201.19</ele>
<time>2023-03-17T01:50:10Z</time>
</trkpt>
<trkpt lat="24.4593101" lon="121.0896309">
<ele>2199.87</ele>
<time>2023-03-17T01:50:16Z</time>
</trkpt>
<trkpt lat="24.4592541" lon="121.0896017">
<ele>2199.12</ele>
<time>2023-03-17T01:50:22Z</time>
</trkpt>
<trkpt lat="24.4591963" lon="121.0895807">
<ele>2199.05</ele>
<time>2023-03-17T01:50:28Z</time>
</trkpt>
<trkpt lat="24.4591647" lon="121.0896188">
<ele>2202.52</ele>
<time>2023-03-17T01:50:34Z</time>
</trkpt>
<trkpt lat="24.4590978" lon="121.0896581">
<ele>2205.99</ele>
<time>2023-03-17T01:50:39Z</time>
</trkpt>
<trkpt lat="24.4590502" lon="121.0896354">
<ele>2204.74</ele>
<time>2023-03-17T01:50:44Z</time>
</trkpt>
<trkpt lat="24.4590000" lon="121.0896095">
<ele>2202.57</ele>
<time>2023-03-17T01:50:50Z</time>
</trkpt>
<trkpt lat="24.4589548" lon="121.0895777">
<ele>2201.86</ele>
<time>2023-03-17T01:50:58Z</time>
</trkpt>
<trkpt lat="24.4589401" lon="121.0895307">
<ele>2197.25</ele>
<time>2023-03-17T01:51:04Z</time>
</trkpt>
<trkpt lat="24.4589394" lon="121.0894733">
<ele>2195.60</ele>
<time>2023-03-17T01:51:10Z</time>
</trkpt>
<trkpt lat="24.4589125" lon="121.0894299">
<ele>2195.57</ele>
<time>2023-03-17T01:51:18Z</time>
</trkpt>
<trkpt lat="24.4589260" lon="121.0893822">
<ele>2194.31</ele>
<time>2023-03-17T01:51:25Z</time>
</trkpt>
<trkpt lat="24.4589286" lon="121.0893170">
<ele>2193.21</ele>
<time>2023-03-17T01:51:32Z</time>
</trkpt>
<trkpt lat="24.4589157" lon="121.0892625">
<ele>2192.23</ele>
<time>2023-03-17T01:51:40Z</time>
</trkpt>
<trkpt lat="24.4588983" lon="121.0892154">
<ele>2191.45</ele>
<time>2023-03-17T01:51:48Z</time>
</trkpt>
<trkpt lat="24.4588727" lon="121.0891648">
<ele>2189.87</ele>
<time>2023-03-17T01:51:58Z</time>
</trkpt>
<trkpt lat="24.4588928" lon="121.0891202">
<ele>2190.06</ele>
<time>2023-03-17T01:52:08Z</time>
</trkpt>
<trkpt lat="24.4589090" lon="121.0890572">
<ele>2190.32</ele>
<time>2023-03-17T01:52:18Z</time>
</trkpt>
<trkpt lat="24.4589212" lon="121.0889998">
<ele>2189.36</ele>
<time>2023-03-17T01:52:28Z</time>
</trkpt>
<trkpt lat="24.4589197" lon="121.0889386">
<ele>2188.24</ele>
<time>2023-03-17T01:52:37Z</time>
</trkpt>
<trkpt lat="24.4589424" lon="121.0888895">
<ele>2188.06</ele>
<time>2023-03-17T01:52:44Z</time>
</trkpt>
<trkpt lat="24.4589476" lon="121.0888273">
<ele>2187.19</ele>
<time>2023-03-17T01:52:54Z</time>
</trkpt>
<trkpt lat="24.4589464" lon="121.0887769">
<ele>2187.76</ele>
<time>2023-03-17T01:53:02Z</time>
</trkpt>
<trkpt lat="24.4589704" lon="121.0887320">
<ele>2185.18</ele>
<time>2023-03-17T01:53:10Z</time>
</trkpt>
<trkpt lat="24.4590064" lon="121.0886823">
<ele>2184.27</ele>
<time>2023-03-17T01:53:18Z</time>
</trkpt>
<trkpt lat="24.4590276" lon="121.0886365">
<ele>2181.91</ele>
<time>2023-03-17T01:53:24Z</time>
</trkpt>
<trkpt lat="24.4590528" lon="121.0885829">
<ele>2181.05</ele>
<time>2023-03-17T01:53:30Z</time>
</trkpt>
<trkpt lat="24.4590721" lon="121.0885169">
<ele>2181.57</ele>
<time>2023-03-17T01:53:36Z</time>
</trkpt>
<trkpt lat="24.4590493" lon="121.0884612">
<ele>2181.57</ele>
<time>2023-03-17T01:54:28Z</time>
</trkpt>
<trkpt lat="24.4590218" lon="121.0884145">
<ele>2179.53</ele>
<time>2023-03-17T01:55:46Z</time>
</trkpt>
<trkpt lat="24.4589771" lon="121.0883862">
<ele>2177.82</ele>
<time>2023-03-17T01:56:00Z</time>
</trkpt>
<trkpt lat="24.4589312" lon="121.0883460">
<ele>2173.93</ele>
<time>2023-03-17T01:56:10Z</time>
</trkpt>
<trkpt lat="24.4588930" lon="121.0883187">
<ele>2172.24</ele>
<time>2023-03-17T01:56:18Z</time>
</trkpt>
<trkpt lat="24.4588605" lon="121.0882697">
<ele>2172.23</ele>
<time>2023-03-17T01:56:26Z</time>
</trkpt>
<trkpt lat="24.4588120" lon="121.0882574">
<ele>2169.02</ele>
<time>2023-03-17T01:56:34Z</time>
</trkpt>
<trkpt lat="24.4587642" lon="121.0882585">
<ele>2165.58</ele>
<time>2023-03-17T01:56:42Z</time>
</trkpt>
<trkpt lat="24.4587598" lon="121.0883218">
<ele>2163.73</ele>
<time>2023-03-17T01:56:48Z</time>
</trkpt>
<trkpt lat="24.4587437" lon="121.0883736">
<ele>2164.30</ele>
<time>2023-03-17T01:56:56Z</time>
</trkpt>
<trkpt lat="24.4586946" lon="121.0883650">
<ele>2163.95</ele>
<time>2023-03-17T01:57:00Z</time>
</trkpt>
<trkpt lat="24.4586605" lon="121.0883309">
<ele>2161.03</ele>
<time>2023-03-17T01:57:10Z</time>
</trkpt>
<trkpt lat="24.4586126" lon="121.0883507">
<ele>2162.82</ele>
<time>2023-03-17T01:57:16Z</time>
</trkpt>
<trkpt lat="24.4585746" lon="121.0883875">
<ele>2168.09</ele>
<time>2023-03-17T01:57:24Z</time>
</trkpt>
<trkpt lat="24.4585608" lon="121.0883206">
<ele>2167.78</ele>
<time>2023-03-17T01:57:46Z</time>
</trkpt>
<trkpt lat="24.4585484" lon="121.0882710">
<ele>2167.12</ele>
<time>2023-03-17T01:57:54Z</time>
</trkpt>
<trkpt lat="24.4585273" lon="121.0882228">
<ele>2164.42</ele>
<time>2023-03-17T01:58:02Z</time>
</trkpt>
<trkpt lat="24.4584978" lon="121.0881658">
<ele>2164.35</ele>
<time>2023-03-17T01:58:10Z</time>
</trkpt>
<trkpt lat="24.4584512" lon="121.0881454">
<ele>2164.47</ele>
<time>2023-03-17T01:58:24Z</time>
</trkpt>
<trkpt lat="24.4583966" lon="121.0881428">
<ele>2166.72</ele>
<time>2023-03-17T01:58:32Z</time>
</trkpt>
<trkpt lat="24.4583485" lon="121.0881223">
<ele>2166.89</ele>
<time>2023-03-17T01:58:48Z</time>
</trkpt>
<trkpt lat="24.4583336" lon="121.0880739">
<ele>2170.50</ele>
<time>2023-03-17T01:58:56Z</time>
</trkpt>
<trkpt lat="24.4583504" lon="121.0880192">
<ele>2165.81</ele>
<time>2023-03-17T01:59:07Z</time>
</trkpt>
<trkpt lat="24.4583085" lon="121.0879841">
<ele>2167.52</ele>
<time>2023-03-17T01:59:13Z</time>
</trkpt>
<trkpt lat="24.4582699" lon="121.0879568">
<ele>2165.95</ele>
<time>2023-03-17T01:59:23Z</time>
</trkpt>
<trkpt lat="24.4582158" lon="121.0879321">
<ele>2163.78</ele>
<time>2023-03-17T01:59:31Z</time>
</trkpt>
<trkpt lat="24.4581792" lon="121.0879021">
<ele>2162.08</ele>
<time>2023-03-17T01:59:37Z</time>
</trkpt>
<trkpt lat="24.4581400" lon="121.0878708">
<ele>2161.92</ele>
<time>2023-03-17T01:59:43Z</time>
</trkpt>
<trkpt lat="24.4580969" lon="121.0878378">
<ele>2163.95</ele>
<time>2023-03-17T01:59:49Z</time>
</trkpt>
<trkpt lat="24.4580145" lon="121.0878523">
<ele>2162.27</ele>
<time>2023-03-17T02:00:00Z</time>
</trkpt>
<trkpt lat="24.4579658" lon="121.0878283">
<ele>2161.12</ele>
<time>2023-03-17T02:00:09Z</time>
</trkpt>
<trkpt lat="24.4579009" lon="121.0878303">
<ele>2161.32</ele>
<time>2023-03-17T02:00:15Z</time>
</trkpt>
<trkpt lat="24.4578561" lon="121.0877853">
<ele>2159.73</ele>
<time>2023-03-17T02:00:23Z</time>
</trkpt>
<trkpt lat="24.4578225" lon="121.0877395">
<ele>2158.01</ele>
<time>2023-03-17T02:00:29Z</time>
</trkpt>
<trkpt lat="24.4577937" lon="121.0876921">
<ele>2158.41</ele>
<time>2023-03-17T02:00:37Z</time>
</trkpt>
<trkpt lat="24.4577526" lon="121.0876504">
<ele>2158.49</ele>
<time>2023-03-17T02:00:43Z</time>
</trkpt>
<trkpt lat="24.4577096" lon="121.0876182">
<ele>2159.12</ele>
<time>2023-03-17T02:00:49Z</time>
</trkpt>
<trkpt lat="24.4576666" lon="121.0875966">
<ele>2158.43</ele>
<time>2023-03-17T02:00:55Z</time>
</trkpt>
<trkpt lat="24.4576130" lon="121.0875980">
<ele>2156.41</ele>
<time>2023-03-17T02:01:04Z</time>
</trkpt>
<trkpt lat="24.4575644" lon="121.0876005">
<ele>2155.94</ele>
<time>2023-03-17T02:01:08Z</time>
</trkpt>
<trkpt lat="24.4575046" lon="121.0875721">
<ele>2153.46</ele>
<time>2023-03-17T02:01:22Z</time>
</trkpt>
<trkpt lat="24.4574421" lon="121.0875899">
<ele>2152.55</ele>
<time>2023-03-17T02:01:28Z</time>
</trkpt>
<trkpt lat="24.4573911" lon="121.0876126">
<ele>2154.79</ele>
<time>2023-03-17T02:01:34Z</time>
</trkpt>
<trkpt lat="24.4573375" lon="121.0875724">
<ele>2151.28</ele>
<time>2023-03-17T02:01:48Z</time>
</trkpt>
<trkpt lat="24.4573053" lon="121.0875360">
<ele>2150.96</ele>
<time>2023-03-17T02:01:54Z</time>
</trkpt>
<trkpt lat="24.4572612" lon="121.0874961">
<ele>2147.89</ele>
<time>2023-03-17T02:02:04Z</time>
</trkpt>
<trkpt lat="24.4572223" lon="121.0874584">
<ele>2149.66</ele>
<time>2023-03-17T02:02:07Z</time>
</trkpt>
<trkpt lat="24.4572074" lon="121.0874043">
<ele>2148.92</ele>
<time>2023-03-17T02:02:23Z</time>
</trkpt>
<trkpt lat="24.4572041" lon="121.0873440">
<ele>2147.84</ele>
<time>2023-03-17T02:02:31Z</time>
</trkpt>
<trkpt lat="24.4571872" lon="121.0872915">
<ele>2146.50</ele>
<time>2023-03-17T02:02:43Z</time>
</trkpt>
<trkpt lat="24.4571735" lon="121.0872358">
<ele>2142.00</ele>
<time>2023-03-17T02:03:12Z</time>
</trkpt>
<trkpt lat="24.4571569" lon="121.0871874">
<ele>2141.47</ele>
<time>2023-03-17T02:03:18Z</time>
</trkpt>
<trkpt lat="24.4571211" lon="121.0871544">
<ele>2141.33</ele>
<time>2023-03-17T02:03:26Z</time>
</trkpt>
<trkpt lat="24.4570899" lon="121.0871124">
<ele>2139.38</ele>
<time>2023-03-17T02:03:34Z</time>
</trkpt>
<trkpt lat="24.4570399" lon="121.0870802">
<ele>2135.00</ele>
<time>2023-03-17T02:03:50Z</time>
</trkpt>
<trkpt lat="24.4570613" lon="121.0870354">
<ele>2131.27</ele>
<time>2023-03-17T02:04:04Z</time>
</trkpt>
<trkpt lat="24.4570042" lon="121.0869927">
<ele>2124.28</ele>
<time>2023-03-17T02:04:19Z</time>
</trkpt>
<trkpt lat="24.4569890" lon="121.0869403">
<ele>2121.17</ele>
<time>2023-03-17T02:04:29Z</time>
</trkpt>
<trkpt lat="24.4569656" lon="121.0868871">
<ele>2120.62</ele>
<time>2023-03-17T02:04:37Z</time>
</trkpt>
<trkpt lat="24.4569124" lon="121.0868645">
<ele>2119.13</ele>
<time>2023-03-17T02:04:47Z</time>
</trkpt>
<trkpt lat="24.4568776" lon="121.0868243">
<ele>2117.12</ele>
<time>2023-03-17T02:04:55Z</time>
</trkpt>
<trkpt lat="24.4568692" lon="121.0867516">
<ele>2115.23</ele>
<time>2023-03-17T02:05:03Z</time>
</trkpt>
<trkpt lat="24.4568102" lon="121.0867047">
<ele>2113.42</ele>
<time>2023-03-17T02:05:16Z</time>
</trkpt>
<trkpt lat="24.4568000" lon="121.0866552">
<ele>2113.75</ele>
<time>2023-03-17T02:05:22Z</time>
</trkpt>
<trkpt lat="24.4567655" lon="121.0866117">
<ele>2112.38</ele>
<time>2023-03-17T02:05:34Z</time>
</trkpt>
<trkpt lat="24.4567079" lon="121.0866033">
<ele>2112.23</ele>
<time>2023-03-17T02:05:40Z</time>
</trkpt>
<trkpt lat="24.4566525" lon="121.0865869">
<ele>2109.95</ele>
<time>2023-03-17T02:05:46Z</time>
</trkpt>
<trkpt lat="24.4566051" lon="121.0865659">
<ele>2108.37</ele>
<time>2023-03-17T02:05:52Z</time>
</trkpt>
<trkpt lat="24.4565599" lon="121.0865525">
<ele>2106.66</ele>
<time>2023-03-17T02:05:56Z</time>
</trkpt>
<trkpt lat="24.4565263" lon="121.0865155">
<ele>2105.80</ele>
<time>2023-03-17T02:06:02Z</time>
</trkpt>
<trkpt lat="24.4564902" lon="121.0864694">
<ele>2104.72</ele>
<time>2023-03-17T02:06:08Z</time>
</trkpt>
<trkpt lat="24.4564502" lon="121.0864450">
<ele>2103.89</ele>
<time>2023-03-17T02:06:19Z</time>
</trkpt>
<trkpt lat="24.4563938" lon="121.0864363">
<ele>2105.44</ele>
<time>2023-03-17T02:06:27Z</time>
</trkpt>
<trkpt lat="24.4563351" lon="121.0864691">
<ele>2105.94</ele>
<time>2023-03-17T02:06:31Z</time>
</trkpt>
<trkpt lat="24.4562873" lon="121.0864752">
<ele>2105.19</ele>
<time>2023-03-17T02:06:37Z</time>
</trkpt>
<trkpt lat="24.4562346" lon="121.0864552">
<ele>2099.45</ele>
<time>2023-03-17T02:06:45Z</time>
</trkpt>
<trkpt lat="24.4561996" lon="121.0864239">
<ele>2101.60</ele>
<time>2023-03-17T02:06:55Z</time>
</trkpt>
<trkpt lat="24.4561421" lon="121.0864085">
<ele>2101.55</ele>
<time>2023-03-17T02:07:01Z</time>
</trkpt>
<trkpt lat="24.4560927" lon="121.0864080">
<ele>2104.37</ele>
<time>2023-03-17T02:07:07Z</time>
</trkpt>
<trkpt lat="24.4560707" lon="121.0863576">
<ele>2103.99</ele>
<time>2023-03-17T02:07:26Z</time>
</trkpt>
<trkpt lat="24.4560679" lon="121.0862980">
<ele>2100.47</ele>
<time>2023-03-17T02:07:30Z</time>
</trkpt>
<trkpt lat="24.4560787" lon="121.0862427">
<ele>2102.13</ele>
<time>2023-03-17T02:07:38Z</time>
</trkpt>
<trkpt lat="24.4560534" lon="121.0861820">
<ele>2100.50</ele>
<time>2023-03-17T02:07:46Z</time>
</trkpt>
<trkpt lat="24.4560638" lon="121.0861314">
<ele>2099.05</ele>
<time>2023-03-17T02:07:54Z</time>
</trkpt>
<trkpt lat="24.4560423" lon="121.0860817">
<ele>2096.28</ele>
<time>2023-03-17T02:08:04Z</time>
</trkpt>
<trkpt lat="24.4559960" lon="121.0860774">
<ele>2093.30</ele>
<time>2023-03-17T02:08:10Z</time>
</trkpt>
<trkpt lat="24.4559596" lon="121.0860475">
<ele>2090.21</ele>
<time>2023-03-17T02:08:25Z</time>
</trkpt>
<trkpt lat="24.4559127" lon="121.0859885">
<ele>2090.34</ele>
<time>2023-03-17T02:08:29Z</time>
</trkpt>
<trkpt lat="24.4558798" lon="121.0859413">
<ele>2085.99</ele>
<time>2023-03-17T02:08:39Z</time>
</trkpt>
<trkpt lat="24.4558255" lon="121.0859231">
<ele>2083.70</ele>
<time>2023-03-17T02:08:47Z</time>
</trkpt>
<trkpt lat="24.4557735" lon="121.0859055">
<ele>2082.41</ele>
<time>2023-03-17T02:08:55Z</time>
</trkpt>
<trkpt lat="24.4557160" lon="121.0859062">
<ele>2079.44</ele>
<time>2023-03-17T02:09:03Z</time>
</trkpt>
<trkpt lat="24.4556593" lon="121.0859024">
<ele>2081.01</ele>
<time>2023-03-17T02:09:11Z</time>
</trkpt>
<trkpt lat="24.4556056" lon="121.0859065">
<ele>2079.03</ele>
<time>2023-03-17T02:09:19Z</time>
</trkpt>
<trkpt lat="24.4555598" lon="121.0858808">
<ele>2078.74</ele>
<time>2023-03-17T02:09:32Z</time>
</trkpt>
<trkpt lat="24.4554941" lon="121.0858511">
<ele>2077.96</ele>
<time>2023-03-17T02:09:40Z</time>
</trkpt>
<trkpt lat="24.4554764" lon="121.0858037">
<ele>2072.24</ele>
<time>2023-03-17T02:09:50Z</time>
</trkpt>
<trkpt lat="24.4554431" lon="121.0857539">
<ele>2071.09</ele>
<time>2023-03-17T02:10:00Z</time>
</trkpt>
<trkpt lat="24.4553955" lon="121.0857460">
<ele>2071.28</ele>
<time>2023-03-17T02:10:04Z</time>
</trkpt>
<trkpt lat="24.4553904" lon="121.0856789">
<ele>2069.33</ele>
<time>2023-03-17T02:10:12Z</time>
</trkpt>
<trkpt lat="24.4553978" lon="121.0856240">
<ele>2068.92</ele>
<time>2023-03-17T02:10:18Z</time>
</trkpt>
<trkpt lat="24.4553450" lon="121.0855802">
<ele>2072.18</ele>
<time>2023-03-17T02:10:32Z</time>
</trkpt>
<trkpt lat="24.4553013" lon="121.0855389">
<ele>2073.49</ele>
<time>2023-03-17T02:10:40Z</time>
</trkpt>
<trkpt lat="24.4552549" lon="121.0855254">
<ele>2073.04</ele>
<time>2023-03-17T02:10:50Z</time>
</trkpt>
<trkpt lat="24.4552277" lon="121.0854845">
<ele>2069.92</ele>
<time>2023-03-17T02:10:56Z</time>
</trkpt>
<trkpt lat="24.4551833" lon="121.0854765">
<ele>2071.84</ele>
<time>2023-03-17T02:11:04Z</time>
</trkpt>
<trkpt lat="24.4551443" lon="121.0854286">
<ele>2072.30</ele>
<time>2023-03-17T02:11:10Z</time>
</trkpt>
<trkpt lat="24.4551116" lon="121.0853844">
<ele>2073.48</ele>
<time>2023-03-17T02:11:20Z</time>
</trkpt>
<trkpt lat="24.4550461" lon="121.0853895">
<ele>2074.50</ele>
<time>2023-03-17T02:11:28Z</time>
</trkpt>
<trkpt lat="24.4550000" lon="121.0853626">
<ele>2073.53</ele>
<time>2023-03-17T02:11:34Z</time>
</trkpt>
<trkpt lat="24.4549747" lon="121.0853133">
<ele>2072.00</ele>
<time>2023-03-17T02:11:40Z</time>
</trkpt>
<trkpt lat="24.4549551" lon="121.0852611">
<ele>2071.27</ele>
<time>2023-03-17T02:11:46Z</time>
</trkpt>
<trkpt lat="24.4549302" lon="121.0852066">
<ele>2070.21</ele>
<time>2023-03-17T02:11:52Z</time>
</trkpt>
<trkpt lat="24.4548808" lon="121.0851674">
<ele>2068.37</ele>
<time>2023-03-17T02:12:00Z</time>
</trkpt>
<trkpt lat="24.4548493" lon="121.0851236">
<ele>2067.97</ele>
<time>2023-03-17T02:12:12Z</time>
</trkpt>
<trkpt lat="24.4548122" lon="121.0850774">
<ele>2067.26</ele>
<time>2023-03-17T02:12:20Z</time>
</trkpt>
<trkpt lat="24.4547568" lon="121.0850359">
<ele>2067.97</ele>
<time>2023-03-17T02:12:28Z</time>
</trkpt>
<trkpt lat="24.4547217" lon="121.0850015">
<ele>2065.66</ele>
<time>2023-03-17T02:12:34Z</time>
</trkpt>
<trkpt lat="24.4546887" lon="121.0849633">
<ele>2064.60</ele>
<time>2023-03-17T02:12:40Z</time>
</trkpt>
<trkpt lat="24.4546752" lon="121.0849043">
<ele>2065.69</ele>
<time>2023-03-17T02:12:46Z</time>
</trkpt>
<trkpt lat="24.4546460" lon="121.0848464">
<ele>2067.38</ele>
<time>2023-03-17T02:12:56Z</time>
</trkpt>
<trkpt lat="24.4545941" lon="121.0848614">
<ele>2067.02</ele>
<time>2023-03-17T02:13:02Z</time>
</trkpt>
<trkpt lat="24.4545473" lon="121.0848338">
<ele>2062.05</ele>
<time>2023-03-17T02:13:18Z</time>
</trkpt>
<trkpt lat="24.4545083" lon="121.0847998">
<ele>2058.71</ele>
<time>2023-03-17T02:13:22Z</time>
</trkpt>
<trkpt lat="24.4544572" lon="121.0847733">
<ele>2056.67</ele>
<time>2023-03-17T02:13:30Z</time>
</trkpt>
<trkpt lat="24.4544017" lon="121.0847576">
<ele>2053.99</ele>
<time>2023-03-17T02:13:36Z</time>
</trkpt>
<trkpt lat="24.4543559" lon="121.0847487">
<ele>2053.66</ele>
<time>2023-03-17T02:13:42Z</time>
</trkpt>
<trkpt lat="24.4543180" lon="121.0847149">
<ele>2052.46</ele>
<time>2023-03-17T02:13:48Z</time>
</trkpt>
<trkpt lat="24.4542669" lon="121.0847176">
<ele>2053.63</ele>
<time>2023-03-17T02:13:54Z</time>
</trkpt>
<trkpt lat="24.4542087" lon="121.0847249">
<ele>2050.82</ele>
<time>2023-03-17T02:14:00Z</time>
</trkpt>
<trkpt lat="24.4541564" lon="121.0847466">
<ele>2048.61</ele>
<time>2023-03-17T02:14:09Z</time>
</trkpt>
<trkpt lat="24.4541064" lon="121.0847474">
<ele>2051.24</ele>
<time>2023-03-17T02:14:19Z</time>
</trkpt>
<trkpt lat="24.4540792" lon="121.0847060">
<ele>2050.76</ele>
<time>2023-03-17T02:14:23Z</time>
</trkpt>
<trkpt lat="24.4540310" lon="121.0846620">
<ele>2049.83</ele>
<time>2023-03-17T02:14:37Z</time>
</trkpt>
<trkpt lat="24.4539844" lon="121.0846505">
<ele>2050.65</ele>
<time>2023-03-17T02:14:43Z</time>
</trkpt>
<trkpt lat="24.4539166" lon="121.0846332">
<ele>2049.97</ele>
<time>2023-03-17T02:14:49Z</time>
</trkpt>
<trkpt lat="24.4538859" lon="121.0845833">
<ele>2050.11</ele>
<time>2023-03-17T02:14:55Z</time>
</trkpt>
<trkpt lat="24.4538416" lon="121.0845544">
<ele>2048.92</ele>
<time>2023-03-17T02:15:01Z</time>
</trkpt>
<trkpt lat="24.4538140" lon="121.0845050">
<ele>2047.83</ele>
<time>2023-03-17T02:15:07Z</time>
</trkpt>
<trkpt lat="24.4537687" lon="121.0845078">
<ele>2042.18</ele>
<time>2023-03-17T02:15:15Z</time>
</trkpt>
<trkpt lat="24.4537106" lon="121.0844917">
<ele>2044.34</ele>
<time>2023-03-17T02:15:18Z</time>
</trkpt>
<trkpt lat="24.4536804" lon="121.0844423">
<ele>2044.04</ele>
<time>2023-03-17T02:15:24Z</time>
</trkpt>
<trkpt lat="24.4536512" lon="121.0843922">
<ele>2040.00</ele>
<time>2023-03-17T02:15:30Z</time>
</trkpt>
<trkpt lat="24.4536271" lon="121.0843397">
<ele>2036.48</ele>
<time>2023-03-17T02:15:38Z</time>
</trkpt>
<trkpt lat="24.4536045" lon="121.0842797">
<ele>2033.69</ele>
<time>2023-03-17T02:15:44Z</time>
</trkpt>
<trkpt lat="24.4535658" lon="121.0842355">
<ele>2032.43</ele>
<time>2023-03-17T02:15:50Z</time>
</trkpt>
<trkpt lat="24.4535546" lon="121.0841804">
<ele>2032.19</ele>
<time>2023-03-17T02:15:56Z</time>
</trkpt>
<trkpt lat="24.4535289" lon="121.0841331">
<ele>2031.21</ele>
<time>2023-03-17T02:16:02Z</time>
</trkpt>
<trkpt lat="24.4535080" lon="121.0840867">
<ele>2030.04</ele>
<time>2023-03-17T02:16:08Z</time>
</trkpt>
<trkpt lat="24.4534554" lon="121.0840462">
<ele>2025.24</ele>
<time>2023-03-17T02:16:21Z</time>
</trkpt>
<trkpt lat="24.4533924" lon="121.0840335">
<ele>2027.73</ele>
<time>2023-03-17T02:17:09Z</time>
</trkpt>
<trkpt lat="24.4533439" lon="121.0840161">
<ele>2026.92</ele>
<time>2023-03-17T02:17:15Z</time>
</trkpt>
<trkpt lat="24.4532855" lon="121.0839984">
<ele>2025.32</ele>
<time>2023-03-17T02:17:21Z</time>
</trkpt>
<trkpt lat="24.4532397" lon="121.0839705">
<ele>2024.58</ele>
<time>2023-03-17T02:17:27Z</time>
</trkpt>
<trkpt lat="24.4532202" lon="121.0839112">
<ele>2025.40</ele>
<time>2023-03-17T02:17:33Z</time>
</trkpt>
<trkpt lat="24.4531853" lon="121.0838630">
<ele>2024.80</ele>
<time>2023-03-17T02:17:39Z</time>
</trkpt>
<trkpt lat="24.4531532" lon="121.0838176">
<ele>2027.95</ele>
<time>2023-03-17T02:17:45Z</time>
</trkpt>
<trkpt lat="24.4531280" lon="121.0837676">
<ele>2028.43</ele>
<time>2023-03-17T02:17:51Z</time>
</trkpt>
<trkpt lat="24.4530796" lon="121.0837215">
<ele>2030.55</ele>
<time>2023-03-17T02:17:57Z</time>
</trkpt>
<trkpt lat="24.4530422" lon="121.0836764">
<ele>2029.26</ele>
<time>2023-03-17T02:18:05Z</time>
</trkpt>
<trkpt lat="24.4529970" lon="121.0836499">
<ele>2028.17</ele>
<time>2023-03-17T02:18:11Z</time>
</trkpt>
<trkpt lat="24.4529552" lon="121.0836239">
<ele>2030.13</ele>
<time>2023-03-17T02:18:17Z</time>
</trkpt>
<trkpt lat="24.4529177" lon="121.0835855">
<ele>2029.58</ele>
<time>2023-03-17T02:18:23Z</time>
</trkpt>
<trkpt lat="24.4529029" lon="121.0835252">
<ele>2027.49</ele>
<time>2023-03-17T02:18:29Z</time>
</trkpt>
<trkpt lat="24.4528789" lon="121.0834630">
<ele>2025.45</ele>
<time>2023-03-17T02:18:35Z</time>
</trkpt>
<trkpt lat="24.4528774" lon="121.0834111">
<ele>2025.76</ele>
<time>2023-03-17T02:18:39Z</time>
</trkpt>
<trkpt lat="24.4528743" lon="121.0833399">
<ele>2024.93</ele>
<time>2023-03-17T02:18:45Z</time>
</trkpt>
<trkpt lat="24.4528893" lon="121.0832759">
<ele>2023.43</ele>
<time>2023-03-17T02:18:51Z</time>
</trkpt>
<trkpt lat="24.4528947" lon="121.0832055">
<ele>2022.63</ele>
<time>2023-03-17T02:18:57Z</time>
</trkpt>
<trkpt lat="24.4528552" lon="121.0832323">
<ele>2023.38</ele>
<time>2023-03-17T02:19:54Z</time>
</trkpt>
<trkpt lat="24.4528999" lon="121.0832253">
<ele>2031.06</ele>
<time>2023-03-17T02:21:48Z</time>
</trkpt>
<trkpt lat="24.4528689" lon="121.0831874">
<ele>2025.83</ele>
<time>2023-03-17T02:29:33Z</time>
</trkpt>
<trkpt lat="24.4528463" lon="121.0831252">
<ele>2027.85</ele>
<time>2023-03-17T02:29:39Z</time>
</trkpt>
<trkpt lat="24.4527992" lon="121.0831080">
<ele>2027.69</ele>
<time>2023-03-17T02:29:57Z</time>
</trkpt>
<trkpt lat="24.4527623" lon="121.0830602">
<ele>2030.93</ele>
<time>2023-03-17T02:30:11Z</time>
</trkpt>
<trkpt lat="24.4527132" lon="121.0830304">
<ele>2031.90</ele>
<time>2023-03-17T02:30:21Z</time>
</trkpt>
<trkpt lat="24.4526576" lon="121.0829880">
<ele>2034.75</ele>
<time>2023-03-17T02:30:29Z</time>
</trkpt>
<trkpt lat="24.4526081" lon="121.0829563">
<ele>2032.45</ele>
<time>2023-03-17T02:30:35Z</time>
</trkpt>
<trkpt lat="24.4525489" lon="121.0829354">
<ele>2031.34</ele>
<time>2023-03-17T02:30:41Z</time>
</trkpt>
<trkpt lat="24.4525377" lon="121.0829947">
<ele>2035.36</ele>
<time>2023-03-17T02:30:51Z</time>
</trkpt>
<trkpt lat="24.4524788" lon="121.0829940">
<ele>2039.25</ele>
<time>2023-03-17T02:31:11Z</time>
</trkpt>
<trkpt lat="24.4524527" lon="121.0829473">
<ele>2037.48</ele>
<time>2023-03-17T02:31:17Z</time>
</trkpt>
<trkpt lat="24.4523907" lon="121.0829538">
<ele>2040.73</ele>
<time>2023-03-17T02:31:23Z</time>
</trkpt>
<trkpt lat="24.4523562" lon="121.0829203">
<ele>2039.74</ele>
<time>2023-03-17T02:31:37Z</time>
</trkpt>
<trkpt lat="24.4523044" lon="121.0829346">
<ele>2040.32</ele>
<time>2023-03-17T02:31:43Z</time>
</trkpt>
<trkpt lat="24.4522761" lon="121.0828795">
<ele>2040.15</ele>
<time>2023-03-17T02:31:51Z</time>
</trkpt>
<trkpt lat="24.4522355" lon="121.0828426">
<ele>2038.61</ele>
<time>2023-03-17T02:31:57Z</time>
</trkpt>
<trkpt lat="24.4521881" lon="121.0828088">
<ele>2038.65</ele>
<time>2023-03-17T02:32:05Z</time>
</trkpt>
<trkpt lat="24.4521426" lon="121.0827887">
<ele>2038.14</ele>
<time>2023-03-17T02:32:11Z</time>
</trkpt>
<trkpt lat="24.4520983" lon="121.0827692">
<ele>2039.78</ele>
<time>2023-03-17T02:32:19Z</time>
</trkpt>
<trkpt lat="24.4520492" lon="121.0827468">
<ele>2041.66</ele>
<time>2023-03-17T02:32:29Z</time>
</trkpt>
<trkpt lat="24.4519967" lon="121.0827263">
<ele>2041.87</ele>
<time>2023-03-17T02:32:37Z</time>
</trkpt>
<trkpt lat="24.4519634" lon="121.0826881">
<ele>2041.61</ele>
<time>2023-03-17T02:32:45Z</time>
</trkpt>
<trkpt lat="24.4519118" lon="121.0826802">
<ele>2043.34</ele>
<time>2023-03-17T02:32:53Z</time>
</trkpt>
<trkpt lat="24.4518610" lon="121.0826546">
<ele>2044.81</ele>
<time>2023-03-17T02:32:59Z</time>
</trkpt>
<trkpt lat="24.4518149" lon="121.0826401">
<ele>2048.24</ele>
<time>2023-03-17T02:33:15Z</time>
</trkpt>
<trkpt lat="24.4518069" lon="121.0825658">
<ele>2044.82</ele>
<time>2023-03-17T02:33:23Z</time>
</trkpt>
<trkpt lat="24.4518268" lon="121.0825114">
<ele>2041.72</ele>
<time>2023-03-17T02:33:27Z</time>
</trkpt>
<trkpt lat="24.4518369" lon="121.0824614">
<ele>2039.12</ele>
<time>2023-03-17T02:33:31Z</time>
</trkpt>
<trkpt lat="24.4518546" lon="121.0824155">
<ele>2038.50</ele>
<time>2023-03-17T02:33:35Z</time>
</trkpt>
<trkpt lat="24.4518653" lon="121.0823626">
<ele>2039.00</ele>
<time>2023-03-17T02:33:41Z</time>
</trkpt>
<trkpt lat="24.4518509" lon="121.0823091">
<ele>2037.41</ele>
<time>2023-03-17T02:33:49Z</time>
</trkpt>
<trkpt lat="24.4518191" lon="121.0822628">
<ele>2035.71</ele>
<time>2023-03-17T02:33:59Z</time>
</trkpt>
<trkpt lat="24.4517740" lon="121.0822355">
<ele>2034.08</ele>
<time>2023-03-17T02:34:19Z</time>
</trkpt>
<trkpt lat="24.4517366" lon="121.0822039">
<ele>2032.69</ele>
<time>2023-03-17T02:34:27Z</time>
</trkpt>
<trkpt lat="24.4516896" lon="121.0822061">
<ele>2032.02</ele>
<time>2023-03-17T02:34:33Z</time>
</trkpt>
<trkpt lat="24.4516542" lon="121.0821541">
<ele>2030.39</ele>
<time>2023-03-17T02:34:39Z</time>
</trkpt>
<trkpt lat="24.4516009" lon="121.0821406">
<ele>2028.31</ele>
<time>2023-03-17T02:34:47Z</time>
</trkpt>
<trkpt lat="24.4515436" lon="121.0821407">
<ele>2028.46</ele>
<time>2023-03-17T02:34:57Z</time>
</trkpt>
<trkpt lat="24.4515145" lon="121.0820971">
<ele>2026.34</ele>
<time>2023-03-17T02:35:09Z</time>
</trkpt>
<trkpt lat="24.4514655" lon="121.0820610">
<ele>2025.01</ele>
<time>2023-03-17T02:35:25Z</time>
</trkpt>
<trkpt lat="24.4514060" lon="121.0820662">
<ele>2029.52</ele>
<time>2023-03-17T02:35:31Z</time>
</trkpt>
<trkpt lat="24.4513769" lon="121.0820247">
<ele>2029.13</ele>
<time>2023-03-17T02:35:35Z</time>
</trkpt>
<trkpt lat="24.4513283" lon="121.0819987">
<ele>2031.06</ele>
<time>2023-03-17T02:35:43Z</time>
</trkpt>
<trkpt lat="24.4512840" lon="121.0819631">
<ele>2029.84</ele>
<time>2023-03-17T02:35:51Z</time>
</trkpt>
<trkpt lat="24.4512352" lon="121.0819290">
<ele>2032.15</ele>
<time>2023-03-17T02:35:57Z</time>
</trkpt>
<trkpt lat="24.4512005" lon="121.0818786">
<ele>2030.06</ele>
<time>2023-03-17T02:36:03Z</time>
</trkpt>
<trkpt lat="24.4511533" lon="121.0818717">
<ele>2034.36</ele>
<time>2023-03-17T02:36:09Z</time>
</trkpt>
<trkpt lat="24.4511198" lon="121.0818155">
<ele>2034.97</ele>
<time>2023-03-17T02:36:15Z</time>
</trkpt>
<trkpt lat="24.4510702" lon="121.0818049">
<ele>2032.34</ele>
<time>2023-03-17T02:36:23Z</time>
</trkpt>
<trkpt lat="24.4510274" lon="121.0817839">
<ele>2031.48</ele>
<time>2023-03-17T02:36:33Z</time>
</trkpt>
<trkpt lat="24.4510021" lon="121.0817366">
<ele>2031.09</ele>
<time>2023-03-17T02:36:39Z</time>
</trkpt>
<trkpt lat="24.4509570" lon="121.0817077">
<ele>2031.98</ele>
<time>2023-03-17T02:36:45Z</time>
</trkpt>
<trkpt lat="24.4509700" lon="121.0816473">
<ele>2030.27</ele>
<time>2023-03-17T02:36:51Z</time>
</trkpt>
<trkpt lat="24.4509378" lon="121.0815926">
<ele>2028.46</ele>
<time>2023-03-17T02:37:01Z</time>
</trkpt>
<trkpt lat="24.4509190" lon="121.0815312">
<ele>2027.59</ele>
<time>2023-03-17T02:37:09Z</time>
</trkpt>
<trkpt lat="24.4508879" lon="121.0814687">
<ele>2027.49</ele>
<time>2023-03-17T02:37:17Z</time>
</trkpt>
<trkpt lat="24.4508914" lon="121.0814172">
<ele>2028.28</ele>
<time>2023-03-17T02:37:21Z</time>
</trkpt>
<trkpt lat="24.4509070" lon="121.0813660">
<ele>2028.64</ele>
<time>2023-03-17T02:37:45Z</time>
</trkpt>
<trkpt lat="24.4508628" lon="121.0813904">
<ele>2033.31</ele>
<time>2023-03-17T02:38:09Z</time>
</trkpt>
<trkpt lat="24.4508153" lon="121.0813753">
<ele>2035.19</ele>
<time>2023-03-17T02:38:15Z</time>
</trkpt>
<trkpt lat="24.4507692" lon="121.0813710">
<ele>2035.75</ele>
<time>2023-03-17T02:38:23Z</time>
</trkpt>
<trkpt lat="24.4507177" lon="121.0813483">
<ele>2036.85</ele>
<time>2023-03-17T02:38:29Z</time>
</trkpt>
<trkpt lat="24.4506883" lon="121.0813089">
<ele>2036.64</ele>
<time>2023-03-17T02:38:35Z</time>
</trkpt>
<trkpt lat="24.4506362" lon="121.0812904">
<ele>2038.80</ele>
<time>2023-03-17T02:38:41Z</time>
</trkpt>
<trkpt lat="24.4505957" lon="121.0812624">
<ele>2037.28</ele>
<time>2023-03-17T02:38:51Z</time>
</trkpt>
<trkpt lat="24.4505470" lon="121.0812509">
<ele>2037.06</ele>
<time>2023-03-17T02:39:01Z</time>
</trkpt>
<trkpt lat="24.4505156" lon="121.0812108">
<ele>2036.87</ele>
<time>2023-03-17T02:39:11Z</time>
</trkpt>
<trkpt lat="24.4505231" lon="121.0811592">
<ele>2037.23</ele>
<time>2023-03-17T02:39:23Z</time>
</trkpt>
<trkpt lat="24.4504757" lon="121.0811315">
<ele>2036.64</ele>
<time>2023-03-17T02:39:29Z</time>
</trkpt>
<trkpt lat="24.4504656" lon="121.0810722">
<ele>2034.30</ele>
<time>2023-03-17T02:39:45Z</time>
</trkpt>
<trkpt lat="24.4504181" lon="121.0810823">
<ele>2037.21</ele>
<time>2023-03-17T02:40:23Z</time>
</trkpt>
<trkpt lat="24.4503670" lon="121.0810953">
<ele>2039.00</ele>
<time>2023-03-17T02:40:33Z</time>
</trkpt>
<trkpt lat="24.4503564" lon="121.0810291">
<ele>2030.56</ele>
<time>2023-03-17T02:40:39Z</time>
</trkpt>
<trkpt lat="24.4503203" lon="121.0809977">
<ele>2033.48</ele>
<time>2023-03-17T02:40:49Z</time>
</trkpt>
<trkpt lat="24.4503299" lon="121.0809286">
<ele>2038.04</ele>
<time>2023-03-17T02:41:02Z</time>
</trkpt>
<trkpt lat="24.4503124" lon="121.0808810">
<ele>2039.24</ele>
<time>2023-03-17T02:41:11Z</time>
</trkpt>
<trkpt lat="24.4502638" lon="121.0808763">
<ele>2039.97</ele>
<time>2023-03-17T02:41:18Z</time>
</trkpt>
<trkpt lat="24.4502340" lon="121.0808273">
<ele>2040.62</ele>
<time>2023-03-17T02:41:33Z</time>
</trkpt>
<trkpt lat="24.4501843" lon="121.0808521">
<ele>2043.75</ele>
<time>2023-03-17T02:41:42Z</time>
</trkpt>
<trkpt lat="24.4501318" lon="121.0808634">
<ele>2046.73</ele>
<time>2023-03-17T02:41:50Z</time>
</trkpt>
<trkpt lat="24.4501017" lon="121.0808228">
<ele>2044.36</ele>
<time>2023-03-17T02:42:08Z</time>
</trkpt>
<trkpt lat="24.4500549" lon="121.0808255">
<ele>2048.58</ele>
<time>2023-03-17T02:42:20Z</time>
</trkpt>
<trkpt lat="24.4500084" lon="121.0808444">
<ele>2048.77</ele>
<time>2023-03-17T02:42:34Z</time>
</trkpt>
<trkpt lat="24.4499642" lon="121.0808568">
<ele>2050.61</ele>
<time>2023-03-17T02:42:52Z</time>
</trkpt>
<trkpt lat="24.4499312" lon="121.0808049">
<ele>2048.50</ele>
<time>2023-03-17T02:43:05Z</time>
</trkpt>
<trkpt lat="24.4498593" lon="121.0807637">
<ele>2048.85</ele>
<time>2023-03-17T02:43:15Z</time>
</trkpt>
<trkpt lat="24.4498159" lon="121.0807789">
<ele>2050.51</ele>
<time>2023-03-17T02:43:20Z</time>
</trkpt>
<trkpt lat="24.4497840" lon="121.0807356">
<ele>2049.41</ele>
<time>2023-03-17T02:43:28Z</time>
</trkpt>
<trkpt lat="24.4497476" lon="121.0807650">
<ele>2053.92</ele>
<time>2023-03-17T02:43:40Z</time>
</trkpt>
<trkpt lat="24.4497044" lon="121.0807471">
<ele>2054.79</ele>
<time>2023-03-17T02:44:20Z</time>
</trkpt>
<trkpt lat="24.4496493" lon="121.0807310">
<ele>2055.16</ele>
<time>2023-03-17T02:44:30Z</time>
</trkpt>
<trkpt lat="24.4496043" lon="121.0807095">
<ele>2055.93</ele>
<time>2023-03-17T02:44:46Z</time>
</trkpt>
<trkpt lat="24.4495569" lon="121.0807162">
<ele>2056.22</ele>
<time>2023-03-17T02:44:52Z</time>
</trkpt>
<trkpt lat="24.4495176" lon="121.0807504">
<ele>2058.83</ele>
<time>2023-03-17T02:45:00Z</time>
</trkpt>
<trkpt lat="24.4494687" lon="121.0807411">
<ele>2057.50</ele>
<time>2023-03-17T02:45:08Z</time>
</trkpt>
<trkpt lat="24.4494179" lon="121.0807318">
<ele>2058.59</ele>
<time>2023-03-17T02:45:16Z</time>
</trkpt>
<trkpt lat="24.4493669" lon="121.0807455">
<ele>2059.41</ele>
<time>2023-03-17T02:45:24Z</time>
</trkpt>
<trkpt lat="24.4493264" lon="121.0807679">
<ele>2061.84</ele>
<time>2023-03-17T02:45:42Z</time>
</trkpt>
<trkpt lat="24.4493322" lon="121.0808337">
<ele>2064.66</ele>
<time>2023-03-17T02:46:08Z</time>
</trkpt>
<trkpt lat="24.4492809" lon="121.0808510">
<ele>2065.72</ele>
<time>2023-03-17T02:46:12Z</time>
</trkpt>
<trkpt lat="24.4492306" lon="121.0808672">
<ele>2064.30</ele>
<time>2023-03-17T02:46:21Z</time>
</trkpt>
<trkpt lat="24.4491853" lon="121.0808552">
<ele>2063.43</ele>
<time>2023-03-17T02:46:28Z</time>
</trkpt>
<trkpt lat="24.4491427" lon="121.0808305">
<ele>2062.39</ele>
<time>2023-03-17T02:46:34Z</time>
</trkpt>
<trkpt lat="24.4490851" lon="121.0808503">
<ele>2063.00</ele>
<time>2023-03-17T02:46:42Z</time>
</trkpt>
<trkpt lat="24.4490473" lon="121.0808967">
<ele>2063.98</ele>
<time>2023-03-17T02:46:48Z</time>
</trkpt>
<trkpt lat="24.4490552" lon="121.0809505">
<ele>2062.76</ele>
<time>2023-03-17T02:46:59Z</time>
</trkpt>
<trkpt lat="24.4490250" lon="121.0809984">
<ele>2062.88</ele>
<time>2023-03-17T02:47:12Z</time>
</trkpt>
<trkpt lat="24.4489740" lon="121.0809958">
<ele>2061.95</ele>
<time>2023-03-17T02:47:20Z</time>
</trkpt>
<trkpt lat="24.4489255" lon="121.0810036">
<ele>2065.43</ele>
<time>2023-03-17T02:47:34Z</time>
</trkpt>
<trkpt lat="24.4488961" lon="121.0810509">
<ele>2067.95</ele>
<time>2023-03-17T02:48:04Z</time>
</trkpt>
<trkpt lat="24.4488509" lon="121.0810604">
<ele>2067.23</ele>
<time>2023-03-17T02:48:12Z</time>
</trkpt>
<trkpt lat="24.4488036" lon="121.0810771">
<ele>2069.73</ele>
<time>2023-03-17T02:48:38Z</time>
</trkpt>
<trkpt lat="24.4487857" lon="121.0811237">
<ele>2076.69</ele>
<time>2023-03-17T02:48:58Z</time>
</trkpt>
<trkpt lat="24.4487349" lon="121.0811295">
<ele>2076.36</ele>
<time>2023-03-17T02:49:08Z</time>
</trkpt>
<trkpt lat="24.4486830" lon="121.0811280">
<ele>2076.37</ele>
<time>2023-03-17T02:49:16Z</time>
</trkpt>
<trkpt lat="24.4486462" lon="121.0811767">
<ele>2076.63</ele>
<time>2023-03-17T02:49:24Z</time>
</trkpt>
<trkpt lat="24.4486132" lon="121.0812119">
<ele>2077.29</ele>
<time>2023-03-17T02:49:30Z</time>
</trkpt>
<trkpt lat="24.4486298" lon="121.0812691">
<ele>2078.07</ele>
<time>2023-03-17T02:49:36Z</time>
</trkpt>
<trkpt lat="24.4486028" lon="121.0812117">
<ele>2077.18</ele>
<time>2023-03-17T02:49:50Z</time>
</trkpt>
<trkpt lat="24.4485626" lon="121.0811857">
<ele>2078.52</ele>
<time>2023-03-17T02:50:00Z</time>
</trkpt>
<trkpt lat="24.4485109" lon="121.0812054">
<ele>2078.24</ele>
<time>2023-03-17T02:50:06Z</time>
</trkpt>
<trkpt lat="24.4484681" lon="121.0811896">
<ele>2079.12</ele>
<time>2023-03-17T02:50:12Z</time>
</trkpt>
<trkpt lat="24.4484123" lon="121.0811584">
<ele>2079.52</ele>
<time>2023-03-17T02:50:22Z</time>
</trkpt>
<trkpt lat="24.4483638" lon="121.0811454">
<ele>2079.17</ele>
<time>2023-03-17T02:50:32Z</time>
</trkpt>
<trkpt lat="24.4483161" lon="121.0811308">
<ele>2081.57</ele>
<time>2023-03-17T02:50:40Z</time>
</trkpt>
<trkpt lat="24.4482669" lon="121.0811323">
<ele>2080.04</ele>
<time>2023-03-17T02:50:48Z</time>
</trkpt>
<trkpt lat="24.4482154" lon="121.0811433">
<ele>2083.08</ele>
<time>2023-03-17T02:50:58Z</time>
</trkpt>
<trkpt lat="24.4481704" lon="121.0811669">
<ele>2083.91</ele>
<time>2023-03-17T02:51:16Z</time>
</trkpt>
<trkpt lat="24.4481410" lon="121.0812043">
<ele>2086.22</ele>
<time>2023-03-17T02:51:26Z</time>
</trkpt>
<trkpt lat="24.4481006" lon="121.0812269">
<ele>2088.32</ele>
<time>2023-03-17T02:51:38Z</time>
</trkpt>
<trkpt lat="24.4480597" lon="121.0812533">
<ele>2091.83</ele>
<time>2023-03-17T02:51:54Z</time>
</trkpt>
<trkpt lat="24.4480130" lon="121.0812396">
<ele>2095.11</ele>
<time>2023-03-17T02:52:08Z</time>
</trkpt>
<trkpt lat="24.4479667" lon="121.0812338">
<ele>2094.53</ele>
<time>2023-03-17T02:52:22Z</time>
</trkpt>
<trkpt lat="24.4479222" lon="121.0812198">
<ele>2094.36</ele>
<time>2023-03-17T02:52:32Z</time>
</trkpt>
<trkpt lat="24.4478710" lon="121.0812357">
<ele>2096.47</ele>
<time>2023-03-17T02:52:40Z</time>
</trkpt>
<trkpt lat="24.4478172" lon="121.0812554">
<ele>2096.98</ele>
<time>2023-03-17T02:52:48Z</time>
</trkpt>
<trkpt lat="24.4477720" lon="121.0812261">
<ele>2096.61</ele>
<time>2023-03-17T02:52:54Z</time>
</trkpt>
<trkpt lat="24.4477255" lon="121.0812188">
<ele>2095.02</ele>
<time>2023-03-17T02:53:00Z</time>
</trkpt>
<trkpt lat="24.4476848" lon="121.0811854">
<ele>2095.36</ele>
<time>2023-03-17T02:53:06Z</time>
</trkpt>
<trkpt lat="24.4476377" lon="121.0811858">
<ele>2098.25</ele>
<time>2023-03-17T02:53:12Z</time>
</trkpt>
<trkpt lat="24.4475911" lon="121.0811642">
<ele>2097.42</ele>
<time>2023-03-17T02:53:18Z</time>
</trkpt>
<trkpt lat="24.4475421" lon="121.0811594">
<ele>2097.44</ele>
<time>2023-03-17T02:53:24Z</time>
</trkpt>
<trkpt lat="24.4474830" lon="121.0811674">
<ele>2096.50</ele>
<time>2023-03-17T02:53:30Z</time>
</trkpt>
<trkpt lat="24.4474315" lon="121.0811961">
<ele>2100.26</ele>
<time>2023-03-17T02:53:36Z</time>
</trkpt>
<trkpt lat="24.4473968" lon="121.0811605">
<ele>2101.12</ele>
<time>2023-03-17T02:53:40Z</time>
</trkpt>
<trkpt lat="24.4473418" lon="121.0811814">
<ele>2098.32</ele>
<time>2023-03-17T02:53:48Z</time>
</trkpt>
<trkpt lat="24.4472952" lon="121.0811683">
<ele>2097.23</ele>
<time>2023-03-17T02:53:56Z</time>
</trkpt>
<trkpt lat="24.4472479" lon="121.0811458">
<ele>2096.17</ele>
<time>2023-03-17T02:54:00Z</time>
</trkpt>
<trkpt lat="24.4472157" lon="121.0811016">
<ele>2093.60</ele>
<time>2023-03-17T02:54:06Z</time>
</trkpt>
<trkpt lat="24.4471616" lon="121.0810639">
<ele>2095.30</ele>
<time>2023-03-17T02:54:12Z</time>
</trkpt>
<trkpt lat="24.4471156" lon="121.0810384">
<ele>2094.41</ele>
<time>2023-03-17T02:54:20Z</time>
</trkpt>
<trkpt lat="24.4470655" lon="121.0810387">
<ele>2094.08</ele>
<time>2023-03-17T02:54:28Z</time>
</trkpt>
<trkpt lat="24.4470202" lon="121.0810212">
<ele>2094.40</ele>
<time>2023-03-17T02:54:36Z</time>
</trkpt>
<trkpt lat="24.4469850" lon="121.0809804">
<ele>2095.00</ele>
<time>2023-03-17T02:54:44Z</time>
</trkpt>
<trkpt lat="24.4469276" lon="121.0809759">
<ele>2094.96</ele>
<time>2023-03-17T02:54:54Z</time>
</trkpt>
<trkpt lat="24.4468806" lon="121.0809490">
<ele>2095.97</ele>
<time>2023-03-17T02:55:02Z</time>
</trkpt>
<trkpt lat="24.4468294" lon="121.0809801">
<ele>2094.88</ele>
<time>2023-03-17T02:55:08Z</time>
</trkpt>
<trkpt lat="24.4467793" lon="121.0809761">
<ele>2095.12</ele>
<time>2023-03-17T02:55:14Z</time>
</trkpt>
<trkpt lat="24.4467229" lon="121.0809888">
<ele>2094.67</ele>
<time>2023-03-17T02:55:20Z</time>
</trkpt>
<trkpt lat="24.4466778" lon="121.0809998">
<ele>2096.15</ele>
<time>2023-03-17T02:55:24Z</time>
</trkpt>
<trkpt lat="24.4466253" lon="121.0809886">
<ele>2096.48</ele>
<time>2023-03-17T02:55:32Z</time>
</trkpt>
<trkpt lat="24.4465789" lon="121.0809440">
<ele>2095.34</ele>
<time>2023-03-17T02:55:38Z</time>
</trkpt>
<trkpt lat="24.4465330" lon="121.0809538">
<ele>2094.25</ele>
<time>2023-03-17T02:55:44Z</time>
</trkpt>
<trkpt lat="24.4464938" lon="121.0809030">
<ele>2092.52</ele>
<time>2023-03-17T02:55:52Z</time>
</trkpt>
<trkpt lat="24.4464517" lon="121.0809212">
<ele>2092.45</ele>
<time>2023-03-17T02:55:58Z</time>
</trkpt>
<trkpt lat="24.4464111" lon="121.0808883">
<ele>2091.09</ele>
<time>2023-03-17T02:56:04Z</time>
</trkpt>
<trkpt lat="24.4463601" lon="121.0809111">
<ele>2089.69</ele>
<time>2023-03-17T02:56:18Z</time>
</trkpt>
<trkpt lat="24.4463216" lon="121.0808856">
<ele>2080.97</ele>
<time>2023-03-17T02:56:50Z</time>
</trkpt>
<trkpt lat="24.4462639" lon="121.0808825">
<ele>2083.07</ele>
<time>2023-03-17T02:56:54Z</time>
</trkpt>
<trkpt lat="24.4462505" lon="121.0808311">
<ele>2080.63</ele>
<time>2023-03-17T02:57:04Z</time>
</trkpt>
<trkpt lat="24.4462128" lon="121.0807938">
<ele>2078.37</ele>
<time>2023-03-17T02:57:14Z</time>
</trkpt>
<trkpt lat="24.4461986" lon="121.0808423">
<ele>2076.91</ele>
<time>2023-03-17T02:57:18Z</time>
</trkpt>
<trkpt lat="24.4461654" lon="121.0807991">
<ele>2078.45</ele>
<time>2023-03-17T02:57:28Z</time>
</trkpt>
<trkpt lat="24.4461551" lon="121.0808721">
<ele>2076.44</ele>
<time>2023-03-17T02:57:32Z</time>
</trkpt>
<trkpt lat="24.4461566" lon="121.0808220">
<ele>2071.52</ele>
<time>2023-03-17T02:57:56Z</time>
</trkpt>
<trkpt lat="24.4461071" lon="121.0808556">
<ele>2069.94</ele>
<time>2023-03-17T02:58:02Z</time>
</trkpt>
<trkpt lat="24.4460686" lon="121.0809021">
<ele>2067.95</ele>
<time>2023-03-17T02:58:08Z</time>
</trkpt>
<trkpt lat="24.4461051" lon="121.0809561">
<ele>2066.44</ele>
<time>2023-03-17T02:58:14Z</time>
</trkpt>
<trkpt lat="24.4460587" lon="121.0809811">
<ele>2067.03</ele>
<time>2023-03-17T02:58:24Z</time>
</trkpt>
<trkpt lat="24.4460104" lon="121.0809420">
<ele>2067.98</ele>
<time>2023-03-17T02:58:28Z</time>
</trkpt>
<trkpt lat="24.4459756" lon="121.0808968">
<ele>2066.42</ele>
<time>2023-03-17T02:58:32Z</time>
</trkpt>
<trkpt lat="24.4459313" lon="121.0808764">
<ele>2065.43</ele>
<time>2023-03-17T02:58:40Z</time>
</trkpt>
<trkpt lat="24.4458948" lon="121.0809133">
<ele>2062.31</ele>
<time>2023-03-17T02:58:46Z</time>
</trkpt>
<trkpt lat="24.4458860" lon="121.0809636">
<ele>2057.30</ele>
<time>2023-03-17T02:59:18Z</time>
</trkpt>
<trkpt lat="24.4458338" lon="121.0809545">
<ele>2055.64</ele>
<time>2023-03-17T02:59:28Z</time>
</trkpt>
<trkpt lat="24.4458056" lon="121.0810043">
<ele>2057.05</ele>
<time>2023-03-17T02:59:54Z</time>
</trkpt>
<trkpt lat="24.4457519" lon="121.0810139">
<ele>2057.51</ele>
<time>2023-03-17T03:00:00Z</time>
</trkpt>
<trkpt lat="24.4457080" lon="121.0810376">
<ele>2058.89</ele>
<time>2023-03-17T03:00:18Z</time>
</trkpt>
<trkpt lat="24.4456646" lon="121.0810582">
<ele>2058.78</ele>
<time>2023-03-17T03:00:24Z</time>
</trkpt>
<trkpt lat="24.4456164" lon="121.0810472">
<ele>2061.53</ele>
<time>2023-03-17T03:00:48Z</time>
</trkpt>
<trkpt lat="24.4455788" lon="121.0810988">
<ele>2061.13</ele>
<time>2023-03-17T03:00:56Z</time>
</trkpt>
<trkpt lat="24.4455355" lon="121.0811181">
<ele>2060.77</ele>
<time>2023-03-17T03:01:02Z</time>
</trkpt>
<trkpt lat="24.4455078" lon="121.0810748">
<ele>2058.97</ele>
<time>2023-03-17T03:01:14Z</time>
</trkpt>
<trkpt lat="24.4454560" lon="121.0810970">
<ele>2060.53</ele>
<time>2023-03-17T03:01:20Z</time>
</trkpt>
<trkpt lat="24.4453981" lon="121.0811037">
<ele>2060.43</ele>
<time>2023-03-17T03:01:28Z</time>
</trkpt>
<trkpt lat="24.4453547" lon="121.0810866">
<ele>2059.69</ele>
<time>2023-03-17T03:01:36Z</time>
</trkpt>
<trkpt lat="24.4453102" lon="121.0811087">
<ele>2060.16</ele>
<time>2023-03-17T03:01:46Z</time>
</trkpt>
<trkpt lat="24.4452655" lon="121.0811145">
<ele>2062.08</ele>
<time>2023-03-17T03:01:58Z</time>
</trkpt>
<trkpt lat="24.4452171" lon="121.0811399">
<ele>2064.32</ele>
<time>2023-03-17T03:02:10Z</time>
</trkpt>
<trkpt lat="24.4451747" lon="121.0811655">
<ele>2064.77</ele>
<time>2023-03-17T03:02:18Z</time>
</trkpt>
<trkpt lat="24.4451306" lon="121.0811436">
<ele>2066.62</ele>
<time>2023-03-17T03:02:26Z</time>
</trkpt>
<trkpt lat="24.4450897" lon="121.0811960">
<ele>2069.34</ele>
<time>2023-03-17T03:02:34Z</time>
</trkpt>
<trkpt lat="24.4450335" lon="121.0812195">
<ele>2067.84</ele>
<time>2023-03-17T03:02:40Z</time>
</trkpt>
<trkpt lat="24.4449814" lon="121.0812078">
<ele>2068.00</ele>
<time>2023-03-17T03:02:46Z</time>
</trkpt>
<trkpt lat="24.4449381" lon="121.0811930">
<ele>2067.44</ele>
<time>2023-03-17T03:02:50Z</time>
</trkpt>
<trkpt lat="24.4448883" lon="121.0812048">
<ele>2067.74</ele>
<time>2023-03-17T03:02:56Z</time>
</trkpt>
<trkpt lat="24.4448400" lon="121.0812229">
<ele>2067.29</ele>
<time>2023-03-17T03:03:04Z</time>
</trkpt>
<trkpt lat="24.4447929" lon="121.0812556">
<ele>2067.11</ele>
<time>2023-03-17T03:03:14Z</time>
</trkpt>
<trkpt lat="24.4447370" lon="121.0812530">
<ele>2065.49</ele>
<time>2023-03-17T03:03:22Z</time>
</trkpt>
<trkpt lat="24.4446882" lon="121.0812714">
<ele>2064.34</ele>
<time>2023-03-17T03:03:28Z</time>
</trkpt>
<trkpt lat="24.4446363" lon="121.0812428">
<ele>2064.35</ele>
<time>2023-03-17T03:03:38Z</time>
</trkpt>
<trkpt lat="24.4445826" lon="121.0812322">
<ele>2064.25</ele>
<time>2023-03-17T03:04:02Z</time>
</trkpt>
<trkpt lat="24.4445377" lon="121.0812243">
<ele>2063.17</ele>
<time>2023-03-17T03:04:12Z</time>
</trkpt>
<trkpt lat="24.4444809" lon="121.0812213">
<ele>2061.73</ele>
<time>2023-03-17T03:04:22Z</time>
</trkpt>
<trkpt lat="24.4444429" lon="121.0812539">
<ele>2061.79</ele>
<time>2023-03-17T03:04:28Z</time>
</trkpt>
<trkpt lat="24.4444473" lon="121.0812032">
<ele>2059.77</ele>
<time>2023-03-17T03:04:48Z</time>
</trkpt>
<trkpt lat="24.4443958" lon="121.0812124">
<ele>2060.15</ele>
<time>2023-03-17T03:06:54Z</time>
</trkpt>
<trkpt lat="24.4443451" lon="121.0811952">
<ele>2061.07</ele>
<time>2023-03-17T03:07:02Z</time>
</trkpt>
<trkpt lat="24.4442944" lon="121.0811729">
<ele>2061.59</ele>
<time>2023-03-17T03:07:10Z</time>
</trkpt>
<trkpt lat="24.4442523" lon="121.0811489">
<ele>2063.32</ele>
<time>2023-03-17T03:07:16Z</time>
</trkpt>
<trkpt lat="24.4441966" lon="121.0811541">
<ele>2062.93</ele>
<time>2023-03-17T03:07:22Z</time>
</trkpt>
<trkpt lat="24.4441395" lon="121.0811363">
<ele>2064.30</ele>
<time>2023-03-17T03:07:30Z</time>
</trkpt>
<trkpt lat="24.4440846" lon="121.0811177">
<ele>2065.44</ele>
<time>2023-03-17T03:07:36Z</time>
</trkpt>
<trkpt lat="24.4440248" lon="121.0811001">
<ele>2066.27</ele>
<time>2023-03-17T03:07:42Z</time>
</trkpt>
<trkpt lat="24.4439702" lon="121.0810829">
<ele>2066.84</ele>
<time>2023-03-17T03:07:48Z</time>
</trkpt>
<trkpt lat="24.4439089" lon="121.0810861">
<ele>2069.05</ele>
<time>2023-03-17T03:07:54Z</time>
</trkpt>
<trkpt lat="24.4438647" lon="121.0810639">
<ele>2069.78</ele>
<time>2023-03-17T03:08:00Z</time>
</trkpt>
<trkpt lat="24.4438182" lon="121.0810372">
<ele>2068.63</ele>
<time>2023-03-17T03:08:06Z</time>
</trkpt>
<trkpt lat="24.4437767" lon="121.0810067">
<ele>2071.11</ele>
<time>2023-03-17T03:08:12Z</time>
</trkpt>
<trkpt lat="24.4437362" lon="121.0809546">
<ele>2070.31</ele>
<time>2023-03-17T03:08:18Z</time>
</trkpt>
<trkpt lat="24.4437006" lon="121.0809048">
<ele>2066.84</ele>
<time>2023-03-17T03:08:26Z</time>
</trkpt>
<trkpt lat="24.4436837" lon="121.0808537">
<ele>2066.00</ele>
<time>2023-03-17T03:08:32Z</time>
</trkpt>
<trkpt lat="24.4436594" lon="121.0807890">
<ele>2065.35</ele>
<time>2023-03-17T03:08:38Z</time>
</trkpt>
<trkpt lat="24.4436334" lon="121.0807309">
<ele>2065.61</ele>
<time>2023-03-17T03:08:44Z</time>
</trkpt>
<trkpt lat="24.4435956" lon="121.0806806">
<ele>2065.58</ele>
<time>2023-03-17T03:08:50Z</time>
</trkpt>
<trkpt lat="24.4435562" lon="121.0806390">
<ele>2066.99</ele>
<time>2023-03-17T03:08:56Z</time>
</trkpt>
<trkpt lat="24.4435070" lon="121.0806009">
<ele>2066.36</ele>
<time>2023-03-17T03:09:02Z</time>
</trkpt>
<trkpt lat="24.4434648" lon="121.0805705">
<ele>2069.69</ele>
<time>2023-03-17T03:09:08Z</time>
</trkpt>
<trkpt lat="24.4434164" lon="121.0805571">
<ele>2069.82</ele>
<time>2023-03-17T03:09:14Z</time>
</trkpt>
<trkpt lat="24.4433667" lon="121.0805258">
<ele>2071.40</ele>
<time>2023-03-17T03:09:20Z</time>
</trkpt>
<trkpt lat="24.4433281" lon="121.0804781">
<ele>2075.92</ele>
<time>2023-03-17T03:09:26Z</time>
</trkpt>
<trkpt lat="24.4433020" lon="121.0804377">
<ele>2076.95</ele>
<time>2023-03-17T03:09:32Z</time>
</trkpt>
<trkpt lat="24.4432705" lon="121.0803859">
<ele>2073.03</ele>
<time>2023-03-17T03:09:38Z</time>
</trkpt>
<trkpt lat="24.4432509" lon="121.0803310">
<ele>2068.81</ele>
<time>2023-03-17T03:09:44Z</time>
</trkpt>
<trkpt lat="24.4432526" lon="121.0802740">
<ele>2069.80</ele>
<time>2023-03-17T03:09:52Z</time>
</trkpt>
<trkpt lat="24.4432407" lon="121.0802061">
<ele>2068.31</ele>
<time>2023-03-17T03:09:58Z</time>
</trkpt>
<trkpt lat="24.4432171" lon="121.0801552">
<ele>2070.81</ele>
<time>2023-03-17T03:10:06Z</time>
</trkpt>
<trkpt lat="24.4431988" lon="121.0800983">
<ele>2072.85</ele>
<time>2023-03-17T03:10:14Z</time>
</trkpt>
<trkpt lat="24.4431811" lon="121.0800434">
<ele>2073.79</ele>
<time>2023-03-17T03:10:20Z</time>
</trkpt>
<trkpt lat="24.4431564" lon="121.0799880">
<ele>2071.61</ele>
<time>2023-03-17T03:10:28Z</time>
</trkpt>
<trkpt lat="24.4431159" lon="121.0799421">
<ele>2073.79</ele>
<time>2023-03-17T03:10:40Z</time>
</trkpt>
<trkpt lat="24.4430804" lon="121.0799058">
<ele>2079.73</ele>
<time>2023-03-17T03:10:52Z</time>
</trkpt>
<trkpt lat="24.4430705" lon="121.0798496">
<ele>2082.78</ele>
<time>2023-03-17T03:11:02Z</time>
</trkpt>
<trkpt lat="24.4430542" lon="121.0797838">
<ele>2083.11</ele>
<time>2023-03-17T03:11:12Z</time>
</trkpt>
<trkpt lat="24.4430371" lon="121.0797286">
<ele>2084.47</ele>
<time>2023-03-17T03:11:22Z</time>
</trkpt>
<trkpt lat="24.4430162" lon="121.0796752">
<ele>2082.88</ele>
<time>2023-03-17T03:11:32Z</time>
</trkpt>
<trkpt lat="24.4429710" lon="121.0796446">
<ele>2083.89</ele>
<time>2023-03-17T03:11:44Z</time>
</trkpt>
<trkpt lat="24.4429408" lon="121.0796011">
<ele>2086.33</ele>
<time>2023-03-17T03:12:02Z</time>
</trkpt>
<trkpt lat="24.4428961" lon="121.0795643">
<ele>2088.50</ele>
<time>2023-03-17T03:12:10Z</time>
</trkpt>
<trkpt lat="24.4428659" lon="121.0795260">
<ele>2089.36</ele>
<time>2023-03-17T03:12:20Z</time>
</trkpt>
<trkpt lat="24.4428332" lon="121.0794722">
<ele>2094.38</ele>
<time>2023-03-17T03:12:46Z</time>
</trkpt>
<trkpt lat="24.4427960" lon="121.0794353">
<ele>2098.69</ele>
<time>2023-03-17T03:13:08Z</time>
</trkpt>
<trkpt lat="24.4427554" lon="121.0793994">
<ele>2096.70</ele>
<time>2023-03-17T03:13:16Z</time>
</trkpt>
<trkpt lat="24.4427099" lon="121.0793730">
<ele>2099.33</ele>
<time>2023-03-17T03:13:26Z</time>
</trkpt>
<trkpt lat="24.4426623" lon="121.0793543">
<ele>2100.43</ele>
<time>2023-03-17T03:13:34Z</time>
</trkpt>
<trkpt lat="24.4426313" lon="121.0793138">
<ele>2103.83</ele>
<time>2023-03-17T03:13:46Z</time>
</trkpt>
<trkpt lat="24.4425832" lon="121.0792824">
<ele>2105.84</ele>
<time>2023-03-17T03:14:00Z</time>
</trkpt>
<trkpt lat="24.4425518" lon="121.0792405">
<ele>2108.51</ele>
<time>2023-03-17T03:14:12Z</time>
</trkpt>
<trkpt lat="24.4425119" lon="121.0792165">
<ele>2109.48</ele>
<time>2023-03-17T03:14:18Z</time>
</trkpt>
<trkpt lat="24.4424686" lon="121.0791865">
<ele>2111.73</ele>
<time>2023-03-17T03:14:28Z</time>
</trkpt>
<trkpt lat="24.4424286" lon="121.0791490">
<ele>2112.71</ele>
<time>2023-03-17T03:14:40Z</time>
</trkpt>
<trkpt lat="24.4423852" lon="121.0791188">
<ele>2114.33</ele>
<time>2023-03-17T03:14:50Z</time>
</trkpt>
<trkpt lat="24.4423420" lon="121.0791010">
<ele>2114.63</ele>
<time>2023-03-17T03:14:58Z</time>
</trkpt>
<trkpt lat="24.4422955" lon="121.0790931">
<ele>2115.37</ele>
<time>2023-03-17T03:15:03Z</time>
</trkpt>
<trkpt lat="24.4422454" lon="121.0790922">
<ele>2116.26</ele>
<time>2023-03-17T03:15:10Z</time>
</trkpt>
<trkpt lat="24.4421939" lon="121.0790952">
<ele>2116.70</ele>
<time>2023-03-17T03:15:16Z</time>
</trkpt>
<trkpt lat="24.4421191" lon="121.0791082">
<ele>2114.90</ele>
<time>2023-03-17T03:15:24Z</time>
</trkpt>
<trkpt lat="24.4420714" lon="121.0791150">
<ele>2117.04</ele>
<time>2023-03-17T03:15:32Z</time>
</trkpt>
<trkpt lat="24.4420291" lon="121.0790919">
<ele>2117.25</ele>
<time>2023-03-17T03:15:40Z</time>
</trkpt>
<trkpt lat="24.4419821" lon="121.0790727">
<ele>2120.00</ele>
<time>2023-03-17T03:15:48Z</time>
</trkpt>
<trkpt lat="24.4419346" lon="121.0790591">
<ele>2119.96</ele>
<time>2023-03-17T03:15:54Z</time>
</trkpt>
<trkpt lat="24.4418813" lon="121.0790519">
<ele>2123.13</ele>
<time>2023-03-17T03:16:04Z</time>
</trkpt>
<trkpt lat="24.4418313" lon="121.0790501">
<ele>2124.56</ele>
<time>2023-03-17T03:16:12Z</time>
</trkpt>
<trkpt lat="24.4417801" lon="121.0790179">
<ele>2128.10</ele>
<time>2023-03-17T03:16:23Z</time>
</trkpt>
<trkpt lat="24.4417434" lon="121.0789871">
<ele>2127.81</ele>
<time>2023-03-17T03:16:31Z</time>
</trkpt>
<trkpt lat="24.4416898" lon="121.0789698">
<ele>2127.95</ele>
<time>2023-03-17T03:16:39Z</time>
</trkpt>
<trkpt lat="24.4416256" lon="121.0789590">
<ele>2129.69</ele>
<time>2023-03-17T03:16:49Z</time>
</trkpt>
<trkpt lat="24.4415665" lon="121.0789566">
<ele>2130.49</ele>
<time>2023-03-17T03:16:57Z</time>
</trkpt>
<trkpt lat="24.4415171" lon="121.0789630">
<ele>2128.68</ele>
<time>2023-03-17T03:17:04Z</time>
</trkpt>
<trkpt lat="24.4414680" lon="121.0789693">
<ele>2127.12</ele>
<time>2023-03-17T03:17:10Z</time>
</trkpt>
<trkpt lat="24.4414204" lon="121.0789622">
<ele>2129.79</ele>
<time>2023-03-17T03:17:18Z</time>
</trkpt>
<trkpt lat="24.4413754" lon="121.0789756">
<ele>2132.54</ele>
<time>2023-03-17T03:17:26Z</time>
</trkpt>
<trkpt lat="24.4413222" lon="121.0789571">
<ele>2134.34</ele>
<time>2023-03-17T03:17:36Z</time>
</trkpt>
<trkpt lat="24.4412688" lon="121.0789488">
<ele>2137.09</ele>
<time>2023-03-17T03:17:47Z</time>
</trkpt>
<trkpt lat="24.4412217" lon="121.0789301">
<ele>2137.95</ele>
<time>2023-03-17T03:17:55Z</time>
</trkpt>
<trkpt lat="24.4411740" lon="121.0788944">
<ele>2138.55</ele>
<time>2023-03-17T03:18:01Z</time>
</trkpt>
<trkpt lat="24.4411319" lon="121.0788665">
<ele>2142.23</ele>
<time>2023-03-17T03:18:17Z</time>
</trkpt>
<trkpt lat="24.4410989" lon="121.0788295">
<ele>2144.06</ele>
<time>2023-03-17T03:18:27Z</time>
</trkpt>
<trkpt lat="24.4410429" lon="121.0788000">
<ele>2145.45</ele>
<time>2023-03-17T03:18:41Z</time>
</trkpt>
<trkpt lat="24.4410074" lon="121.0787677">
<ele>2148.22</ele>
<time>2023-03-17T03:18:57Z</time>
</trkpt>
<trkpt lat="24.4409611" lon="121.0787635">
<ele>2148.72</ele>
<time>2023-03-17T03:19:03Z</time>
</trkpt>
<trkpt lat="24.4409095" lon="121.0787762">
<ele>2150.22</ele>
<time>2023-03-17T03:19:09Z</time>
</trkpt>
<trkpt lat="24.4408628" lon="121.0787542">
<ele>2150.64</ele>
<time>2023-03-17T03:19:15Z</time>
</trkpt>
<trkpt lat="24.4408104" lon="121.0787424">
<ele>2149.12</ele>
<time>2023-03-17T03:19:23Z</time>
</trkpt>
<trkpt lat="24.4407649" lon="121.0787222">
<ele>2147.21</ele>
<time>2023-03-17T03:19:29Z</time>
</trkpt>
<trkpt lat="24.4407223" lon="121.0787027">
<ele>2146.74</ele>
<time>2023-03-17T03:19:37Z</time>
</trkpt>
<trkpt lat="24.4406724" lon="121.0786699">
<ele>2146.72</ele>
<time>2023-03-17T03:19:44Z</time>
</trkpt>
<trkpt lat="24.4407071" lon="121.0786252">
<ele>2148.95</ele>
<time>2023-03-17T03:19:52Z</time>
</trkpt>
<trkpt lat="24.4406520" lon="121.0786215">
<ele>2149.11</ele>
<time>2023-03-17T03:20:06Z</time>
</trkpt>
<trkpt lat="24.4406516" lon="121.0787008">
<ele>2148.19</ele>
<time>2023-03-17T03:20:11Z</time>
</trkpt>
<trkpt lat="24.4406240" lon="121.0786586">
<ele>2149.78</ele>
<time>2023-03-17T03:20:47Z</time>
</trkpt>
<trkpt lat="24.4406413" lon="121.0787096">
<ele>2151.34</ele>
<time>2023-03-17T03:22:26Z</time>
</trkpt>
<trkpt lat="24.4406603" lon="121.0786614">
<ele>2151.71</ele>
<time>2023-03-17T03:23:15Z</time>
</trkpt>
<trkpt lat="24.4406307" lon="121.0786990">
<ele>2150.18</ele>
<time>2023-03-17T03:25:33Z</time>
</trkpt>
<trkpt lat="24.4406644" lon="121.0786640">
<ele>2150.82</ele>
<time>2023-03-17T03:29:12Z</time>
</trkpt>
<trkpt lat="24.4406182" lon="121.0786887">
<ele>2150.02</ele>
<time>2023-03-17T03:30:32Z</time>
</trkpt>
<trkpt lat="24.4406566" lon="121.0786544">
<ele>2148.49</ele>
<time>2023-03-17T03:30:40Z</time>
</trkpt>
<trkpt lat="24.4407069" lon="121.0786913">
<ele>2144.62</ele>
<time>2023-03-17T03:30:50Z</time>
</trkpt>
<trkpt lat="24.4407529" lon="121.0787202">
<ele>2144.10</ele>
<time>2023-03-17T03:30:56Z</time>
</trkpt>
<trkpt lat="24.4407903" lon="121.0787530">
<ele>2146.48</ele>
<time>2023-03-17T03:31:00Z</time>
</trkpt>
<trkpt lat="24.4408373" lon="121.0787436">
<ele>2147.69</ele>
<time>2023-03-17T03:31:08Z</time>
</trkpt>
<trkpt lat="24.4408844" lon="121.0787556">
<ele>2151.82</ele>
<time>2023-03-17T03:31:20Z</time>
</trkpt>
<trkpt lat="24.4409303" lon="121.0787498">
<ele>2151.49</ele>
<time>2023-03-17T03:31:26Z</time>
</trkpt>
<trkpt lat="24.4409776" lon="121.0787221">
<ele>2151.07</ele>
<time>2023-03-17T03:31:34Z</time>
</trkpt>
<trkpt lat="24.4409964" lon="121.0786712">
<ele>2152.43</ele>
<time>2023-03-17T03:31:40Z</time>
</trkpt>
<trkpt lat="24.4410316" lon="121.0787087">
<ele>2151.70</ele>
<time>2023-03-17T03:31:52Z</time>
</trkpt>
<trkpt lat="24.4410573" lon="121.0787592">
<ele>2150.09</ele>
<time>2023-03-17T03:32:02Z</time>
</trkpt>
<trkpt lat="24.4411030" lon="121.0787857">
<ele>2148.35</ele>
<time>2023-03-17T03:32:12Z</time>
</trkpt>
<trkpt lat="24.4411398" lon="121.0788237">
<ele>2145.92</ele>
<time>2023-03-17T03:32:20Z</time>
</trkpt>
<trkpt lat="24.4411829" lon="121.0788545">
<ele>2142.54</ele>
<time>2023-03-17T03:32:30Z</time>
</trkpt>
<trkpt lat="24.4412209" lon="121.0789008">
<ele>2140.59</ele>
<time>2023-03-17T03:32:38Z</time>
</trkpt>
<trkpt lat="24.4412771" lon="121.0789106">
<ele>2136.56</ele>
<time>2023-03-17T03:32:46Z</time>
</trkpt>
<trkpt lat="24.4413303" lon="121.0789040">
<ele>2133.88</ele>
<time>2023-03-17T03:32:54Z</time>
</trkpt>
<trkpt lat="24.4413674" lon="121.0789424">
<ele>2130.21</ele>
<time>2023-03-17T03:33:00Z</time>
</trkpt>
<trkpt lat="24.4414170" lon="121.0789502">
<ele>2132.51</ele>
<time>2023-03-17T03:33:08Z</time>
</trkpt>
<trkpt lat="24.4414744" lon="121.0789408">
<ele>2137.64</ele>
<time>2023-03-17T03:33:16Z</time>
</trkpt>
<trkpt lat="24.4415188" lon="121.0789329">
<ele>2136.94</ele>
<time>2023-03-17T03:33:20Z</time>
</trkpt>
<trkpt lat="24.4415902" lon="121.0789141">
<ele>2133.11</ele>
<time>2023-03-17T03:33:26Z</time>
</trkpt>
<trkpt lat="24.4416417" lon="121.0789270">
<ele>2131.41</ele>
<time>2023-03-17T03:33:30Z</time>
</trkpt>
<trkpt lat="24.4416880" lon="121.0789440">
<ele>2131.35</ele>
<time>2023-03-17T03:33:34Z</time>
</trkpt>
<trkpt lat="24.4417425" lon="121.0789767">
<ele>2130.47</ele>
<time>2023-03-17T03:33:40Z</time>
</trkpt>
<trkpt lat="24.4417872" lon="121.0790207">
<ele>2125.63</ele>
<time>2023-03-17T03:33:46Z</time>
</trkpt>
<trkpt lat="24.4418399" lon="121.0790122">
<ele>2125.64</ele>
<time>2023-03-17T03:33:54Z</time>
</trkpt>
<trkpt lat="24.4418980" lon="121.0790194">
<ele>2125.65</ele>
<time>2023-03-17T03:34:02Z</time>
</trkpt>
<trkpt lat="24.4419592" lon="121.0790259">
<ele>2124.83</ele>
<time>2023-03-17T03:34:08Z</time>
</trkpt>
<trkpt lat="24.4420085" lon="121.0790583">
<ele>2122.08</ele>
<time>2023-03-17T03:34:14Z</time>
</trkpt>
<trkpt lat="24.4420577" lon="121.0790648">
<ele>2121.16</ele>
<time>2023-03-17T03:34:18Z</time>
</trkpt>
<trkpt lat="24.4421123" lon="121.0790752">
<ele>2124.98</ele>
<time>2023-03-17T03:34:26Z</time>
</trkpt>
<trkpt lat="24.4421584" lon="121.0790645">
<ele>2123.55</ele>
<time>2023-03-17T03:34:30Z</time>
</trkpt>
<trkpt lat="24.4422069" lon="121.0790679">
<ele>2121.02</ele>
<time>2023-03-17T03:34:36Z</time>
</trkpt>
<trkpt lat="24.4422541" lon="121.0790679">
<ele>2119.62</ele>
<time>2023-03-17T03:34:40Z</time>
</trkpt>
<trkpt lat="24.4423005" lon="121.0790871">
<ele>2117.47</ele>
<time>2023-03-17T03:34:44Z</time>
</trkpt>
<trkpt lat="24.4423615" lon="121.0790919">
<ele>2115.98</ele>
<time>2023-03-17T03:34:50Z</time>
</trkpt>
<trkpt lat="24.4424085" lon="121.0791162">
<ele>2114.97</ele>
<time>2023-03-17T03:34:54Z</time>
</trkpt>
<trkpt lat="24.4424497" lon="121.0791406">
<ele>2113.48</ele>
<time>2023-03-17T03:34:58Z</time>
</trkpt>
<trkpt lat="24.4425067" lon="121.0791826">
<ele>2111.09</ele>
<time>2023-03-17T03:35:04Z</time>
</trkpt>
<trkpt lat="24.4425532" lon="121.0792144">
<ele>2111.98</ele>
<time>2023-03-17T03:35:10Z</time>
</trkpt>
<trkpt lat="24.4425992" lon="121.0792520">
<ele>2108.79</ele>
<time>2023-03-17T03:35:14Z</time>
</trkpt>
<trkpt lat="24.4426337" lon="121.0792890">
<ele>2106.50</ele>
<time>2023-03-17T03:35:18Z</time>
</trkpt>
<trkpt lat="24.4426665" lon="121.0793253">
<ele>2103.78</ele>
<time>2023-03-17T03:35:22Z</time>
</trkpt>
<trkpt lat="24.4427253" lon="121.0793528">
<ele>2102.77</ele>
<time>2023-03-17T03:35:26Z</time>
</trkpt>
<trkpt lat="24.4427776" lon="121.0793955">
<ele>2101.10</ele>
<time>2023-03-17T03:35:30Z</time>
</trkpt>
<trkpt lat="24.4428210" lon="121.0794200">
<ele>2099.31</ele>
<time>2023-03-17T03:35:34Z</time>
</trkpt>
<trkpt lat="24.4428629" lon="121.0794672">
<ele>2098.52</ele>
<time>2023-03-17T03:35:40Z</time>
</trkpt>
<trkpt lat="24.4428771" lon="121.0795228">
<ele>2095.98</ele>
<time>2023-03-17T03:35:46Z</time>
</trkpt>
<trkpt lat="24.4429162" lon="121.0795546">
<ele>2094.54</ele>
<time>2023-03-17T03:35:56Z</time>
</trkpt>
<trkpt lat="24.4429588" lon="121.0795925">
<ele>2089.96</ele>
<time>2023-03-17T03:36:06Z</time>
</trkpt>
<trkpt lat="24.4429927" lon="121.0796298">
<ele>2085.16</ele>
<time>2023-03-17T03:36:12Z</time>
</trkpt>
<trkpt lat="24.4430312" lon="121.0796806">
<ele>2083.44</ele>
<time>2023-03-17T03:36:18Z</time>
</trkpt>
<trkpt lat="24.4430705" lon="121.0797519">
<ele>2080.95</ele>
<time>2023-03-17T03:36:22Z</time>
</trkpt>
<trkpt lat="24.4430946" lon="121.0797937">
<ele>2078.65</ele>
<time>2023-03-17T03:36:26Z</time>
</trkpt>
<trkpt lat="24.4431163" lon="121.0798409">
<ele>2078.02</ele>
<time>2023-03-17T03:36:32Z</time>
</trkpt>
<trkpt lat="24.4431502" lon="121.0798805">
<ele>2072.69</ele>
<time>2023-03-17T03:36:42Z</time>
</trkpt>
<trkpt lat="24.4431801" lon="121.0799261">
<ele>2073.81</ele>
<time>2023-03-17T03:36:46Z</time>
</trkpt>
<trkpt lat="24.4431962" lon="121.0799936">
<ele>2071.79</ele>
<time>2023-03-17T03:36:50Z</time>
</trkpt>
<trkpt lat="24.4432098" lon="121.0800542">
<ele>2068.69</ele>
<time>2023-03-17T03:36:54Z</time>
</trkpt>
<trkpt lat="24.4432423" lon="121.0801021">
<ele>2067.36</ele>
<time>2023-03-17T03:36:58Z</time>
</trkpt>
<trkpt lat="24.4432406" lon="121.0801777">
<ele>2071.92</ele>
<time>2023-03-17T03:37:06Z</time>
</trkpt>
<trkpt lat="24.4432486" lon="121.0802399">
<ele>2072.75</ele>
<time>2023-03-17T03:37:16Z</time>
</trkpt>
<trkpt lat="24.4432623" lon="121.0802944">
<ele>2071.78</ele>
<time>2023-03-17T03:37:22Z</time>
</trkpt>
<trkpt lat="24.4432943" lon="121.0803548">
<ele>2073.32</ele>
<time>2023-03-17T03:37:28Z</time>
</trkpt>
<trkpt lat="24.4433322" lon="121.0804220">
<ele>2070.53</ele>
<time>2023-03-17T03:37:34Z</time>
</trkpt>
<trkpt lat="24.4433643" lon="121.0804629">
<ele>2071.62</ele>
<time>2023-03-17T03:37:38Z</time>
</trkpt>
<trkpt lat="24.4433929" lon="121.0805176">
<ele>2066.81</ele>
<time>2023-03-17T03:37:42Z</time>
</trkpt>
<trkpt lat="24.4434488" lon="121.0805538">
<ele>2064.48</ele>
<time>2023-03-17T03:37:48Z</time>
</trkpt>
<trkpt lat="24.4434880" lon="121.0805993">
<ele>2063.57</ele>
<time>2023-03-17T03:37:52Z</time>
</trkpt>
<trkpt lat="24.4435325" lon="121.0806270">
<ele>2066.92</ele>
<time>2023-03-17T03:37:56Z</time>
</trkpt>
<trkpt lat="24.4435638" lon="121.0806879">
<ele>2067.15</ele>
<time>2023-03-17T03:38:00Z</time>
</trkpt>
<trkpt lat="24.4436140" lon="121.0807416">
<ele>2065.72</ele>
<time>2023-03-17T03:38:06Z</time>
</trkpt>
<trkpt lat="24.4436619" lon="121.0807867">
<ele>2066.94</ele>
<time>2023-03-17T03:38:12Z</time>
</trkpt>
<trkpt lat="24.4436894" lon="121.0808479">
<ele>2065.63</ele>
<time>2023-03-17T03:38:18Z</time>
</trkpt>
<trkpt lat="24.4437126" lon="121.0809100">
<ele>2066.70</ele>
<time>2023-03-17T03:38:24Z</time>
</trkpt>
<trkpt lat="24.4437132" lon="121.0809651">
<ele>2069.18</ele>
<time>2023-03-17T03:38:28Z</time>
</trkpt>
<trkpt lat="24.4437436" lon="121.0810149">
<ele>2069.86</ele>
<time>2023-03-17T03:38:32Z</time>
</trkpt>
<trkpt lat="24.4437868" lon="121.0810320">
<ele>2068.44</ele>
<time>2023-03-17T03:38:36Z</time>
</trkpt>
<trkpt lat="24.4438181" lon="121.0810791">
<ele>2066.69</ele>
<time>2023-03-17T03:38:42Z</time>
</trkpt>
<trkpt lat="24.4438234" lon="121.0811435">
<ele>2068.88</ele>
<time>2023-03-17T03:38:48Z</time>
</trkpt>
<trkpt lat="24.4438385" lon="121.0811992">
<ele>2069.59</ele>
<time>2023-03-17T03:38:54Z</time>
</trkpt>
<trkpt lat="24.4438831" lon="121.0812079">
<ele>2067.04</ele>
<time>2023-03-17T03:39:00Z</time>
</trkpt>
<trkpt lat="24.4439371" lon="121.0812240">
<ele>2064.52</ele>
<time>2023-03-17T03:39:10Z</time>
</trkpt>
<trkpt lat="24.4439770" lon="121.0811968">
<ele>2063.31</ele>
<time>2023-03-17T03:39:20Z</time>
</trkpt>
<trkpt lat="24.4440230" lon="121.0812128">
<ele>2063.13</ele>
<time>2023-03-17T03:39:28Z</time>
</trkpt>
<trkpt lat="24.4440739" lon="121.0812046">
<ele>2064.44</ele>
<time>2023-03-17T03:39:36Z</time>
</trkpt>
<trkpt lat="24.4441329" lon="121.0811609">
<ele>2065.20</ele>
<time>2023-03-17T03:39:42Z</time>
</trkpt>
<trkpt lat="24.4441900" lon="121.0811432">
<ele>2062.56</ele>
<time>2023-03-17T03:39:46Z</time>
</trkpt>
<trkpt lat="24.4442541" lon="121.0811762">
<ele>2060.33</ele>
<time>2023-03-17T03:39:52Z</time>
</trkpt>
<trkpt lat="24.4443166" lon="121.0812102">
<ele>2059.68</ele>
<time>2023-03-17T03:39:56Z</time>
</trkpt>
<trkpt lat="24.4443840" lon="121.0812259">
<ele>2059.59</ele>
<time>2023-03-17T03:40:00Z</time>
</trkpt>
<trkpt lat="24.4444375" lon="121.0812122">
<ele>2060.90</ele>
<time>2023-03-17T03:40:06Z</time>
</trkpt>
<trkpt lat="24.4444378" lon="121.0812642">
<ele>2062.87</ele>
<time>2023-03-17T03:40:22Z</time>
</trkpt>
<trkpt lat="24.4444051" lon="121.0813153">
<ele>2066.36</ele>
<time>2023-03-17T03:40:32Z</time>
</trkpt>
<trkpt lat="24.4444052" lon="121.0812640">
<ele>2061.80</ele>
<time>2023-03-17T03:42:21Z</time>
</trkpt>
<trkpt lat="24.4444275" lon="121.0812147">
<ele>2060.06</ele>
<time>2023-03-17T03:42:27Z</time>
</trkpt>
<trkpt lat="24.4444284" lon="121.0813180">
<ele>2076.45</ele>
<time>2023-03-17T03:59:01Z</time>
</trkpt>
<trkpt lat="24.4444292" lon="121.0812576">
<ele>2069.81</ele>
<time>2023-03-17T03:59:07Z</time>
</trkpt>
<trkpt lat="24.4444628" lon="121.0812916">
<ele>2068.07</ele>
<time>2023-03-17T04:13:25Z</time>
</trkpt>
<trkpt lat="24.4444873" lon="121.0813583">
<ele>2067.65</ele>
<time>2023-03-17T04:13:39Z</time>
</trkpt>
<trkpt lat="24.4444826" lon="121.0814182">
<ele>2066.34</ele>
<time>2023-03-17T04:13:45Z</time>
</trkpt>
<trkpt lat="24.4444939" lon="121.0814702">
<ele>2064.68</ele>
<time>2023-03-17T04:13:51Z</time>
</trkpt>
<trkpt lat="24.4445182" lon="121.0815246">
<ele>2063.93</ele>
<time>2023-03-17T04:13:57Z</time>
</trkpt>
<trkpt lat="24.4444895" lon="121.0815840">
<ele>2064.81</ele>
<time>2023-03-17T04:14:11Z</time>
</trkpt>
<trkpt lat="24.4444495" lon="121.0816262">
<ele>2065.84</ele>
<time>2023-03-17T04:14:17Z</time>
</trkpt>
<trkpt lat="24.4444153" lon="121.0815763">
<ele>2060.32</ele>
<time>2023-03-17T04:14:43Z</time>
</trkpt>
<trkpt lat="24.4443654" lon="121.0815956">
<ele>2055.65</ele>
<time>2023-03-17T04:14:53Z</time>
</trkpt>
<trkpt lat="24.4443635" lon="121.0816505">
<ele>2054.58</ele>
<time>2023-03-17T04:15:01Z</time>
</trkpt>
<trkpt lat="24.4444144" lon="121.0816280">
<ele>2046.80</ele>
<time>2023-03-17T04:15:11Z</time>
</trkpt>
<trkpt lat="24.4444026" lon="121.0816788">
<ele>2042.76</ele>
<time>2023-03-17T04:15:25Z</time>
</trkpt>
<trkpt lat="24.4444128" lon="121.0817317">
<ele>2043.73</ele>
<time>2023-03-17T04:15:29Z</time>
</trkpt>
<trkpt lat="24.4444328" lon="121.0817846">
<ele>2043.50</ele>
<time>2023-03-17T04:15:55Z</time>
</trkpt>
<trkpt lat="24.4444405" lon="121.0818378">
<ele>2040.83</ele>
<time>2023-03-17T04:16:03Z</time>
</trkpt>
<trkpt lat="24.4444019" lon="121.0818736">
<ele>2040.24</ele>
<time>2023-03-17T04:16:15Z</time>
</trkpt>
<trkpt lat="24.4443676" lon="121.0819195">
<ele>2040.60</ele>
<time>2023-03-17T04:16:29Z</time>
</trkpt>
<trkpt lat="24.4444115" lon="121.0819370">
<ele>2037.06</ele>
<time>2023-03-17T04:16:55Z</time>
</trkpt>
<trkpt lat="24.4444002" lon="121.0819889">
<ele>2028.96</ele>
<time>2023-03-17T04:17:22Z</time>
</trkpt>
<trkpt lat="24.4444470" lon="121.0819983">
<ele>2028.44</ele>
<time>2023-03-17T04:17:32Z</time>
</trkpt>
<trkpt lat="24.4444319" lon="121.0820549">
<ele>2024.43</ele>
<time>2023-03-17T04:18:00Z</time>
</trkpt>
<trkpt lat="24.4443788" lon="121.0820587">
<ele>2024.48</ele>
<time>2023-03-17T04:19:06Z</time>
</trkpt>
<trkpt lat="24.4443467" lon="121.0821201">
<ele>2026.78</ele>
<time>2023-03-17T04:19:12Z</time>
</trkpt>
<trkpt lat="24.4443744" lon="121.0821600">
<ele>2024.83</ele>
<time>2023-03-17T04:19:20Z</time>
</trkpt>
<trkpt lat="24.4444217" lon="121.0821329">
<ele>2019.91</ele>
<time>2023-03-17T04:19:34Z</time>
</trkpt>
<trkpt lat="24.4444482" lon="121.0821975">
<ele>2019.72</ele>
<time>2023-03-17T04:19:45Z</time>
</trkpt>
<trkpt lat="24.4444693" lon="121.0822439">
<ele>2011.98</ele>
<time>2023-03-17T04:20:06Z</time>
</trkpt>
<trkpt lat="24.4444818" lon="121.0823028">
<ele>2009.34</ele>
<time>2023-03-17T04:20:18Z</time>
</trkpt>
<trkpt lat="24.4444473" lon="121.0822577">
<ele>2000.74</ele>
<time>2023-03-17T04:20:45Z</time>
</trkpt>
<trkpt lat="24.4444167" lon="121.0822113">
<ele>1996.90</ele>
<time>2023-03-17T04:20:59Z</time>
</trkpt>
<trkpt lat="24.4443602" lon="121.0822316">
<ele>1994.30</ele>
<time>2023-03-17T04:21:20Z</time>
</trkpt>
<trkpt lat="24.4443560" lon="121.0822902">
<ele>1994.20</ele>
<time>2023-03-17T04:21:24Z</time>
</trkpt>
<trkpt lat="24.4443423" lon="121.0823399">
<ele>1991.03</ele>
<time>2023-03-17T04:21:37Z</time>
</trkpt>
<trkpt lat="24.4443322" lon="121.0824044">
<ele>1992.83</ele>
<time>2023-03-17T04:21:44Z</time>
</trkpt>
<trkpt lat="24.4443416" lon="121.0824552">
<ele>1992.01</ele>
<time>2023-03-17T04:22:04Z</time>
</trkpt>
<trkpt lat="24.4442855" lon="121.0824374">
<ele>1993.29</ele>
<time>2023-03-17T04:22:12Z</time>
</trkpt>
<trkpt lat="24.4442504" lon="121.0824825">
<ele>1994.91</ele>
<time>2023-03-17T04:22:22Z</time>
</trkpt>
<trkpt lat="24.4442085" lon="121.0825010">
<ele>1995.11</ele>
<time>2023-03-17T04:22:38Z</time>
</trkpt>
<trkpt lat="24.4442509" lon="121.0825467">
<ele>1991.35</ele>
<time>2023-03-17T04:22:48Z</time>
</trkpt>
<trkpt lat="24.4442519" lon="121.0826049">
<ele>1987.85</ele>
<time>2023-03-17T04:23:00Z</time>
</trkpt>
<trkpt lat="24.4442774" lon="121.0826500">
<ele>1983.97</ele>
<time>2023-03-17T04:23:08Z</time>
</trkpt>
<trkpt lat="24.4442997" lon="121.0827209">
<ele>1980.62</ele>
<time>2023-03-17T04:23:22Z</time>
</trkpt>
<trkpt lat="24.4443176" lon="121.0827691">
<ele>1975.54</ele>
<time>2023-03-17T04:23:36Z</time>
</trkpt>
<trkpt lat="24.4442995" lon="121.0828236">
<ele>1974.17</ele>
<time>2023-03-17T04:23:46Z</time>
</trkpt>
<trkpt lat="24.4442908" lon="121.0828841">
<ele>1969.28</ele>
<time>2023-03-17T04:23:58Z</time>
</trkpt>
<trkpt lat="24.4443096" lon="121.0829410">
<ele>1966.73</ele>
<time>2023-03-17T04:24:06Z</time>
</trkpt>
<trkpt lat="24.4443449" lon="121.0829866">
<ele>1966.28</ele>
<time>2023-03-17T04:24:14Z</time>
</trkpt>
<trkpt lat="24.4443931" lon="121.0829927">
<ele>1963.41</ele>
<time>2023-03-17T04:24:22Z</time>
</trkpt>
<trkpt lat="24.4444412" lon="121.0829944">
<ele>1962.71</ele>
<time>2023-03-17T04:24:32Z</time>
</trkpt>
<trkpt lat="24.4444661" lon="121.0830439">
<ele>1961.80</ele>
<time>2023-03-17T04:24:42Z</time>
</trkpt>
<trkpt lat="24.4444137" lon="121.0830536">
<ele>1961.96</ele>
<time>2023-03-17T04:24:50Z</time>
</trkpt>
<trkpt lat="24.4443666" lon="121.0830560">
<ele>1965.18</ele>
<time>2023-03-17T04:24:56Z</time>
</trkpt>
<trkpt lat="24.4443336" lon="121.0830908">
<ele>1964.89</ele>
<time>2023-03-17T04:25:20Z</time>
</trkpt>
<trkpt lat="24.4443599" lon="121.0831339">
<ele>1962.04</ele>
<time>2023-03-17T04:25:28Z</time>
</trkpt>
<trkpt lat="24.4443247" lon="121.0831658">
<ele>1957.77</ele>
<time>2023-03-17T04:25:40Z</time>
</trkpt>
<trkpt lat="24.4442964" lon="121.0832103">
<ele>1956.02</ele>
<time>2023-03-17T04:25:50Z</time>
</trkpt>
<trkpt lat="24.4443017" lon="121.0832615">
<ele>1948.95</ele>
<time>2023-03-17T04:26:06Z</time>
</trkpt>
<trkpt lat="24.4443461" lon="121.0832971">
<ele>1947.89</ele>
<time>2023-03-17T04:26:12Z</time>
</trkpt>
<trkpt lat="24.4443232" lon="121.0833454">
<ele>1946.09</ele>
<time>2023-03-17T04:26:24Z</time>
</trkpt>
<trkpt lat="24.4442808" lon="121.0833676">
<ele>1944.45</ele>
<time>2023-03-17T04:26:32Z</time>
</trkpt>
<trkpt lat="24.4442459" lon="121.0833267">
<ele>1939.74</ele>
<time>2023-03-17T04:27:00Z</time>
</trkpt>
<trkpt lat="24.4442650" lon="121.0833727">
<ele>1935.43</ele>
<time>2023-03-17T04:27:16Z</time>
</trkpt>
<trkpt lat="24.4442050" lon="121.0833782">
<ele>1937.14</ele>
<time>2023-03-17T04:27:22Z</time>
</trkpt>
<trkpt lat="24.4441685" lon="121.0834217">
<ele>1935.96</ele>
<time>2023-03-17T04:27:36Z</time>
</trkpt>
<trkpt lat="24.4441540" lon="121.0834780">
<ele>1929.78</ele>
<time>2023-03-17T04:27:50Z</time>
</trkpt>
<trkpt lat="24.4441594" lon="121.0835427">
<ele>1925.82</ele>
<time>2023-03-17T04:28:02Z</time>
</trkpt>
<trkpt lat="24.4441310" lon="121.0835876">
<ele>1923.24</ele>
<time>2023-03-17T04:28:10Z</time>
</trkpt>
<trkpt lat="24.4440877" lon="121.0835695">
<ele>1909.72</ele>
<time>2023-03-17T04:29:05Z</time>
</trkpt>
<trkpt lat="24.4440721" lon="121.0836165">
<ele>1913.00</ele>
<time>2023-03-17T04:29:10Z</time>
</trkpt>
<trkpt lat="24.4440993" lon="121.0836558">
<ele>1911.08</ele>
<time>2023-03-17T04:29:42Z</time>
</trkpt>
<trkpt lat="24.4440607" lon="121.0836849">
<ele>1909.25</ele>
<time>2023-03-17T04:29:54Z</time>
</trkpt>
<trkpt lat="24.4440142" lon="121.0836533">
<ele>1907.66</ele>
<time>2023-03-17T04:30:06Z</time>
</trkpt>
<trkpt lat="24.4440045" lon="121.0837021">
<ele>1904.39</ele>
<time>2023-03-17T04:30:18Z</time>
</trkpt>
<trkpt lat="24.4439617" lon="121.0837198">
<ele>1906.82</ele>
<time>2023-03-17T04:30:22Z</time>
</trkpt>
<trkpt lat="24.4439317" lon="121.0837574">
<ele>1902.29</ele>
<time>2023-03-17T04:30:44Z</time>
</trkpt>
<trkpt lat="24.4439311" lon="121.0838096">
<ele>1900.04</ele>
<time>2023-03-17T04:30:56Z</time>
</trkpt>
<trkpt lat="24.4438861" lon="121.0838226">
<ele>1899.01</ele>
<time>2023-03-17T04:31:06Z</time>
</trkpt>
<trkpt lat="24.4438361" lon="121.0838284">
<ele>1898.16</ele>
<time>2023-03-17T04:31:18Z</time>
</trkpt>
<trkpt lat="24.4438427" lon="121.0837690">
<ele>1892.36</ele>
<time>2023-03-17T04:31:34Z</time>
</trkpt>
<trkpt lat="24.4438687" lon="121.0838188">
<ele>1883.40</ele>
<time>2023-03-17T04:31:52Z</time>
</trkpt>
<trkpt lat="24.4438779" lon="121.0838706">
<ele>1884.84</ele>
<time>2023-03-17T04:31:58Z</time>
</trkpt>
<trkpt lat="24.4438701" lon="121.0839232">
<ele>1884.70</ele>
<time>2023-03-17T04:32:04Z</time>
</trkpt>
<trkpt lat="24.4438828" lon="121.0839764">
<ele>1884.56</ele>
<time>2023-03-17T04:32:12Z</time>
</trkpt>
<trkpt lat="24.4438941" lon="121.0840286">
<ele>1881.08</ele>
<time>2023-03-17T04:32:22Z</time>
</trkpt>
<trkpt lat="24.4439051" lon="121.0840765">
<ele>1878.13</ele>
<time>2023-03-17T04:32:34Z</time>
</trkpt>
<trkpt lat="24.4439014" lon="121.0841327">
<ele>1878.50</ele>
<time>2023-03-17T04:32:44Z</time>
</trkpt>
<trkpt lat="24.4439046" lon="121.0841822">
<ele>1875.37</ele>
<time>2023-03-17T04:32:52Z</time>
</trkpt>
<trkpt lat="24.4438685" lon="121.0842149">
<ele>1870.22</ele>
<time>2023-03-17T04:33:02Z</time>
</trkpt>
<trkpt lat="24.4438726" lon="121.0842642">
<ele>1868.43</ele>
<time>2023-03-17T04:33:12Z</time>
</trkpt>
<trkpt lat="24.4438286" lon="121.0842908">
<ele>1867.50</ele>
<time>2023-03-17T04:33:24Z</time>
</trkpt>
<trkpt lat="24.4438084" lon="121.0843419">
<ele>1865.84</ele>
<time>2023-03-17T04:33:32Z</time>
</trkpt>
<trkpt lat="24.4437638" lon="121.0843507">
<ele>1867.27</ele>
<time>2023-03-17T04:33:40Z</time>
</trkpt>
<trkpt lat="24.4437461" lon="121.0843962">
<ele>1864.64</ele>
<time>2023-03-17T04:33:48Z</time>
</trkpt>
<trkpt lat="24.4437936" lon="121.0843762">
<ele>1861.07</ele>
<time>2023-03-17T04:34:02Z</time>
</trkpt>
<trkpt lat="24.4437509" lon="121.0843983">
<ele>1858.25</ele>
<time>2023-03-17T04:34:24Z</time>
</trkpt>
<trkpt lat="24.4438057" lon="121.0844019">
<ele>1855.39</ele>
<time>2023-03-17T04:34:34Z</time>
</trkpt>
<trkpt lat="24.4437876" lon="121.0844475">
<ele>1852.91</ele>
<time>2023-03-17T04:34:46Z</time>
</trkpt>
<trkpt lat="24.4437490" lon="121.0844910">
<ele>1850.91</ele>
<time>2023-03-17T04:35:16Z</time>
</trkpt>
<trkpt lat="24.4437986" lon="121.0845055">
<ele>1847.06</ele>
<time>2023-03-17T04:35:26Z</time>
</trkpt>
<trkpt lat="24.4438275" lon="121.0845495">
<ele>1844.27</ele>
<time>2023-03-17T04:35:38Z</time>
</trkpt>
<trkpt lat="24.4438177" lon="121.0846005">
<ele>1843.68</ele>
<time>2023-03-17T04:35:52Z</time>
</trkpt>
<trkpt lat="24.4438340" lon="121.0846484">
<ele>1839.40</ele>
<time>2023-03-17T04:36:08Z</time>
</trkpt>
<trkpt lat="24.4438843" lon="121.0846680">
<ele>1838.11</ele>
<time>2023-03-17T04:36:36Z</time>
</trkpt>
<trkpt lat="24.4439182" lon="121.0847052">
<ele>1837.45</ele>
<time>2023-03-17T04:36:44Z</time>
</trkpt>
<trkpt lat="24.4439324" lon="121.0847611">
<ele>1835.07</ele>
<time>2023-03-17T04:36:58Z</time>
</trkpt>
<trkpt lat="24.4438843" lon="121.0847759">
<ele>1833.48</ele>
<time>2023-03-17T04:37:04Z</time>
</trkpt>
<trkpt lat="24.4438377" lon="121.0848083">
<ele>1830.42</ele>
<time>2023-03-17T04:37:20Z</time>
</trkpt>
<trkpt lat="24.4438166" lon="121.0848570">
<ele>1826.28</ele>
<time>2023-03-17T04:37:42Z</time>
</trkpt>
<trkpt lat="24.4438091" lon="121.0847847">
<ele>1814.95</ele>
<time>2023-03-17T04:37:57Z</time>
</trkpt>
<trkpt lat="24.4438552" lon="121.0847923">
<ele>1821.17</ele>
<time>2023-03-17T04:38:21Z</time>
</trkpt>
<trkpt lat="24.4438619" lon="121.0848418">
<ele>1823.75</ele>
<time>2023-03-17T04:38:29Z</time>
</trkpt>
<trkpt lat="24.4438491" lon="121.0848928">
<ele>1823.60</ele>
<time>2023-03-17T04:38:37Z</time>
</trkpt>
<trkpt lat="24.4438632" lon="121.0849399">
<ele>1819.51</ele>
<time>2023-03-17T04:38:47Z</time>
</trkpt>
<trkpt lat="24.4438214" lon="121.0849711">
<ele>1816.41</ele>
<time>2023-03-17T04:38:55Z</time>
</trkpt>
<trkpt lat="24.4438363" lon="121.0850312">
<ele>1814.52</ele>
<time>2023-03-17T04:39:04Z</time>
</trkpt>
<trkpt lat="24.4438608" lon="121.0850870">
<ele>1813.43</ele>
<time>2023-03-17T04:39:15Z</time>
</trkpt>
<trkpt lat="24.4438531" lon="121.0851375">
<ele>1809.87</ele>
<time>2023-03-17T04:39:23Z</time>
</trkpt>
<trkpt lat="24.4438840" lon="121.0851799">
<ele>1808.54</ele>
<time>2023-03-17T04:39:31Z</time>
</trkpt>
<trkpt lat="24.4439122" lon="121.0852202">
<ele>1804.39</ele>
<time>2023-03-17T04:39:43Z</time>
</trkpt>
<trkpt lat="24.4438957" lon="121.0852787">
<ele>1802.94</ele>
<time>2023-03-17T04:39:53Z</time>
</trkpt>
<trkpt lat="24.4439208" lon="121.0853393">
<ele>1801.47</ele>
<time>2023-03-17T04:40:11Z</time>
</trkpt>
<trkpt lat="24.4439292" lon="121.0853929">
<ele>1797.67</ele>
<time>2023-03-17T04:40:21Z</time>
</trkpt>
<trkpt lat="24.4439654" lon="121.0854257">
<ele>1795.46</ele>
<time>2023-03-17T04:40:29Z</time>
</trkpt>
<trkpt lat="24.4439796" lon="121.0854743">
<ele>1794.68</ele>
<time>2023-03-17T04:40:37Z</time>
</trkpt>
<trkpt lat="24.4439605" lon="121.0855237">
<ele>1793.77</ele>
<time>2023-03-17T04:40:43Z</time>
</trkpt>
<trkpt lat="24.4439162" lon="121.0855602">
<ele>1792.87</ele>
<time>2023-03-17T04:40:53Z</time>
</trkpt>
<trkpt lat="24.4438737" lon="121.0855849">
<ele>1794.88</ele>
<time>2023-03-17T04:41:01Z</time>
</trkpt>
<trkpt lat="24.4439061" lon="121.0856421">
<ele>1789.98</ele>
<time>2023-03-17T04:42:13Z</time>
</trkpt>
<trkpt lat="24.4439053" lon="121.0856955">
<ele>1789.69</ele>
<time>2023-03-17T04:42:20Z</time>
</trkpt>
<trkpt lat="24.4439077" lon="121.0857486">
<ele>1789.49</ele>
<time>2023-03-17T04:42:25Z</time>
</trkpt>
<trkpt lat="24.4439000" lon="121.0858041">
<ele>1790.85</ele>
<time>2023-03-17T04:42:31Z</time>
</trkpt>
<trkpt lat="24.4439120" lon="121.0858642">
<ele>1791.84</ele>
<time>2023-03-17T04:42:41Z</time>
</trkpt>
<trkpt lat="24.4439171" lon="121.0859136">
<ele>1789.87</ele>
<time>2023-03-17T04:42:53Z</time>
</trkpt>
<trkpt lat="24.4439335" lon="121.0859625">
<ele>1788.41</ele>
<time>2023-03-17T04:42:59Z</time>
</trkpt>
<trkpt lat="24.4439232" lon="121.0860211">
<ele>1789.84</ele>
<time>2023-03-17T04:43:07Z</time>
</trkpt>
<trkpt lat="24.4439234" lon="121.0860830">
<ele>1788.75</ele>
<time>2023-03-17T04:43:15Z</time>
</trkpt>
<trkpt lat="24.4439058" lon="121.0861474">
<ele>1790.05</ele>
<time>2023-03-17T04:43:23Z</time>
</trkpt>
<trkpt lat="24.4439193" lon="121.0862001">
<ele>1789.53</ele>
<time>2023-03-17T04:43:31Z</time>
</trkpt>
<trkpt lat="24.4439496" lon="121.0862515">
<ele>1787.79</ele>
<time>2023-03-17T04:43:39Z</time>
</trkpt>
<trkpt lat="24.4439135" lon="121.0862922">
<ele>1786.73</ele>
<time>2023-03-17T04:43:47Z</time>
</trkpt>
<trkpt lat="24.4439274" lon="121.0863452">
<ele>1785.90</ele>
<time>2023-03-17T04:43:55Z</time>
</trkpt>
<trkpt lat="24.4438891" lon="121.0863800">
<ele>1785.49</ele>
<time>2023-03-17T04:44:03Z</time>
</trkpt>
<trkpt lat="24.4439064" lon="121.0864306">
<ele>1781.92</ele>
<time>2023-03-17T04:44:17Z</time>
</trkpt>
<trkpt lat="24.4438662" lon="121.0864558">
<ele>1781.69</ele>
<time>2023-03-17T04:44:25Z</time>
</trkpt>
<trkpt lat="24.4438837" lon="121.0865199">
<ele>1775.41</ele>
<time>2023-03-17T04:44:43Z</time>
</trkpt>
<trkpt lat="24.4438831" lon="121.0865876">
<ele>1770.97</ele>
<time>2023-03-17T04:45:15Z</time>
</trkpt>
<trkpt lat="24.4438608" lon="121.0866328">
<ele>1771.91</ele>
<time>2023-03-17T04:45:19Z</time>
</trkpt>
<trkpt lat="24.4438323" lon="121.0866725">
<ele>1771.89</ele>
<time>2023-03-17T04:45:25Z</time>
</trkpt>
<trkpt lat="24.4438194" lon="121.0867352">
<ele>1772.71</ele>
<time>2023-03-17T04:45:35Z</time>
</trkpt>
<trkpt lat="24.4438218" lon="121.0867977">
<ele>1771.40</ele>
<time>2023-03-17T04:45:43Z</time>
</trkpt>
<trkpt lat="24.4438542" lon="121.0868495">
<ele>1772.44</ele>
<time>2023-03-17T04:45:51Z</time>
</trkpt>
<trkpt lat="24.4438505" lon="121.0869054">
<ele>1772.66</ele>
<time>2023-03-17T04:45:57Z</time>
</trkpt>
<trkpt lat="24.4438689" lon="121.0869518">
<ele>1771.63</ele>
<time>2023-03-17T04:46:17Z</time>
</trkpt>
<trkpt lat="24.4438573" lon="121.0870146">
<ele>1768.85</ele>
<time>2023-03-17T04:46:27Z</time>
</trkpt>
<trkpt lat="24.4438648" lon="121.0870683">
<ele>1767.86</ele>
<time>2023-03-17T04:46:35Z</time>
</trkpt>
<trkpt lat="24.4438862" lon="121.0871177">
<ele>1763.96</ele>
<time>2023-03-17T04:46:43Z</time>
</trkpt>
<trkpt lat="24.4438881" lon="121.0871748">
<ele>1763.86</ele>
<time>2023-03-17T04:46:57Z</time>
</trkpt>
<trkpt lat="24.4439122" lon="121.0871258">
<ele>1761.50</ele>
<time>2023-03-17T04:47:03Z</time>
</trkpt>
<trkpt lat="24.4439068" lon="121.0871758">
<ele>1759.82</ele>
<time>2023-03-17T04:47:43Z</time>
</trkpt>
<trkpt lat="24.4439212" lon="121.0872249">
<ele>1760.62</ele>
<time>2023-03-17T04:47:59Z</time>
</trkpt>
<trkpt lat="24.4439470" lon="121.0872660">
<ele>1756.04</ele>
<time>2023-03-17T04:48:47Z</time>
</trkpt>
<trkpt lat="24.4439782" lon="121.0873156">
<ele>1751.41</ele>
<time>2023-03-17T04:49:23Z</time>
</trkpt>
<trkpt lat="24.4439866" lon="121.0873685">
<ele>1751.76</ele>
<time>2023-03-17T04:50:09Z</time>
</trkpt>
<trkpt lat="24.4440139" lon="121.0874099">
<ele>1749.59</ele>
<time>2023-03-17T04:50:23Z</time>
</trkpt>
<trkpt lat="24.4440684" lon="121.0874155">
<ele>1747.77</ele>
<time>2023-03-17T04:50:31Z</time>
</trkpt>
<trkpt lat="24.4440835" lon="121.0874635">
<ele>1744.48</ele>
<time>2023-03-17T04:50:45Z</time>
</trkpt>
<trkpt lat="24.4441002" lon="121.0875190">
<ele>1742.42</ele>
<time>2023-03-17T04:50:55Z</time>
</trkpt>
<trkpt lat="24.4440895" lon="121.0875688">
<ele>1741.91</ele>
<time>2023-03-17T04:51:07Z</time>
</trkpt>
<trkpt lat="24.4441217" lon="121.0876045">
<ele>1740.29</ele>
<time>2023-03-17T04:51:15Z</time>
</trkpt>
<trkpt lat="24.4441148" lon="121.0876600">
<ele>1734.81</ele>
<time>2023-03-17T04:51:29Z</time>
</trkpt>
<trkpt lat="24.4441138" lon="121.0877159">
<ele>1734.63</ele>
<time>2023-03-17T04:51:37Z</time>
</trkpt>
<trkpt lat="24.4441079" lon="121.0877775">
<ele>1734.86</ele>
<time>2023-03-17T04:51:47Z</time>
</trkpt>
<trkpt lat="24.4441006" lon="121.0878313">
<ele>1733.32</ele>
<time>2023-03-17T04:51:55Z</time>
</trkpt>
<trkpt lat="24.4440865" lon="121.0878807">
<ele>1732.47</ele>
<time>2023-03-17T04:52:03Z</time>
</trkpt>
<trkpt lat="24.4440885" lon="121.0879328">
<ele>1731.47</ele>
<time>2023-03-17T04:52:15Z</time>
</trkpt>
<trkpt lat="24.4441038" lon="121.0879840">
<ele>1728.21</ele>
<time>2023-03-17T04:52:51Z</time>
</trkpt>
<trkpt lat="24.4441217" lon="121.0880320">
<ele>1726.61</ele>
<time>2023-03-17T04:53:01Z</time>
</trkpt>
<trkpt lat="24.4441073" lon="121.0880805">
<ele>1725.22</ele>
<time>2023-03-17T04:53:09Z</time>
</trkpt>
<trkpt lat="24.4440616" lon="121.0880969">
<ele>1724.35</ele>
<time>2023-03-17T04:53:15Z</time>
</trkpt>
<trkpt lat="24.4440717" lon="121.0881472">
<ele>1723.64</ele>
<time>2023-03-17T04:53:23Z</time>
</trkpt>
<trkpt lat="24.4440587" lon="121.0882009">
<ele>1720.22</ele>
<time>2023-03-17T04:53:35Z</time>
</trkpt>
<trkpt lat="24.4440647" lon="121.0882610">
<ele>1718.90</ele>
<time>2023-03-17T04:53:45Z</time>
</trkpt>
<trkpt lat="24.4440784" lon="121.0883255">
<ele>1718.81</ele>
<time>2023-03-17T04:53:57Z</time>
</trkpt>
<trkpt lat="24.4440693" lon="121.0883856">
<ele>1717.76</ele>
<time>2023-03-17T04:54:03Z</time>
</trkpt>
<trkpt lat="24.4441004" lon="121.0884277">
<ele>1716.33</ele>
<time>2023-03-17T04:54:35Z</time>
</trkpt>
<trkpt lat="24.4441155" lon="121.0884976">
<ele>1718.65</ele>
<time>2023-03-17T04:54:51Z</time>
</trkpt>
<trkpt lat="24.4441310" lon="121.0885482">
<ele>1716.63</ele>
<time>2023-03-17T04:55:03Z</time>
</trkpt>
<trkpt lat="24.4441359" lon="121.0886080">
<ele>1712.26</ele>
<time>2023-03-17T04:55:15Z</time>
</trkpt>
<trkpt lat="24.4441313" lon="121.0886572">
<ele>1712.47</ele>
<time>2023-03-17T04:55:23Z</time>
</trkpt>
<trkpt lat="24.4441387" lon="121.0887158">
<ele>1712.99</ele>
<time>2023-03-17T04:55:35Z</time>
</trkpt>
<trkpt lat="24.4441620" lon="121.0887663">
<ele>1713.77</ele>
<time>2023-03-17T04:55:43Z</time>
</trkpt>
<trkpt lat="24.4441557" lon="121.0888236">
<ele>1711.52</ele>
<time>2023-03-17T04:55:51Z</time>
</trkpt>
<trkpt lat="24.4441496" lon="121.0888803">
<ele>1712.20</ele>
<time>2023-03-17T04:55:59Z</time>
</trkpt>
<trkpt lat="24.4441103" lon="121.0889100">
<ele>1710.77</ele>
<time>2023-03-17T04:56:07Z</time>
</trkpt>
<trkpt lat="24.4441326" lon="121.0889575">
<ele>1711.97</ele>
<time>2023-03-17T04:56:21Z</time>
</trkpt>
<trkpt lat="24.4441617" lon="121.0890138">
<ele>1712.10</ele>
<time>2023-03-17T04:56:29Z</time>
</trkpt>
<trkpt lat="24.4441431" lon="121.0890641">
<ele>1711.90</ele>
<time>2023-03-17T04:56:35Z</time>
</trkpt>
<trkpt lat="24.4441695" lon="121.0891049">
<ele>1710.51</ele>
<time>2023-03-17T04:56:41Z</time>
</trkpt>
<trkpt lat="24.4441452" lon="121.0891642">
<ele>1713.51</ele>
<time>2023-03-17T04:56:49Z</time>
</trkpt>
<trkpt lat="24.4441275" lon="121.0892268">
<ele>1713.96</ele>
<time>2023-03-17T04:56:55Z</time>
</trkpt>
<trkpt lat="24.4441168" lon="121.0892834">
<ele>1711.73</ele>
<time>2023-03-17T04:57:03Z</time>
</trkpt>
<trkpt lat="24.4440965" lon="121.0893285">
<ele>1710.60</ele>
<time>2023-03-17T04:57:13Z</time>
</trkpt>
<trkpt lat="24.4440499" lon="121.0893551">
<ele>1710.85</ele>
<time>2023-03-17T04:57:19Z</time>
</trkpt>
<trkpt lat="24.4440176" lon="121.0893955">
<ele>1708.42</ele>
<time>2023-03-17T04:57:27Z</time>
</trkpt>
<trkpt lat="24.4439816" lon="121.0894420">
<ele>1706.38</ele>
<time>2023-03-17T04:57:35Z</time>
</trkpt>
<trkpt lat="24.4439883" lon="121.0895030">
<ele>1702.99</ele>
<time>2023-03-17T04:57:45Z</time>
</trkpt>
<trkpt lat="24.4439887" lon="121.0895610">
<ele>1701.14</ele>
<time>2023-03-17T04:57:53Z</time>
</trkpt>
<trkpt lat="24.4439918" lon="121.0896170">
<ele>1697.33</ele>
<time>2023-03-17T04:58:01Z</time>
</trkpt>
<trkpt lat="24.4439928" lon="121.0896760">
<ele>1698.13</ele>
<time>2023-03-17T04:58:09Z</time>
</trkpt>
<trkpt lat="24.4439954" lon="121.0897394">
<ele>1697.28</ele>
<time>2023-03-17T04:58:17Z</time>
</trkpt>
<trkpt lat="24.4440001" lon="121.0897973">
<ele>1699.63</ele>
<time>2023-03-17T04:58:25Z</time>
</trkpt>
<trkpt lat="24.4439937" lon="121.0898520">
<ele>1697.79</ele>
<time>2023-03-17T04:58:31Z</time>
</trkpt>
<trkpt lat="24.4439781" lon="121.0899062">
<ele>1693.74</ele>
<time>2023-03-17T04:58:49Z</time>
</trkpt>
<trkpt lat="24.4439553" lon="121.0899540">
<ele>1693.78</ele>
<time>2023-03-17T04:58:57Z</time>
</trkpt>
<trkpt lat="24.4439099" lon="121.0899764">
<ele>1692.61</ele>
<time>2023-03-17T04:59:09Z</time>
</trkpt>
<trkpt lat="24.4438793" lon="121.0900148">
<ele>1690.27</ele>
<time>2023-03-17T04:59:21Z</time>
</trkpt>
<trkpt lat="24.4438315" lon="121.0900030">
<ele>1687.91</ele>
<time>2023-03-17T04:59:35Z</time>
</trkpt>
<trkpt lat="24.4437936" lon="121.0900403">
<ele>1686.86</ele>
<time>2023-03-17T04:59:43Z</time>
</trkpt>
<trkpt lat="24.4437962" lon="121.0900991">
<ele>1684.43</ele>
<time>2023-03-17T04:59:51Z</time>
</trkpt>
<trkpt lat="24.4437861" lon="121.0901524">
<ele>1680.74</ele>
<time>2023-03-17T04:59:59Z</time>
</trkpt>
<trkpt lat="24.4437471" lon="121.0901820">
<ele>1674.13</ele>
<time>2023-03-17T05:00:31Z</time>
</trkpt>
<trkpt lat="24.4437021" lon="121.0901713">
<ele>1675.06</ele>
<time>2023-03-17T05:00:37Z</time>
</trkpt>
<trkpt lat="24.4437036" lon="121.0902289">
<ele>1670.48</ele>
<time>2023-03-17T05:00:45Z</time>
</trkpt>
<trkpt lat="24.4436610" lon="121.0902488">
<ele>1666.28</ele>
<time>2023-03-17T05:01:01Z</time>
</trkpt>
<trkpt lat="24.4436481" lon="121.0902004">
<ele>1667.02</ele>
<time>2023-03-17T05:01:09Z</time>
</trkpt>
<trkpt lat="24.4436183" lon="121.0902413">
<ele>1663.57</ele>
<time>2023-03-17T05:01:31Z</time>
</trkpt>
<trkpt lat="24.4436041" lon="121.0903010">
<ele>1659.27</ele>
<time>2023-03-17T05:01:37Z</time>
</trkpt>
<trkpt lat="24.4435534" lon="121.0903110">
<ele>1659.50</ele>
<time>2023-03-17T05:01:43Z</time>
</trkpt>
<trkpt lat="24.4435655" lon="121.0903595">
<ele>1657.27</ele>
<time>2023-03-17T05:01:49Z</time>
</trkpt>
<trkpt lat="24.4435937" lon="121.0904119">
<ele>1659.61</ele>
<time>2023-03-17T05:01:55Z</time>
</trkpt>
<trkpt lat="24.4435316" lon="121.0904068">
<ele>1654.28</ele>
<time>2023-03-17T05:02:05Z</time>
</trkpt>
<trkpt lat="24.4434868" lon="121.0904261">
<ele>1654.14</ele>
<time>2023-03-17T05:02:15Z</time>
</trkpt>
<trkpt lat="24.4434446" lon="121.0904431">
<ele>1653.76</ele>
<time>2023-03-17T05:02:25Z</time>
</trkpt>
<trkpt lat="24.4434375" lon="121.0904937">
<ele>1652.62</ele>
<time>2023-03-17T05:02:39Z</time>
</trkpt>
<trkpt lat="24.4434480" lon="121.0905429">
<ele>1655.09</ele>
<time>2023-03-17T05:03:53Z</time>
</trkpt>
<trkpt lat="24.4434543" lon="121.0905940">
<ele>1657.80</ele>
<time>2023-03-17T05:04:03Z</time>
</trkpt>
<trkpt lat="24.4434102" lon="121.0906077">
<ele>1657.20</ele>
<time>2023-03-17T05:04:11Z</time>
</trkpt>
<trkpt lat="24.4434134" lon="121.0906632">
<ele>1658.35</ele>
<time>2023-03-17T05:04:19Z</time>
</trkpt>
<trkpt lat="24.4434323" lon="121.0907142">
<ele>1661.63</ele>
<time>2023-03-17T05:04:53Z</time>
</trkpt>
<trkpt lat="24.4434590" lon="121.0907590">
<ele>1664.20</ele>
<time>2023-03-17T05:05:05Z</time>
</trkpt>
<trkpt lat="24.4434351" lon="121.0908039">
<ele>1667.12</ele>
<time>2023-03-17T05:05:59Z</time>
</trkpt>
<trkpt lat="24.4434020" lon="121.0908402">
<ele>1669.50</ele>
<time>2023-03-17T05:06:31Z</time>
</trkpt>
<trkpt lat="24.4434003" lon="121.0908928">
<ele>1669.59</ele>
<time>2023-03-17T05:06:45Z</time>
</trkpt>
<trkpt lat="24.4433671" lon="121.0908475">
<ele>1672.23</ele>
<time>2023-03-17T05:06:53Z</time>
</trkpt>
<trkpt lat="24.4433659" lon="121.0909018">
<ele>1674.01</ele>
<time>2023-03-17T05:07:15Z</time>
</trkpt>
<trkpt lat="24.4433420" lon="121.0909461">
<ele>1681.77</ele>
<time>2023-03-17T05:20:24Z</time>
</trkpt>
<trkpt lat="24.4433345" lon="121.0910026">
<ele>1681.54</ele>
<time>2023-03-17T05:20:32Z</time>
</trkpt>
<trkpt lat="24.4433144" lon="121.0910507">
<ele>1684.29</ele>
<time>2023-03-17T05:20:46Z</time>
</trkpt>
<trkpt lat="24.4433240" lon="121.0911015">
<ele>1686.90</ele>
<time>2023-03-17T05:20:56Z</time>
</trkpt>
<trkpt lat="24.4433002" lon="121.0911550">
<ele>1686.67</ele>
<time>2023-03-17T05:21:12Z</time>
</trkpt>
<trkpt lat="24.4433170" lon="121.0912029">
<ele>1685.97</ele>
<time>2023-03-17T05:21:22Z</time>
</trkpt>
<trkpt lat="24.4432944" lon="121.0912514">
<ele>1686.10</ele>
<time>2023-03-17T05:21:28Z</time>
</trkpt>
<trkpt lat="24.4432743" lon="121.0913068">
<ele>1686.86</ele>
<time>2023-03-17T05:21:36Z</time>
</trkpt>
<trkpt lat="24.4432804" lon="121.0913578">
<ele>1687.36</ele>
<time>2023-03-17T05:21:48Z</time>
</trkpt>
<trkpt lat="24.4432888" lon="121.0914111">
<ele>1687.72</ele>
<time>2023-03-17T05:22:00Z</time>
</trkpt>
<trkpt lat="24.4432943" lon="121.0914690">
<ele>1689.54</ele>
<time>2023-03-17T05:22:10Z</time>
</trkpt>
<trkpt lat="24.4432831" lon="121.0915211">
<ele>1694.05</ele>
<time>2023-03-17T05:22:30Z</time>
</trkpt>
<trkpt lat="24.4433194" lon="121.0915659">
<ele>1696.83</ele>
<time>2023-03-17T05:22:44Z</time>
</trkpt>
<trkpt lat="24.4433140" lon="121.0916213">
<ele>1698.46</ele>
<time>2023-03-17T05:22:58Z</time>
</trkpt>
<trkpt lat="24.4432817" lon="121.0916607">
<ele>1700.69</ele>
<time>2023-03-17T05:23:16Z</time>
</trkpt>
<trkpt lat="24.4432501" lon="121.0917068">
<ele>1702.35</ele>
<time>2023-03-17T05:23:32Z</time>
</trkpt>
<trkpt lat="24.4432013" lon="121.0917247">
<ele>1702.55</ele>
<time>2023-03-17T05:23:42Z</time>
</trkpt>
<trkpt lat="24.4431511" lon="121.0917301">
<ele>1704.18</ele>
<time>2023-03-17T05:23:50Z</time>
</trkpt>
<trkpt lat="24.4431127" lon="121.0917622">
<ele>1705.94</ele>
<time>2023-03-17T05:23:56Z</time>
</trkpt>
<trkpt lat="24.4431145" lon="121.0918181">
<ele>1706.25</ele>
<time>2023-03-17T05:24:04Z</time>
</trkpt>
<trkpt lat="24.4431319" lon="121.0918715">
<ele>1707.46</ele>
<time>2023-03-17T05:24:14Z</time>
</trkpt>
<trkpt lat="24.4431594" lon="121.0919151">
<ele>1706.94</ele>
<time>2023-03-17T05:24:26Z</time>
</trkpt>
<trkpt lat="24.4431147" lon="121.0919402">
<ele>1702.94</ele>
<time>2023-03-17T05:24:38Z</time>
</trkpt>
<trkpt lat="24.4430713" lon="121.0919739">
<ele>1700.37</ele>
<time>2023-03-17T05:24:48Z</time>
</trkpt>
<trkpt lat="24.4430133" lon="121.0919831">
<ele>1699.65</ele>
<time>2023-03-17T05:24:56Z</time>
</trkpt>
<trkpt lat="24.4429736" lon="121.0920112">
<ele>1699.75</ele>
<time>2023-03-17T05:25:04Z</time>
</trkpt>
<trkpt lat="24.4429518" lon="121.0920627">
<ele>1698.98</ele>
<time>2023-03-17T05:25:12Z</time>
</trkpt>
<trkpt lat="24.4429144" lon="121.0920987">
<ele>1695.52</ele>
<time>2023-03-17T05:25:26Z</time>
</trkpt>
<trkpt lat="24.4428803" lon="121.0921340">
<ele>1690.91</ele>
<time>2023-03-17T05:25:40Z</time>
</trkpt>
<trkpt lat="24.4428527" lon="121.0921731">
<ele>1688.88</ele>
<time>2023-03-17T05:25:48Z</time>
</trkpt>
<trkpt lat="24.4428225" lon="121.0922139">
<ele>1686.52</ele>
<time>2023-03-17T05:25:58Z</time>
</trkpt>
<trkpt lat="24.4427962" lon="121.0922558">
<ele>1685.08</ele>
<time>2023-03-17T05:26:10Z</time>
</trkpt>
<trkpt lat="24.4427795" lon="121.0923037">
<ele>1684.74</ele>
<time>2023-03-17T05:26:34Z</time>
</trkpt>
<trkpt lat="24.4427329" lon="121.0923153">
<ele>1683.10</ele>
<time>2023-03-17T05:26:48Z</time>
</trkpt>
<trkpt lat="24.4427180" lon="121.0923659">
<ele>1680.82</ele>
<time>2023-03-17T05:28:22Z</time>
</trkpt>
<trkpt lat="24.4426982" lon="121.0924208">
<ele>1677.36</ele>
<time>2023-03-17T05:28:40Z</time>
</trkpt>
<trkpt lat="24.4427092" lon="121.0924730">
<ele>1674.00</ele>
<time>2023-03-17T05:28:48Z</time>
</trkpt>
<trkpt lat="24.4426810" lon="121.0925204">
<ele>1674.56</ele>
<time>2023-03-17T05:28:54Z</time>
</trkpt>
<trkpt lat="24.4426385" lon="121.0925560">
<ele>1669.90</ele>
<time>2023-03-17T05:29:02Z</time>
</trkpt>
<trkpt lat="24.4426593" lon="121.0926057">
<ele>1672.22</ele>
<time>2023-03-17T05:29:08Z</time>
</trkpt>
<trkpt lat="24.4426220" lon="121.0926410">
<ele>1670.08</ele>
<time>2023-03-17T05:29:16Z</time>
</trkpt>
<trkpt lat="24.4425879" lon="121.0926872">
<ele>1668.98</ele>
<time>2023-03-17T05:29:28Z</time>
</trkpt>
<trkpt lat="24.4425434" lon="121.0927194">
<ele>1669.03</ele>
<time>2023-03-17T05:29:36Z</time>
</trkpt>
<trkpt lat="24.4425047" lon="121.0927527">
<ele>1668.85</ele>
<time>2023-03-17T05:29:44Z</time>
</trkpt>
<trkpt lat="24.4424593" lon="121.0927779">
<ele>1667.24</ele>
<time>2023-03-17T05:29:54Z</time>
</trkpt>
<trkpt lat="24.4424339" lon="121.0928194">
<ele>1666.39</ele>
<time>2023-03-17T05:30:04Z</time>
</trkpt>
<trkpt lat="24.4424187" lon="121.0928761">
<ele>1667.34</ele>
<time>2023-03-17T05:30:16Z</time>
</trkpt>
<trkpt lat="24.4423775" lon="121.0929121">
<ele>1667.08</ele>
<time>2023-03-17T05:30:24Z</time>
</trkpt>
<trkpt lat="24.4423511" lon="121.0929579">
<ele>1667.40</ele>
<time>2023-03-17T05:30:32Z</time>
</trkpt>
<trkpt lat="24.4422972" lon="121.0929874">
<ele>1666.95</ele>
<time>2023-03-17T05:30:40Z</time>
</trkpt>
<trkpt lat="24.4422460" lon="121.0929817">
<ele>1667.20</ele>
<time>2023-03-17T05:30:48Z</time>
</trkpt>
<trkpt lat="24.4422622" lon="121.0930371">
<ele>1666.40</ele>
<time>2023-03-17T05:30:56Z</time>
</trkpt>
<trkpt lat="24.4422432" lon="121.0930920">
<ele>1663.87</ele>
<time>2023-03-17T05:31:04Z</time>
</trkpt>
<trkpt lat="24.4422151" lon="121.0931409">
<ele>1662.51</ele>
<time>2023-03-17T05:31:12Z</time>
</trkpt>
<trkpt lat="24.4421822" lon="121.0931769">
<ele>1660.36</ele>
<time>2023-03-17T05:31:20Z</time>
</trkpt>
<trkpt lat="24.4421994" lon="121.0932281">
<ele>1658.66</ele>
<time>2023-03-17T05:31:32Z</time>
</trkpt>
<trkpt lat="24.4422083" lon="121.0932826">
<ele>1657.37</ele>
<time>2023-03-17T05:31:38Z</time>
</trkpt>
<trkpt lat="24.4421870" lon="121.0933367">
<ele>1653.89</ele>
<time>2023-03-17T05:31:48Z</time>
</trkpt>
<trkpt lat="24.4421743" lon="121.0933861">
<ele>1651.57</ele>
<time>2023-03-17T05:31:58Z</time>
</trkpt>
<trkpt lat="24.4421965" lon="121.0934372">
<ele>1651.31</ele>
<time>2023-03-17T05:32:08Z</time>
</trkpt>
<trkpt lat="24.4421604" lon="121.0934790">
<ele>1648.37</ele>
<time>2023-03-17T05:32:16Z</time>
</trkpt>
<trkpt lat="24.4421602" lon="121.0935322">
<ele>1646.53</ele>
<time>2023-03-17T05:32:22Z</time>
</trkpt>
<trkpt lat="24.4421862" lon="121.0935781">
<ele>1644.69</ele>
<time>2023-03-17T05:32:32Z</time>
</trkpt>
<trkpt lat="24.4421737" lon="121.0936282">
<ele>1641.65</ele>
<time>2023-03-17T05:32:44Z</time>
</trkpt>
<trkpt lat="24.4422019" lon="121.0936830">
<ele>1640.92</ele>
<time>2023-03-17T05:32:56Z</time>
</trkpt>
<trkpt lat="24.4421658" lon="121.0937359">
<ele>1636.20</ele>
<time>2023-03-17T05:33:14Z</time>
</trkpt>
<trkpt lat="24.4421512" lon="121.0937869">
<ele>1632.24</ele>
<time>2023-03-17T05:33:26Z</time>
</trkpt>
<trkpt lat="24.4421821" lon="121.0938336">
<ele>1630.94</ele>
<time>2023-03-17T05:33:34Z</time>
</trkpt>
<trkpt lat="24.4421592" lon="121.0938814">
<ele>1630.28</ele>
<time>2023-03-17T05:33:42Z</time>
</trkpt>
<trkpt lat="24.4421234" lon="121.0939155">
<ele>1625.68</ele>
<time>2023-03-17T05:33:54Z</time>
</trkpt>
<trkpt lat="24.4421228" lon="121.0939684">
<ele>1624.73</ele>
<time>2023-03-17T05:34:04Z</time>
</trkpt>
<trkpt lat="24.4421238" lon="121.0940270">
<ele>1624.16</ele>
<time>2023-03-17T05:34:14Z</time>
</trkpt>
<trkpt lat="24.4420823" lon="121.0940548">
<ele>1619.03</ele>
<time>2023-03-17T05:34:30Z</time>
</trkpt>
<trkpt lat="24.4420773" lon="121.0941105">
<ele>1613.54</ele>
<time>2023-03-17T05:34:42Z</time>
</trkpt>
<trkpt lat="24.4420538" lon="121.0941570">
<ele>1610.80</ele>
<time>2023-03-17T05:34:54Z</time>
</trkpt>
<trkpt lat="24.4420454" lon="121.0942172">
<ele>1608.73</ele>
<time>2023-03-17T05:35:08Z</time>
</trkpt>
<trkpt lat="24.4420693" lon="121.0942689">
<ele>1603.28</ele>
<time>2023-03-17T05:35:18Z</time>
</trkpt>
<trkpt lat="24.4420573" lon="121.0943181">
<ele>1603.55</ele>
<time>2023-03-17T05:35:26Z</time>
</trkpt>
<trkpt lat="24.4420770" lon="121.0943815">
<ele>1602.88</ele>
<time>2023-03-17T05:35:38Z</time>
</trkpt>
<trkpt lat="24.4421061" lon="121.0944277">
<ele>1596.97</ele>
<time>2023-03-17T05:35:52Z</time>
</trkpt>
<trkpt lat="24.4420864" lon="121.0944725">
<ele>1595.69</ele>
<time>2023-03-17T05:36:16Z</time>
</trkpt>
<trkpt lat="24.4420398" lon="121.0944825">
<ele>1587.25</ele>
<time>2023-03-17T05:36:46Z</time>
</trkpt>
<trkpt lat="24.4420159" lon="121.0945306">
<ele>1580.39</ele>
<time>2023-03-17T05:37:22Z</time>
</trkpt>
<trkpt lat="24.4419701" lon="121.0945340">
<ele>1580.85</ele>
<time>2023-03-17T05:37:32Z</time>
</trkpt>
<trkpt lat="24.4419735" lon="121.0945843">
<ele>1577.59</ele>
<time>2023-03-17T05:37:44Z</time>
</trkpt>
<trkpt lat="24.4419294" lon="121.0945570">
<ele>1576.31</ele>
<time>2023-03-17T05:38:28Z</time>
</trkpt>
<trkpt lat="24.4418760" lon="121.0945877">
<ele>1576.41</ele>
<time>2023-03-17T05:38:36Z</time>
</trkpt>
<trkpt lat="24.4418955" lon="121.0946441">
<ele>1570.00</ele>
<time>2023-03-17T05:38:55Z</time>
</trkpt>
<trkpt lat="24.4419261" lon="121.0946829">
<ele>1569.43</ele>
<time>2023-03-17T05:39:01Z</time>
</trkpt>
<trkpt lat="24.4419556" lon="121.0947310">
<ele>1568.72</ele>
<time>2023-03-17T05:39:08Z</time>
</trkpt>
<trkpt lat="24.4419073" lon="121.0947386">
<ele>1566.11</ele>
<time>2023-03-17T05:39:16Z</time>
</trkpt>
<trkpt lat="24.4419278" lon="121.0947894">
<ele>1564.28</ele>
<time>2023-03-17T05:39:26Z</time>
</trkpt>
<trkpt lat="24.4418877" lon="121.0948204">
<ele>1556.80</ele>
<time>2023-03-17T05:39:44Z</time>
</trkpt>
<trkpt lat="24.4419074" lon="121.0948651">
<ele>1556.39</ele>
<time>2023-03-17T05:39:53Z</time>
</trkpt>
<trkpt lat="24.4418760" lon="121.0949337">
<ele>1551.48</ele>
<time>2023-03-17T05:40:11Z</time>
</trkpt>
<trkpt lat="24.4418398" lon="121.0949725">
<ele>1549.83</ele>
<time>2023-03-17T05:40:21Z</time>
</trkpt>
<trkpt lat="24.4418113" lon="121.0950233">
<ele>1544.98</ele>
<time>2023-03-17T05:40:32Z</time>
</trkpt>
<trkpt lat="24.4417760" lon="121.0950578">
<ele>1543.65</ele>
<time>2023-03-17T05:40:41Z</time>
</trkpt>
<trkpt lat="24.4417734" lon="121.0951092">
<ele>1542.70</ele>
<time>2023-03-17T05:40:51Z</time>
</trkpt>
<trkpt lat="24.4417682" lon="121.0951602">
<ele>1542.16</ele>
<time>2023-03-17T05:40:57Z</time>
</trkpt>
<trkpt lat="24.4417565" lon="121.0952169">
<ele>1539.87</ele>
<time>2023-03-17T05:41:07Z</time>
</trkpt>
<trkpt lat="24.4417283" lon="121.0952626">
<ele>1538.51</ele>
<time>2023-03-17T05:41:15Z</time>
</trkpt>
<trkpt lat="24.4417153" lon="121.0953132">
<ele>1535.53</ele>
<time>2023-03-17T05:41:23Z</time>
</trkpt>
<trkpt lat="24.4417092" lon="121.0953633">
<ele>1535.88</ele>
<time>2023-03-17T05:41:31Z</time>
</trkpt>
<trkpt lat="24.4417023" lon="121.0954234">
<ele>1534.91</ele>
<time>2023-03-17T05:41:43Z</time>
</trkpt>
<trkpt lat="24.4416958" lon="121.0954761">
<ele>1529.08</ele>
<time>2023-03-17T05:41:55Z</time>
</trkpt>
<trkpt lat="24.4417165" lon="121.0955255">
<ele>1526.30</ele>
<time>2023-03-17T05:42:09Z</time>
</trkpt>
<trkpt lat="24.4416983" lon="121.0955752">
<ele>1525.06</ele>
<time>2023-03-17T05:42:23Z</time>
</trkpt>
<trkpt lat="24.4416836" lon="121.0956229">
<ele>1521.06</ele>
<time>2023-03-17T05:43:08Z</time>
</trkpt>
<trkpt lat="24.4416630" lon="121.0956683">
<ele>1517.62</ele>
<time>2023-03-17T05:43:29Z</time>
</trkpt>
<trkpt lat="24.4416279" lon="121.0957114">
<ele>1516.70</ele>
<time>2023-03-17T05:43:43Z</time>
</trkpt>
<trkpt lat="24.4416174" lon="121.0957608">
<ele>1516.31</ele>
<time>2023-03-17T05:43:55Z</time>
</trkpt>
<trkpt lat="24.4416596" lon="121.0957818">
<ele>1510.62</ele>
<time>2023-03-17T05:44:21Z</time>
</trkpt>
<trkpt lat="24.4416631" lon="121.0958334">
<ele>1508.36</ele>
<time>2023-03-17T05:44:35Z</time>
</trkpt>
<trkpt lat="24.4416678" lon="121.0958869">
<ele>1506.88</ele>
<time>2023-03-17T05:44:47Z</time>
</trkpt>
<trkpt lat="24.4416262" lon="121.0959061">
<ele>1500.59</ele>
<time>2023-03-17T05:45:19Z</time>
</trkpt>
<trkpt lat="24.4416413" lon="121.0959581">
<ele>1495.15</ele>
<time>2023-03-17T05:45:31Z</time>
</trkpt>
<trkpt lat="24.4416358" lon="121.0960087">
<ele>1492.56</ele>
<time>2023-03-17T05:45:43Z</time>
</trkpt>
<trkpt lat="24.4415902" lon="121.0960322">
<ele>1491.36</ele>
<time>2023-03-17T05:46:07Z</time>
</trkpt>
<trkpt lat="24.4416336" lon="121.0960683">
<ele>1489.95</ele>
<time>2023-03-17T05:47:03Z</time>
</trkpt>
<trkpt lat="24.4416188" lon="121.0961154">
<ele>1489.89</ele>
<time>2023-03-17T05:47:53Z</time>
</trkpt>
<trkpt lat="24.4415764" lon="121.0961409">
<ele>1485.62</ele>
<time>2023-03-17T05:48:09Z</time>
</trkpt>
<trkpt lat="24.4416138" lon="121.0961094">
<ele>1482.23</ele>
<time>2023-03-17T05:48:43Z</time>
</trkpt>
<trkpt lat="24.4416006" lon="121.0961613">
<ele>1479.44</ele>
<time>2023-03-17T05:54:01Z</time>
</trkpt>
<trkpt lat="24.4416115" lon="121.0962120">
<ele>1476.55</ele>
<time>2023-03-17T05:54:35Z</time>
</trkpt>
<trkpt lat="24.4416010" lon="121.0961567">
<ele>1482.26</ele>
<time>2023-03-17T05:55:05Z</time>
</trkpt>
<trkpt lat="24.4416107" lon="121.0961060">
<ele>1484.50</ele>
<time>2023-03-17T05:55:17Z</time>
</trkpt>
<trkpt lat="24.4415854" lon="121.0961470">
<ele>1482.66</ele>
<time>2023-03-17T05:55:53Z</time>
</trkpt>
<trkpt lat="24.4415576" lon="121.0961933">
<ele>1480.89</ele>
<time>2023-03-17T05:56:05Z</time>
</trkpt>
<trkpt lat="24.4415527" lon="121.0962493">
<ele>1478.50</ele>
<time>2023-03-17T05:56:19Z</time>
</trkpt>
<trkpt lat="24.4415350" lon="121.0962983">
<ele>1480.41</ele>
<time>2023-03-17T05:56:39Z</time>
</trkpt>
<trkpt lat="24.4414985" lon="121.0963643">
<ele>1481.15</ele>
<time>2023-03-17T05:59:01Z</time>
</trkpt>
<trkpt lat="24.4415425" lon="121.0963457">
<ele>1477.52</ele>
<time>2023-03-17T05:59:09Z</time>
</trkpt>
<trkpt lat="24.4415181" lon="121.0962952">
<ele>1477.40</ele>
<time>2023-03-17T05:59:25Z</time>
</trkpt>
<trkpt lat="24.4415449" lon="121.0962525">
<ele>1476.89</ele>
<time>2023-03-17T05:59:39Z</time>
</trkpt>
<trkpt lat="24.4415441" lon="121.0963025">
<ele>1479.95</ele>
<time>2023-03-17T06:00:07Z</time>
</trkpt>
<trkpt lat="24.4415707" lon="121.0962585">
<ele>1469.10</ele>
<time>2023-03-17T06:01:27Z</time>
</trkpt>
<trkpt lat="24.4416218" lon="121.0962476">
<ele>1467.00</ele>
<time>2023-03-17T06:01:41Z</time>
</trkpt>
<trkpt lat="24.4416017" lon="121.0962952">
<ele>1468.52</ele>
<time>2023-03-17T06:01:49Z</time>
</trkpt>
<trkpt lat="24.4416010" lon="121.0963545">
<ele>1466.50</ele>
<time>2023-03-17T06:05:27Z</time>
</trkpt>
<trkpt lat="24.4415928" lon="121.0964042">
<ele>1465.60</ele>
<time>2023-03-17T06:05:35Z</time>
</trkpt>
<trkpt lat="24.4415904" lon="121.0964650">
<ele>1463.97</ele>
<time>2023-03-17T06:05:51Z</time>
</trkpt>
<trkpt lat="24.4415556" lon="121.0965138">
<ele>1462.56</ele>
<time>2023-03-17T06:05:59Z</time>
</trkpt>
<trkpt lat="24.4415118" lon="121.0965477">
<ele>1461.86</ele>
<time>2023-03-17T06:06:05Z</time>
</trkpt>
<trkpt lat="24.4414707" lon="121.0965775">
<ele>1460.68</ele>
<time>2023-03-17T06:06:11Z</time>
</trkpt>
<trkpt lat="24.4414211" lon="121.0965939">
<ele>1460.78</ele>
<time>2023-03-17T06:06:17Z</time>
</trkpt>
<trkpt lat="24.4413989" lon="121.0966521">
<ele>1458.47</ele>
<time>2023-03-17T06:06:25Z</time>
</trkpt>
<trkpt lat="24.4413803" lon="121.0967117">
<ele>1459.83</ele>
<time>2023-03-17T06:06:31Z</time>
</trkpt>
<trkpt lat="24.4413353" lon="121.0967359">
<ele>1460.77</ele>
<time>2023-03-17T06:06:35Z</time>
</trkpt>
<trkpt lat="24.4412873" lon="121.0967533">
<ele>1459.81</ele>
<time>2023-03-17T06:06:41Z</time>
</trkpt>
<trkpt lat="24.4412398" lon="121.0967796">
<ele>1459.44</ele>
<time>2023-03-17T06:06:47Z</time>
</trkpt>
<trkpt lat="24.4411881" lon="121.0967815">
<ele>1460.47</ele>
<time>2023-03-17T06:06:53Z</time>
</trkpt>
<trkpt lat="24.4411494" lon="121.0968149">
<ele>1457.04</ele>
<time>2023-03-17T06:07:03Z</time>
</trkpt>
<trkpt lat="24.4410993" lon="121.0968209">
<ele>1457.10</ele>
<time>2023-03-17T06:07:09Z</time>
</trkpt>
<trkpt lat="24.4410518" lon="121.0968514">
<ele>1455.64</ele>
<time>2023-03-17T06:07:17Z</time>
</trkpt>
<trkpt lat="24.4410378" lon="121.0969085">
<ele>1450.92</ele>
<time>2023-03-17T06:07:25Z</time>
</trkpt>
<trkpt lat="24.4409998" lon="121.0969415">
<ele>1449.62</ele>
<time>2023-03-17T06:07:33Z</time>
</trkpt>
<trkpt lat="24.4409543" lon="121.0969345">
<ele>1449.57</ele>
<time>2023-03-17T06:07:39Z</time>
</trkpt>
<trkpt lat="24.4409443" lon="121.0969873">
<ele>1446.91</ele>
<time>2023-03-17T06:07:47Z</time>
</trkpt>
<trkpt lat="24.4409247" lon="121.0970385">
<ele>1444.64</ele>
<time>2023-03-17T06:08:03Z</time>
</trkpt>
<trkpt lat="24.4409449" lon="121.0970939">
<ele>1442.84</ele>
<time>2023-03-17T06:08:17Z</time>
</trkpt>
<trkpt lat="24.4409534" lon="121.0971487">
<ele>1443.71</ele>
<time>2023-03-17T06:08:21Z</time>
</trkpt>
<trkpt lat="24.4409079" lon="121.0971432">
<ele>1439.78</ele>
<time>2023-03-17T06:08:37Z</time>
</trkpt>
<trkpt lat="24.4408526" lon="121.0971595">
<ele>1438.20</ele>
<time>2023-03-17T06:08:53Z</time>
</trkpt>
<trkpt lat="24.4408958" lon="121.0971863">
<ele>1435.17</ele>
<time>2023-03-17T06:09:01Z</time>
</trkpt>
<trkpt lat="24.4409312" lon="121.0972195">
<ele>1434.93</ele>
<time>2023-03-17T06:09:07Z</time>
</trkpt>
<trkpt lat="24.4408697" lon="121.0972272">
<ele>1433.38</ele>
<time>2023-03-17T06:09:15Z</time>
</trkpt>
<trkpt lat="24.4408477" lon="121.0972739">
<ele>1432.44</ele>
<time>2023-03-17T06:09:25Z</time>
</trkpt>
<trkpt lat="24.4407976" lon="121.0972845">
<ele>1425.31</ele>
<time>2023-03-17T06:09:47Z</time>
</trkpt>
<trkpt lat="24.4407543" lon="121.0972992">
<ele>1425.12</ele>
<time>2023-03-17T06:09:53Z</time>
</trkpt>
<trkpt lat="24.4407355" lon="121.0973541">
<ele>1419.87</ele>
<time>2023-03-17T06:10:03Z</time>
</trkpt>
<trkpt lat="24.4406877" lon="121.0973408">
<ele>1417.98</ele>
<time>2023-03-17T06:10:11Z</time>
</trkpt>
<trkpt lat="24.4406534" lon="121.0973766">
<ele>1415.54</ele>
<time>2023-03-17T06:10:19Z</time>
</trkpt>
<trkpt lat="24.4406096" lon="121.0973978">
<ele>1413.70</ele>
<time>2023-03-17T06:10:27Z</time>
</trkpt>
<trkpt lat="24.4406139" lon="121.0974496">
<ele>1413.68</ele>
<time>2023-03-17T06:10:35Z</time>
</trkpt>
<trkpt lat="24.4405575" lon="121.0974630">
<ele>1411.36</ele>
<time>2023-03-17T06:10:45Z</time>
</trkpt>
<trkpt lat="24.4405229" lon="121.0975033">
<ele>1412.25</ele>
<time>2023-03-17T06:10:53Z</time>
</trkpt>
<trkpt lat="24.4404836" lon="121.0975329">
<ele>1409.47</ele>
<time>2023-03-17T06:11:03Z</time>
</trkpt>
<trkpt lat="24.4404526" lon="121.0975702">
<ele>1409.33</ele>
<time>2023-03-17T06:11:11Z</time>
</trkpt>
<trkpt lat="24.4404572" lon="121.0976264">
<ele>1403.40</ele>
<time>2023-03-17T06:11:19Z</time>
</trkpt>
<trkpt lat="24.4404036" lon="121.0976560">
<ele>1400.72</ele>
<time>2023-03-17T06:11:32Z</time>
</trkpt>
<trkpt lat="24.4403717" lon="121.0977255">
<ele>1399.58</ele>
<time>2023-03-17T06:11:40Z</time>
</trkpt>
<trkpt lat="24.4403259" lon="121.0977262">
<ele>1400.93</ele>
<time>2023-03-17T06:11:47Z</time>
</trkpt>
<trkpt lat="24.4402967" lon="121.0977759">
<ele>1394.15</ele>
<time>2023-03-17T06:11:58Z</time>
</trkpt>
<trkpt lat="24.4402519" lon="121.0978086">
<ele>1394.76</ele>
<time>2023-03-17T06:12:07Z</time>
</trkpt>
<trkpt lat="24.4402080" lon="121.0978338">
<ele>1397.06</ele>
<time>2023-03-17T06:12:12Z</time>
</trkpt>
<trkpt lat="24.4401651" lon="121.0978541">
<ele>1393.71</ele>
<time>2023-03-17T06:12:21Z</time>
</trkpt>
<trkpt lat="24.4401187" lon="121.0978916">
<ele>1388.13</ele>
<time>2023-03-17T06:12:40Z</time>
</trkpt>
<trkpt lat="24.4400692" lon="121.0979105">
<ele>1386.66</ele>
<time>2023-03-17T06:12:47Z</time>
</trkpt>
<trkpt lat="24.4400632" lon="121.0979662">
<ele>1385.24</ele>
<time>2023-03-17T06:12:54Z</time>
</trkpt>
<trkpt lat="24.4400794" lon="121.0980179">
<ele>1383.40</ele>
<time>2023-03-17T06:13:00Z</time>
</trkpt>
<trkpt lat="24.4400530" lon="121.0980611">
<ele>1383.26</ele>
<time>2023-03-17T06:13:08Z</time>
</trkpt>
<trkpt lat="24.4400516" lon="121.0981198">
<ele>1379.43</ele>
<time>2023-03-17T06:13:36Z</time>
</trkpt>
<trkpt lat="24.4400311" lon="121.0981693">
<ele>1375.73</ele>
<time>2023-03-17T06:13:42Z</time>
</trkpt>
<trkpt lat="24.4399912" lon="121.0982017">
<ele>1373.88</ele>
<time>2023-03-17T06:13:48Z</time>
</trkpt>
<trkpt lat="24.4399706" lon="121.0982489">
<ele>1372.70</ele>
<time>2023-03-17T06:13:54Z</time>
</trkpt>
<trkpt lat="24.4399997" lon="121.0982901">
<ele>1369.52</ele>
<time>2023-03-17T06:14:02Z</time>
</trkpt>
<trkpt lat="24.4399722" lon="121.0983315">
<ele>1369.30</ele>
<time>2023-03-17T06:14:14Z</time>
</trkpt>
<trkpt lat="24.4399681" lon="121.0983895">
<ele>1366.58</ele>
<time>2023-03-17T06:14:22Z</time>
</trkpt>
<trkpt lat="24.4399196" lon="121.0984346">
<ele>1364.46</ele>
<time>2023-03-17T06:14:40Z</time>
</trkpt>
<trkpt lat="24.4398715" lon="121.0984618">
<ele>1365.33</ele>
<time>2023-03-17T06:14:47Z</time>
</trkpt>
<trkpt lat="24.4398191" lon="121.0984780">
<ele>1365.07</ele>
<time>2023-03-17T06:14:58Z</time>
</trkpt>
<trkpt lat="24.4398793" lon="121.0985237">
<ele>1363.71</ele>
<time>2023-03-17T06:15:05Z</time>
</trkpt>
<trkpt lat="24.4398657" lon="121.0985720">
<ele>1360.22</ele>
<time>2023-03-17T06:15:23Z</time>
</trkpt>
<trkpt lat="24.4398720" lon="121.0985078">
<ele>1346.63</ele>
<time>2023-03-17T06:15:29Z</time>
</trkpt>
<trkpt lat="24.4399074" lon="121.0984700">
<ele>1346.95</ele>
<time>2023-03-17T06:15:44Z</time>
</trkpt>
<trkpt lat="24.4398586" lon="121.0984638">
<ele>1348.12</ele>
<time>2023-03-17T06:17:21Z</time>
</trkpt>
<trkpt lat="24.4398775" lon="121.0985086">
<ele>1343.18</ele>
<time>2023-03-17T06:17:37Z</time>
</trkpt>
<trkpt lat="24.4398475" lon="121.0985492">
<ele>1339.30</ele>
<time>2023-03-17T06:17:55Z</time>
</trkpt>
<trkpt lat="24.4398144" lon="121.0985903">
<ele>1335.72</ele>
<time>2023-03-17T06:18:19Z</time>
</trkpt>
<trkpt lat="24.4398126" lon="121.0985393">
<ele>1337.49</ele>
<time>2023-03-17T06:18:45Z</time>
</trkpt>
<trkpt lat="24.4398573" lon="121.0985273">
<ele>1336.42</ele>
<time>2023-03-17T06:21:01Z</time>
</trkpt>
<trkpt lat="24.4398132" lon="121.0985561">
<ele>1336.01</ele>
<time>2023-03-17T06:21:29Z</time>
</trkpt>
<trkpt lat="24.4397713" lon="121.0985846">
<ele>1334.13</ele>
<time>2023-03-17T06:21:41Z</time>
</trkpt>
<trkpt lat="24.4398000" lon="121.0986244">
<ele>1332.91</ele>
<time>2023-03-17T06:21:49Z</time>
</trkpt>
<trkpt lat="24.4398293" lon="121.0986702">
<ele>1332.50</ele>
<time>2023-03-17T06:23:03Z</time>
</trkpt>
<trkpt lat="24.4398194" lon="121.0987226">
<ele>1330.15</ele>
<time>2023-03-17T06:23:09Z</time>
</trkpt>
<trkpt lat="24.4398023" lon="121.0987785">
<ele>1326.80</ele>
<time>2023-03-17T06:23:37Z</time>
</trkpt>
<trkpt lat="24.4397643" lon="121.0988222">
<ele>1324.26</ele>
<time>2023-03-17T06:23:47Z</time>
</trkpt>
<trkpt lat="24.4397199" lon="121.0988469">
<ele>1321.84</ele>
<time>2023-03-17T06:23:59Z</time>
</trkpt>
<trkpt lat="24.4396631" lon="121.0988731">
<ele>1321.91</ele>
<time>2023-03-17T06:24:09Z</time>
</trkpt>
<trkpt lat="24.4396127" lon="121.0988821">
<ele>1318.78</ele>
<time>2023-03-17T06:24:23Z</time>
</trkpt>
<trkpt lat="24.4395622" lon="121.0988972">
<ele>1315.47</ele>
<time>2023-03-17T06:24:41Z</time>
</trkpt>
<trkpt lat="24.4395864" lon="121.0989392">
<ele>1314.19</ele>
<time>2023-03-17T06:24:47Z</time>
</trkpt>
<trkpt lat="24.4395804" lon="121.0989883">
<ele>1311.79</ele>
<time>2023-03-17T06:25:21Z</time>
</trkpt>
<trkpt lat="24.4396274" lon="121.0989771">
<ele>1307.50</ele>
<time>2023-03-17T06:25:33Z</time>
</trkpt>
<trkpt lat="24.4395938" lon="121.0990130">
<ele>1301.51</ele>
<time>2023-03-17T06:26:29Z</time>
</trkpt>
<trkpt lat="24.4396372" lon="121.0990392">
<ele>1298.74</ele>
<time>2023-03-17T06:26:53Z</time>
</trkpt>
<trkpt lat="24.4396537" lon="121.0990978">
<ele>1299.58</ele>
<time>2023-03-17T06:27:11Z</time>
</trkpt>
<trkpt lat="24.4396118" lon="121.0990795">
<ele>1299.14</ele>
<time>2023-03-17T06:27:17Z</time>
</trkpt>
<trkpt lat="24.4395671" lon="121.0991127">
<ele>1298.23</ele>
<time>2023-03-17T06:27:32Z</time>
</trkpt>
<trkpt lat="24.4395973" lon="121.0991529">
<ele>1296.39</ele>
<time>2023-03-17T06:27:39Z</time>
</trkpt>
<trkpt lat="24.4395816" lon="121.0991999">
<ele>1294.68</ele>
<time>2023-03-17T06:27:55Z</time>
</trkpt>
<trkpt lat="24.4395339" lon="121.0992103">
<ele>1293.13</ele>
<time>2023-03-17T06:28:10Z</time>
</trkpt>
<trkpt lat="24.4395797" lon="121.0992265">
<ele>1284.09</ele>
<time>2023-03-17T06:29:00Z</time>
</trkpt>
<trkpt lat="24.4395538" lon="121.0992898">
<ele>1278.37</ele>
<time>2023-03-17T06:29:02Z</time>
</trkpt>
<trkpt lat="24.4395950" lon="121.0993103">
<ele>1280.64</ele>
<time>2023-03-17T06:29:14Z</time>
</trkpt>
<trkpt lat="24.4396092" lon="121.0992615">
<ele>1280.66</ele>
<time>2023-03-17T06:29:54Z</time>
</trkpt>
<trkpt lat="24.4396334" lon="121.0993051">
<ele>1280.30</ele>
<time>2023-03-17T06:30:06Z</time>
</trkpt>
<trkpt lat="24.4396745" lon="121.0992841">
<ele>1278.13</ele>
<time>2023-03-17T06:30:26Z</time>
</trkpt>
<trkpt lat="24.4396258" lon="121.0992867">
<ele>1275.93</ele>
<time>2023-03-17T06:30:42Z</time>
</trkpt>
<trkpt lat="24.4396724" lon="121.0992435">
<ele>1271.53</ele>
<time>2023-03-17T06:30:56Z</time>
</trkpt>
<trkpt lat="24.4397279" lon="121.0992092">
<ele>1269.86</ele>
<time>2023-03-17T06:31:06Z</time>
</trkpt>
<trkpt lat="24.4397723" lon="121.0992224">
<ele>1273.64</ele>
<time>2023-03-17T06:31:14Z</time>
</trkpt>
<trkpt lat="24.4398187" lon="121.0992453">
<ele>1273.19</ele>
<time>2023-03-17T06:31:32Z</time>
</trkpt>
<trkpt lat="24.4398724" lon="121.0992332">
<ele>1269.14</ele>
<time>2023-03-17T06:32:02Z</time>
</trkpt>
<trkpt lat="24.4399099" lon="121.0992626">
<ele>1271.04</ele>
<time>2023-03-17T06:32:08Z</time>
</trkpt>
<trkpt lat="24.4398661" lon="121.0992862">
<ele>1270.37</ele>
<time>2023-03-17T06:32:14Z</time>
</trkpt>
<trkpt lat="24.4399138" lon="121.0992608">
<ele>1266.42</ele>
<time>2023-03-17T06:32:26Z</time>
</trkpt>
<trkpt lat="24.4398757" lon="121.0992891">
<ele>1264.01</ele>
<time>2023-03-17T06:33:44Z</time>
</trkpt>
<trkpt lat="24.4398390" lon="121.0993267">
<ele>1264.59</ele>
<time>2023-03-17T06:33:54Z</time>
</trkpt>
<trkpt lat="24.4398408" lon="121.0992699">
<ele>1260.76</ele>
<time>2023-03-17T06:34:10Z</time>
</trkpt>
<trkpt lat="24.4398481" lon="121.0992078">
<ele>1260.68</ele>
<time>2023-03-17T06:34:22Z</time>
</trkpt>
<trkpt lat="24.4398934" lon="121.0991941">
<ele>1260.34</ele>
<time>2023-03-17T06:34:30Z</time>
</trkpt>
<trkpt lat="24.4399503" lon="121.0991799">
<ele>1265.01</ele>
<time>2023-03-17T06:34:36Z</time>
</trkpt>
<trkpt lat="24.4399188" lon="121.0992164">
<ele>1262.50</ele>
<time>2023-03-17T06:35:00Z</time>
</trkpt>
<trkpt lat="24.4398922" lon="121.0992724">
<ele>1265.46</ele>
<time>2023-03-17T06:35:06Z</time>
</trkpt>
<trkpt lat="24.4398961" lon="121.0993255">
<ele>1267.22</ele>
<time>2023-03-17T06:35:12Z</time>
</trkpt>
<trkpt lat="24.4398429" lon="121.0993038">
<ele>1268.80</ele>
<time>2023-03-17T06:35:48Z</time>
</trkpt>
<trkpt lat="24.4398234" lon="121.0993534">
<ele>1257.82</ele>
<time>2023-03-17T06:36:28Z</time>
</trkpt>
<trkpt lat="24.4397672" lon="121.0993572">
<ele>1257.18</ele>
<time>2023-03-17T06:36:38Z</time>
</trkpt>
<trkpt lat="24.4397219" lon="121.0994019">
<ele>1254.34</ele>
<time>2023-03-17T06:36:46Z</time>
</trkpt>
<trkpt lat="24.4397113" lon="121.0994516">
<ele>1249.98</ele>
<time>2023-03-17T06:37:02Z</time>
</trkpt>
<trkpt lat="24.4397258" lon="121.0993975">
<ele>1260.63</ele>
<time>2023-03-17T06:37:54Z</time>
</trkpt>
<trkpt lat="24.4397702" lon="121.0993822">
<ele>1258.91</ele>
<time>2023-03-17T06:38:00Z</time>
</trkpt>
<trkpt lat="24.4397983" lon="121.0993333">
<ele>1261.22</ele>
<time>2023-03-17T06:38:10Z</time>
</trkpt>
<trkpt lat="24.4398107" lon="121.0992827">
<ele>1263.65</ele>
<time>2023-03-17T06:38:18Z</time>
</trkpt>
<trkpt lat="24.4398444" lon="121.0992347">
<ele>1265.74</ele>
<time>2023-03-17T06:38:24Z</time>
</trkpt>
<trkpt lat="24.4398743" lon="121.0992804">
<ele>1266.73</ele>
<time>2023-03-17T06:38:34Z</time>
</trkpt>
<trkpt lat="24.4398734" lon="121.0993312">
<ele>1269.77</ele>
<time>2023-03-17T06:39:52Z</time>
</trkpt>
<trkpt lat="24.4399187" lon="121.0993247">
<ele>1264.62</ele>
<time>2023-03-17T06:41:18Z</time>
</trkpt>
<trkpt lat="24.4399678" lon="121.0993188">
<ele>1264.04</ele>
<time>2023-03-17T06:41:22Z</time>
</trkpt>
<trkpt lat="24.4400113" lon="121.0992989">
<ele>1265.15</ele>
<time>2023-03-17T06:41:38Z</time>
</trkpt>
<trkpt lat="24.4400021" lon="121.0993527">
<ele>1269.55</ele>
<time>2023-03-17T06:42:03Z</time>
</trkpt>
<trkpt lat="24.4400338" lon="121.0993909">
<ele>1268.88</ele>
<time>2023-03-17T06:42:10Z</time>
</trkpt>
<trkpt lat="24.4400662" lon="121.0994252">
<ele>1275.42</ele>
<time>2023-03-17T06:42:34Z</time>
</trkpt>
<trkpt lat="24.4400313" lon="121.0994595">
<ele>1277.72</ele>
<time>2023-03-17T06:42:54Z</time>
</trkpt>
<trkpt lat="24.4400034" lon="121.0995027">
<ele>1276.84</ele>
<time>2023-03-17T06:43:04Z</time>
</trkpt>
<trkpt lat="24.4399559" lon="121.0995101">
<ele>1275.77</ele>
<time>2023-03-17T06:43:37Z</time>
</trkpt>
<trkpt lat="24.4399306" lon="121.0994467">
<ele>1276.01</ele>
<time>2023-03-17T06:44:02Z</time>
</trkpt>
<trkpt lat="24.4398892" lon="121.0994847">
<ele>1278.61</ele>
<time>2023-03-17T06:44:10Z</time>
</trkpt>
<trkpt lat="24.4398631" lon="121.0995345">
<ele>1278.84</ele>
<time>2023-03-17T06:44:22Z</time>
</trkpt>
<trkpt lat="24.4398142" lon="121.0995350">
<ele>1281.14</ele>
<time>2023-03-17T06:44:33Z</time>
</trkpt>
<trkpt lat="24.4397590" lon="121.0995519">
<ele>1282.69</ele>
<time>2023-03-17T06:44:41Z</time>
</trkpt>
<trkpt lat="24.4397311" lon="121.0995936">
<ele>1279.55</ele>
<time>2023-03-17T06:44:51Z</time>
</trkpt>
<trkpt lat="24.4396882" lon="121.0996146">
<ele>1278.57</ele>
<time>2023-03-17T06:44:58Z</time>
</trkpt>
<trkpt lat="24.4396440" lon="121.0996332">
<ele>1277.95</ele>
<time>2023-03-17T06:45:09Z</time>
</trkpt>
<trkpt lat="24.4396741" lon="121.0996703">
<ele>1275.01</ele>
<time>2023-03-17T06:45:53Z</time>
</trkpt>
<trkpt lat="24.4396608" lon="121.0997334">
<ele>1273.07</ele>
<time>2023-03-17T06:47:43Z</time>
</trkpt>
<trkpt lat="24.4396287" lon="121.0997699">
<ele>1271.67</ele>
<time>2023-03-17T06:47:53Z</time>
</trkpt>
<trkpt lat="24.4395939" lon="121.0998083">
<ele>1269.45</ele>
<time>2023-03-17T06:48:07Z</time>
</trkpt>
<trkpt lat="24.4396459" lon="121.0998126">
<ele>1266.66</ele>
<time>2023-03-17T06:48:17Z</time>
</trkpt>
<trkpt lat="24.4396911" lon="121.0998259">
<ele>1266.55</ele>
<time>2023-03-17T06:48:25Z</time>
</trkpt>
<trkpt lat="24.4397386" lon="121.0998438">
<ele>1263.94</ele>
<time>2023-03-17T06:48:33Z</time>
</trkpt>
<trkpt lat="24.4397906" lon="121.0998801">
<ele>1265.79</ele>
<time>2023-03-17T06:48:43Z</time>
</trkpt>
<trkpt lat="24.4397580" lon="121.0999400">
<ele>1265.09</ele>
<time>2023-03-17T06:48:56Z</time>
</trkpt>
<trkpt lat="24.4397333" lon="121.1000035">
<ele>1256.75</ele>
<time>2023-03-17T06:49:27Z</time>
</trkpt>
<trkpt lat="24.4397734" lon="121.0999629">
<ele>1253.58</ele>
<time>2023-03-17T06:49:37Z</time>
</trkpt>
<trkpt lat="24.4397774" lon="121.1000235">
<ele>1251.09</ele>
<time>2023-03-17T06:49:55Z</time>
</trkpt>
<trkpt lat="24.4397422" lon="121.1000806">
<ele>1247.92</ele>
<time>2023-03-17T06:50:12Z</time>
</trkpt>
<trkpt lat="24.4397230" lon="121.1001401">
<ele>1247.17</ele>
<time>2023-03-17T06:50:29Z</time>
</trkpt>
<trkpt lat="24.4397704" lon="121.1001230">
<ele>1242.75</ele>
<time>2023-03-17T06:50:49Z</time>
</trkpt>
<trkpt lat="24.4397244" lon="121.1001754">
<ele>1242.71</ele>
<time>2023-03-17T06:50:59Z</time>
</trkpt>
<trkpt lat="24.4396819" lon="121.1002047">
<ele>1241.31</ele>
<time>2023-03-17T06:51:17Z</time>
</trkpt>
<trkpt lat="24.4396529" lon="121.1002511">
<ele>1239.17</ele>
<time>2023-03-17T06:51:31Z</time>
</trkpt>
<trkpt lat="24.4396049" lon="121.1002307">
<ele>1231.05</ele>
<time>2023-03-17T06:52:03Z</time>
</trkpt>
<trkpt lat="24.4395583" lon="121.1002699">
<ele>1228.59</ele>
<time>2023-03-17T06:52:11Z</time>
</trkpt>
<trkpt lat="24.4395176" lon="121.1003070">
<ele>1229.17</ele>
<time>2023-03-17T06:52:27Z</time>
</trkpt>
<trkpt lat="24.4394819" lon="121.1002720">
<ele>1228.13</ele>
<time>2023-03-17T06:52:36Z</time>
</trkpt>
<trkpt lat="24.4394476" lon="121.1002398">
<ele>1225.21</ele>
<time>2023-03-17T06:52:51Z</time>
</trkpt>
<trkpt lat="24.4393992" lon="121.1002384">
<ele>1224.49</ele>
<time>2023-03-17T06:52:59Z</time>
</trkpt>
<trkpt lat="24.4393325" lon="121.1002575">
<ele>1223.73</ele>
<time>2023-03-17T06:53:09Z</time>
</trkpt>
<trkpt lat="24.4392910" lon="121.1002816">
<ele>1223.28</ele>
<time>2023-03-17T06:53:21Z</time>
</trkpt>
<trkpt lat="24.4392958" lon="121.1002227">
<ele>1221.44</ele>
<time>2023-03-17T06:53:41Z</time>
</trkpt>
<trkpt lat="24.4392574" lon="121.1001905">
<ele>1223.20</ele>
<time>2023-03-17T06:53:51Z</time>
</trkpt>
<trkpt lat="24.4392411" lon="121.1002422">
<ele>1222.05</ele>
<time>2023-03-17T06:54:13Z</time>
</trkpt>
<trkpt lat="24.4392136" lon="121.1002917">
<ele>1219.03</ele>
<time>2023-03-17T06:54:21Z</time>
</trkpt>
<trkpt lat="24.4391855" lon="121.1002402">
<ele>1219.06</ele>
<time>2023-03-17T06:54:35Z</time>
</trkpt>
<trkpt lat="24.4391384" lon="121.1002181">
<ele>1222.18</ele>
<time>2023-03-17T06:54:51Z</time>
</trkpt>
<trkpt lat="24.4390944" lon="121.1001917">
<ele>1224.57</ele>
<time>2023-03-17T06:54:57Z</time>
</trkpt>
<trkpt lat="24.4391408" lon="121.1001938">
<ele>1220.66</ele>
<time>2023-03-17T06:55:19Z</time>
</trkpt>
<trkpt lat="24.4391822" lon="121.1002260">
<ele>1218.78</ele>
<time>2023-03-17T06:55:31Z</time>
</trkpt>
<trkpt lat="24.4391492" lon="121.1001925">
<ele>1215.90</ele>
<time>2023-03-17T06:56:45Z</time>
</trkpt>
<trkpt lat="24.4391119" lon="121.1002228">
<ele>1214.22</ele>
<time>2023-03-17T06:56:57Z</time>
</trkpt>
<trkpt lat="24.4390692" lon="121.1001921">
<ele>1215.12</ele>
<time>2023-03-17T06:57:11Z</time>
</trkpt>
<trkpt lat="24.4390466" lon="121.1002366">
<ele>1211.77</ele>
<time>2023-03-17T06:57:47Z</time>
</trkpt>
<trkpt lat="24.4390207" lon="121.1001874">
<ele>1209.66</ele>
<time>2023-03-17T06:57:55Z</time>
</trkpt>
<trkpt lat="24.4389634" lon="121.1002268">
<ele>1207.96</ele>
<time>2023-03-17T06:58:27Z</time>
</trkpt>
<trkpt lat="24.4389176" lon="121.1002617">
<ele>1210.70</ele>
<time>2023-03-17T06:58:33Z</time>
</trkpt>
<trkpt lat="24.4388723" lon="121.1002674">
<ele>1210.38</ele>
<time>2023-03-17T06:58:55Z</time>
</trkpt>
<trkpt lat="24.4388694" lon="121.1002058">
<ele>1217.55</ele>
<time>2023-03-17T06:59:04Z</time>
</trkpt>
<trkpt lat="24.4389077" lon="121.1002357">
<ele>1205.38</ele>
<time>2023-03-17T06:59:33Z</time>
</trkpt>
<trkpt lat="24.4388801" lon="121.1002756">
<ele>1207.51</ele>
<time>2023-03-17T07:00:01Z</time>
</trkpt>
<trkpt lat="24.4388327" lon="121.1002675">
<ele>1205.96</ele>
<time>2023-03-17T07:00:11Z</time>
</trkpt>
<trkpt lat="24.4387836" lon="121.1002805">
<ele>1207.45</ele>
<time>2023-03-17T07:00:15Z</time>
</trkpt>
<trkpt lat="24.4387862" lon="121.1002124">
<ele>1190.39</ele>
<time>2023-03-17T07:00:47Z</time>
</trkpt>
<trkpt lat="24.4387536" lon="121.1001771">
<ele>1198.88</ele>
<time>2023-03-17T07:00:57Z</time>
</trkpt>
<trkpt lat="24.4387552" lon="121.1002505">
<ele>1192.78</ele>
<time>2023-03-17T07:01:09Z</time>
</trkpt>
<trkpt lat="24.4387294" lon="121.1002951">
<ele>1188.40</ele>
<time>2023-03-17T07:01:23Z</time>
</trkpt>
<trkpt lat="24.4387175" lon="121.1003579">
<ele>1173.29</ele>
<time>2023-03-17T07:01:51Z</time>
</trkpt>
<trkpt lat="24.4386944" lon="121.1004053">
<ele>1170.25</ele>
<time>2023-03-17T07:01:59Z</time>
</trkpt>
<trkpt lat="24.4387214" lon="121.1003485">
<ele>1165.60</ele>
<time>2023-03-17T07:02:25Z</time>
</trkpt>
<trkpt lat="24.4386730" lon="121.1003292">
<ele>1165.50</ele>
<time>2023-03-17T07:03:53Z</time>
</trkpt>
<trkpt lat="24.4386499" lon="121.1003730">
<ele>1164.36</ele>
<time>2023-03-17T07:03:59Z</time>
</trkpt>
<trkpt lat="24.4386134" lon="121.1004134">
<ele>1165.16</ele>
<time>2023-03-17T07:04:09Z</time>
</trkpt>
<trkpt lat="24.4385654" lon="121.1004212">
<ele>1165.16</ele>
<time>2023-03-17T07:04:17Z</time>
</trkpt>
<trkpt lat="24.4385147" lon="121.1004080">
<ele>1166.01</ele>
<time>2023-03-17T07:04:27Z</time>
</trkpt>
<trkpt lat="24.4384560" lon="121.1004139">
<ele>1165.84</ele>
<time>2023-03-17T07:04:37Z</time>
</trkpt>
<trkpt lat="24.4384045" lon="121.1004082">
<ele>1164.92</ele>
<time>2023-03-17T07:04:45Z</time>
</trkpt>
<trkpt lat="24.4383485" lon="121.1004168">
<ele>1164.32</ele>
<time>2023-03-17T07:04:55Z</time>
</trkpt>
<trkpt lat="24.4383052" lon="121.1004325">
<ele>1163.72</ele>
<time>2023-03-17T07:05:25Z</time>
</trkpt>
<trkpt lat="24.4382523" lon="121.1004185">
<ele>1163.40</ele>
<time>2023-03-17T07:05:33Z</time>
</trkpt>
<trkpt lat="24.4382142" lon="121.1003835">
<ele>1163.86</ele>
<time>2023-03-17T07:05:41Z</time>
</trkpt>
<trkpt lat="24.4381650" lon="121.1003783">
<ele>1163.28</ele>
<time>2023-03-17T07:06:19Z</time>
</trkpt>
<trkpt lat="24.4381388" lon="121.1003354">
<ele>1162.80</ele>
<time>2023-03-17T07:06:29Z</time>
</trkpt>
<trkpt lat="24.4380932" lon="121.1003229">
<ele>1162.76</ele>
<time>2023-03-17T07:06:37Z</time>
</trkpt>
<trkpt lat="24.4380554" lon="121.1003625">
<ele>1162.19</ele>
<time>2023-03-17T07:06:51Z</time>
</trkpt>
<trkpt lat="24.4380884" lon="121.1004030">
<ele>1160.50</ele>
<time>2023-03-17T07:07:19Z</time>
</trkpt>
<trkpt lat="24.4380654" lon="121.1003566">
<ele>1157.33</ele>
<time>2023-03-17T07:08:07Z</time>
</trkpt>
<trkpt lat="24.4380369" lon="121.1003083">
<ele>1160.97</ele>
<time>2023-03-17T07:09:18Z</time>
</trkpt>
<trkpt lat="24.4380099" lon="121.1002652">
<ele>1168.14</ele>
<time>2023-03-17T07:09:25Z</time>
</trkpt>
<trkpt lat="24.4379533" lon="121.1002554">
<ele>1168.03</ele>
<time>2023-03-17T07:09:33Z</time>
</trkpt>
<trkpt lat="24.4378901" lon="121.1002383">
<ele>1166.09</ele>
<time>2023-03-17T07:09:41Z</time>
</trkpt>
<trkpt lat="24.4378399" lon="121.1002249">
<ele>1165.14</ele>
<time>2023-03-17T07:09:49Z</time>
</trkpt>
<trkpt lat="24.4377914" lon="121.1002100">
<ele>1164.83</ele>
<time>2023-03-17T07:09:55Z</time>
</trkpt>
<trkpt lat="24.4377352" lon="121.1002023">
<ele>1162.33</ele>
<time>2023-03-17T07:10:03Z</time>
</trkpt>
<trkpt lat="24.4376810" lon="121.1001593">
<ele>1160.06</ele>
<time>2023-03-17T07:10:11Z</time>
</trkpt>
<trkpt lat="24.4376425" lon="121.1001102">
<ele>1159.52</ele>
<time>2023-03-17T07:10:18Z</time>
</trkpt>
<trkpt lat="24.4376269" lon="121.1000573">
<ele>1159.55</ele>
<time>2023-03-17T07:10:27Z</time>
</trkpt>
<trkpt lat="24.4376040" lon="121.1000103">
<ele>1162.27</ele>
<time>2023-03-17T07:10:31Z</time>
</trkpt>
<trkpt lat="24.4376139" lon="121.0999602">
<ele>1163.00</ele>
<time>2023-03-17T07:10:46Z</time>
</trkpt>
<trkpt lat="24.4376313" lon="121.0999106">
<ele>1164.18</ele>
<time>2023-03-17T07:10:53Z</time>
</trkpt>
<trkpt lat="24.4376500" lon="121.0998490">
<ele>1165.82</ele>
<time>2023-03-17T07:11:01Z</time>
</trkpt>
<trkpt lat="24.4376725" lon="121.0997931">
<ele>1166.25</ele>
<time>2023-03-17T07:11:09Z</time>
</trkpt>
<trkpt lat="24.4376693" lon="121.0997361">
<ele>1166.41</ele>
<time>2023-03-17T07:11:16Z</time>
</trkpt>
<trkpt lat="24.4376490" lon="121.0996914">
<ele>1166.41</ele>
<time>2023-03-17T07:11:22Z</time>
</trkpt>
<trkpt lat="24.4376574" lon="121.0996329">
<ele>1165.96</ele>
<time>2023-03-17T07:11:28Z</time>
</trkpt>
<trkpt lat="24.4376592" lon="121.0995595">
<ele>1165.95</ele>
<time>2023-03-17T07:11:36Z</time>
</trkpt>
<trkpt lat="24.4376349" lon="121.0995114">
<ele>1163.99</ele>
<time>2023-03-17T07:11:50Z</time>
</trkpt>
<trkpt lat="24.4376014" lon="121.0994607">
<ele>1160.95</ele>
<time>2023-03-17T07:12:28Z</time>
</trkpt>
<trkpt lat="24.4375675" lon="121.0994237">
<ele>1159.13</ele>
<time>2023-03-17T07:12:42Z</time>
</trkpt>
<trkpt lat="24.4375266" lon="121.0993979">
<ele>1158.79</ele>
<time>2023-03-17T07:12:58Z</time>
</trkpt>
<trkpt lat="24.4375094" lon="121.0993410">
<ele>1160.23</ele>
<time>2023-03-17T07:13:10Z</time>
</trkpt>
<trkpt lat="24.4375299" lon="121.0992785">
<ele>1162.84</ele>
<time>2023-03-17T07:13:16Z</time>
</trkpt>
<trkpt lat="24.4375227" lon="121.0992248">
<ele>1162.25</ele>
<time>2023-03-17T07:13:28Z</time>
</trkpt>
<trkpt lat="24.4375200" lon="121.0991755">
<ele>1164.93</ele>
<time>2023-03-17T07:13:52Z</time>
</trkpt>
<trkpt lat="24.4375284" lon="121.0991151">
<ele>1168.23</ele>
<time>2023-03-17T07:16:04Z</time>
</trkpt>
<trkpt lat="24.4375578" lon="121.0990763">
<ele>1169.52</ele>
<time>2023-03-17T07:16:10Z</time>
</trkpt>
<trkpt lat="24.4375607" lon="121.0990246">
<ele>1168.91</ele>
<time>2023-03-17T07:16:16Z</time>
</trkpt>
<trkpt lat="24.4375741" lon="121.0989605">
<ele>1170.04</ele>
<time>2023-03-17T07:16:24Z</time>
</trkpt>
<trkpt lat="24.4375943" lon="121.0989067">
<ele>1167.11</ele>
<time>2023-03-17T07:16:32Z</time>
</trkpt>
<trkpt lat="24.4375827" lon="121.0988457">
<ele>1166.49</ele>
<time>2023-03-17T07:16:42Z</time>
</trkpt>
<trkpt lat="24.4376098" lon="121.0987965">
<ele>1163.87</ele>
<time>2023-03-17T07:16:54Z</time>
</trkpt>
<trkpt lat="24.4376195" lon="121.0987448">
<ele>1163.36</ele>
<time>2023-03-17T07:17:02Z</time>
</trkpt>
<trkpt lat="24.4376384" lon="121.0986999">
<ele>1162.53</ele>
<time>2023-03-17T07:17:10Z</time>
</trkpt>
<trkpt lat="24.4376750" lon="121.0986665">
<ele>1162.10</ele>
<time>2023-03-17T07:17:18Z</time>
</trkpt>
<trkpt lat="24.4376826" lon="121.0986091">
<ele>1161.94</ele>
<time>2023-03-17T07:17:26Z</time>
</trkpt>
<trkpt lat="24.4376983" lon="121.0985548">
<ele>1162.57</ele>
<time>2023-03-17T07:17:34Z</time>
</trkpt>
<trkpt lat="24.4377343" lon="121.0985096">
<ele>1162.20</ele>
<time>2023-03-17T07:17:46Z</time>
</trkpt>
<trkpt lat="24.4377462" lon="121.0984590">
<ele>1161.88</ele>
<time>2023-03-17T07:17:54Z</time>
</trkpt>
<trkpt lat="24.4377864" lon="121.0984273">
<ele>1162.20</ele>
<time>2023-03-17T07:18:02Z</time>
</trkpt>
<trkpt lat="24.4378249" lon="121.0984007">
<ele>1162.26</ele>
<time>2023-03-17T07:18:08Z</time>
</trkpt>
<trkpt lat="24.4378543" lon="121.0983559">
<ele>1161.97</ele>
<time>2023-03-17T07:18:16Z</time>
</trkpt>
<trkpt lat="24.4378746" lon="121.0983003">
<ele>1163.29</ele>
<time>2023-03-17T07:18:24Z</time>
</trkpt>
<trkpt lat="24.4378685" lon="121.0982500">
<ele>1162.87</ele>
<time>2023-03-17T07:19:22Z</time>
</trkpt>
<trkpt lat="24.4378664" lon="121.0981996">
<ele>1165.68</ele>
<time>2023-03-17T07:19:28Z</time>
</trkpt>
<trkpt lat="24.4378818" lon="121.0982513">
<ele>1170.04</ele>
<time>2023-03-17T07:20:12Z</time>
</trkpt>
<trkpt lat="24.4379018" lon="121.0983097">
<ele>1169.84</ele>
<time>2023-03-17T07:20:18Z</time>
</trkpt>
<trkpt lat="24.4379188" lon="121.0983660">
<ele>1170.12</ele>
<time>2023-03-17T07:20:26Z</time>
</trkpt>
<trkpt lat="24.4378639" lon="121.0983750">
<ele>1173.77</ele>
<time>2023-03-17T07:20:38Z</time>
</trkpt>
<trkpt lat="24.4378347" lon="121.0984144">
<ele>1175.48</ele>
<time>2023-03-17T07:21:14Z</time>
</trkpt>
<trkpt lat="24.4377958" lon="121.0984577">
<ele>1174.17</ele>
<time>2023-03-17T07:21:22Z</time>
</trkpt>
<trkpt lat="24.4377593" lon="121.0984988">
<ele>1173.63</ele>
<time>2023-03-17T07:21:32Z</time>
</trkpt>
<trkpt lat="24.4377268" lon="121.0985488">
<ele>1174.02</ele>
<time>2023-03-17T07:21:40Z</time>
</trkpt>
<trkpt lat="24.4377269" lon="121.0986026">
<ele>1172.48</ele>
<time>2023-03-17T07:21:50Z</time>
</trkpt>
<trkpt lat="24.4377048" lon="121.0986546">
<ele>1172.34</ele>
<time>2023-03-17T07:22:00Z</time>
</trkpt>
<trkpt lat="24.4376979" lon="121.0987051">
<ele>1171.14</ele>
<time>2023-03-17T07:22:08Z</time>
</trkpt>
<trkpt lat="24.4376833" lon="121.0987604">
<ele>1172.01</ele>
<time>2023-03-17T07:22:18Z</time>
</trkpt>
<trkpt lat="24.4376471" lon="121.0987999">
<ele>1171.77</ele>
<time>2023-03-17T07:22:36Z</time>
</trkpt>
<trkpt lat="24.4375950" lon="121.0988330">
<ele>1172.78</ele>
<time>2023-03-17T07:22:44Z</time>
</trkpt>
<trkpt lat="24.4375447" lon="121.0988564">
<ele>1173.73</ele>
<time>2023-03-17T07:22:54Z</time>
</trkpt>
<trkpt lat="24.4375323" lon="121.0989180">
<ele>1174.02</ele>
<time>2023-03-17T07:23:06Z</time>
</trkpt>
<trkpt lat="24.4375154" lon="121.0989684">
<ele>1171.65</ele>
<time>2023-03-17T07:23:14Z</time>
</trkpt>
<trkpt lat="24.4374914" lon="121.0990186">
<ele>1171.76</ele>
<time>2023-03-17T07:23:22Z</time>
</trkpt>
<trkpt lat="24.4374885" lon="121.0990712">
<ele>1170.88</ele>
<time>2023-03-17T07:23:30Z</time>
</trkpt>
<trkpt lat="24.4374787" lon="121.0991224">
<ele>1169.13</ele>
<time>2023-03-17T07:23:38Z</time>
</trkpt>
<trkpt lat="24.4374492" lon="121.0991643">
<ele>1166.82</ele>
<time>2023-03-17T07:23:48Z</time>
</trkpt>
<trkpt lat="24.4374926" lon="121.0992019">
<ele>1166.24</ele>
<time>2023-03-17T07:23:54Z</time>
</trkpt>
<trkpt lat="24.4374895" lon="121.0992565">
<ele>1168.15</ele>
<time>2023-03-17T07:24:42Z</time>
</trkpt>
<trkpt lat="24.4374755" lon="121.0993107">
<ele>1167.61</ele>
<time>2023-03-17T07:25:26Z</time>
</trkpt>
<trkpt lat="24.4374527" lon="121.0993533">
<ele>1167.49</ele>
<time>2023-03-17T07:25:44Z</time>
</trkpt>
<trkpt lat="24.4374469" lon="121.0994043">
<ele>1166.28</ele>
<time>2023-03-17T07:25:50Z</time>
</trkpt>
<trkpt lat="24.4374140" lon="121.0994587">
<ele>1165.31</ele>
<time>2023-03-17T07:25:58Z</time>
</trkpt>
<trkpt lat="24.4374392" lon="121.0995065">
<ele>1164.09</ele>
<time>2023-03-17T07:26:04Z</time>
</trkpt>
<trkpt lat="24.4374431" lon="121.0995656">
<ele>1163.60</ele>
<time>2023-03-17T07:26:10Z</time>
</trkpt>
<trkpt lat="24.4374370" lon="121.0996206">
<ele>1159.74</ele>
<time>2023-03-17T07:26:18Z</time>
</trkpt>
<trkpt lat="24.4374327" lon="121.0996828">
<ele>1158.72</ele>
<time>2023-03-17T07:26:24Z</time>
</trkpt>
<trkpt lat="24.4374325" lon="121.0997345">
<ele>1158.83</ele>
<time>2023-03-17T07:26:32Z</time>
</trkpt>
<trkpt lat="24.4374171" lon="121.0997858">
<ele>1158.00</ele>
<time>2023-03-17T07:26:40Z</time>
</trkpt>
<trkpt lat="24.4374113" lon="121.0998375">
<ele>1155.73</ele>
<time>2023-03-17T07:26:50Z</time>
</trkpt>
<trkpt lat="24.4373855" lon="121.0998787">
<ele>1152.99</ele>
<time>2023-03-17T07:27:02Z</time>
</trkpt>
<trkpt lat="24.4373651" lon="121.0999426">
<ele>1153.23</ele>
<time>2023-03-17T07:27:16Z</time>
</trkpt>
<trkpt lat="24.4373503" lon="121.0999923">
<ele>1154.04</ele>
<time>2023-03-17T07:27:24Z</time>
</trkpt>
<trkpt lat="24.4373111" lon="121.1000295">
<ele>1151.33</ele>
<time>2023-03-17T07:27:36Z</time>
</trkpt>
<trkpt lat="24.4372818" lon="121.1000696">
<ele>1149.23</ele>
<time>2023-03-17T07:27:44Z</time>
</trkpt>
<trkpt lat="24.4372627" lon="121.1001146">
<ele>1149.36</ele>
<time>2023-03-17T07:27:54Z</time>
</trkpt>
<trkpt lat="24.4372483" lon="121.1001751">
<ele>1148.32</ele>
<time>2023-03-17T07:28:04Z</time>
</trkpt>
<trkpt lat="24.4372115" lon="121.1002138">
<ele>1149.84</ele>
<time>2023-03-17T07:28:14Z</time>
</trkpt>
<trkpt lat="24.4371652" lon="121.1002175">
<ele>1149.96</ele>
<time>2023-03-17T07:28:28Z</time>
</trkpt>
<trkpt lat="24.4371166" lon="121.1002198">
<ele>1150.73</ele>
<time>2023-03-17T07:28:36Z</time>
</trkpt>
<trkpt lat="24.4370662" lon="121.1002386">
<ele>1153.25</ele>
<time>2023-03-17T07:28:44Z</time>
</trkpt>
<trkpt lat="24.4370237" lon="121.1002113">
<ele>1155.72</ele>
<time>2023-03-17T07:29:02Z</time>
</trkpt>
<trkpt lat="24.4370744" lon="121.1002172">
<ele>1153.70</ele>
<time>2023-03-17T07:29:10Z</time>
</trkpt>
<trkpt lat="24.4371315" lon="121.1002021">
<ele>1155.17</ele>
<time>2023-03-17T07:29:22Z</time>
</trkpt>
</trkseg>
<trkseg>
<trkpt lat="24.4379247" lon="121.0984576">
<ele>1134.35</ele>
<time>2023-03-17T22:47:41Z</time>
</trkpt>
<trkpt lat="24.4380359" lon="121.0984102">
<ele>1140.36</ele>
<time>2023-03-17T22:47:44Z</time>
</trkpt>
<trkpt lat="24.4379809" lon="121.0983981">
<ele>1143.06</ele>
<time>2023-03-17T22:47:46Z</time>
</trkpt>
<trkpt lat="24.4379275" lon="121.0984247">
<ele>1141.45</ele>
<time>2023-03-17T22:47:50Z</time>
</trkpt>
<trkpt lat="24.4379117" lon="121.0984724">
<ele>1142.53</ele>
<time>2023-03-17T22:48:02Z</time>
</trkpt>
<trkpt lat="24.4378607" lon="121.0984792">
<ele>1144.05</ele>
<time>2023-03-17T22:48:10Z</time>
</trkpt>
<trkpt lat="24.4378054" lon="121.0984818">
<ele>1144.72</ele>
<time>2023-03-17T22:48:18Z</time>
</trkpt>
<trkpt lat="24.4377531" lon="121.0984948">
<ele>1141.91</ele>
<time>2023-03-17T22:48:28Z</time>
</trkpt>
<trkpt lat="24.4377090" lon="121.0985154">
<ele>1142.71</ele>
<time>2023-03-17T22:48:34Z</time>
</trkpt>
<trkpt lat="24.4376733" lon="121.0985518">
<ele>1141.43</ele>
<time>2023-03-17T22:48:42Z</time>
</trkpt>
<trkpt lat="24.4376306" lon="121.0985837">
<ele>1140.82</ele>
<time>2023-03-17T22:48:50Z</time>
</trkpt>
<trkpt lat="24.4375927" lon="121.0986171">
<ele>1139.97</ele>
<time>2023-03-17T22:48:56Z</time>
</trkpt>
<trkpt lat="24.4375743" lon="121.0986660">
<ele>1140.58</ele>
<time>2023-03-17T22:49:06Z</time>
</trkpt>
<trkpt lat="24.4375512" lon="121.0987103">
<ele>1143.81</ele>
<time>2023-03-17T22:49:18Z</time>
</trkpt>
<trkpt lat="24.4375311" lon="121.0987554">
<ele>1143.45</ele>
<time>2023-03-17T22:49:24Z</time>
</trkpt>
<trkpt lat="24.4374909" lon="121.0987781">
<ele>1144.08</ele>
<time>2023-03-17T22:49:30Z</time>
</trkpt>
<trkpt lat="24.4374441" lon="121.0988042">
<ele>1145.98</ele>
<time>2023-03-17T22:49:38Z</time>
</trkpt>
<trkpt lat="24.4374253" lon="121.0988588">
<ele>1146.93</ele>
<time>2023-03-17T22:49:48Z</time>
</trkpt>
<trkpt lat="24.4374015" lon="121.0989025">
<ele>1146.32</ele>
<time>2023-03-17T22:49:56Z</time>
</trkpt>
<trkpt lat="24.4373755" lon="121.0989453">
<ele>1146.22</ele>
<time>2023-03-17T22:50:04Z</time>
</trkpt>
<trkpt lat="24.4373533" lon="121.0989936">
<ele>1145.30</ele>
<time>2023-03-17T22:50:14Z</time>
</trkpt>
<trkpt lat="24.4373942" lon="121.0990190">
<ele>1154.86</ele>
<time>2023-03-17T22:51:20Z</time>
</trkpt>
<trkpt lat="24.4372703" lon="121.0989337">
<ele>1147.30</ele>
<time>2023-03-17T22:51:30Z</time>
</trkpt>
<trkpt lat="24.4373029" lon="121.0989897">
<ele>1148.67</ele>
<time>2023-03-17T22:51:37Z</time>
</trkpt>
<trkpt lat="24.4372693" lon="121.0990600">
<ele>1150.43</ele>
<time>2023-03-17T22:52:09Z</time>
</trkpt>
<trkpt lat="24.4373094" lon="121.0991134">
<ele>1156.58</ele>
<time>2023-03-17T22:52:21Z</time>
</trkpt>
<trkpt lat="24.4373066" lon="121.0991738">
<ele>1163.22</ele>
<time>2023-03-17T22:52:32Z</time>
</trkpt>
<trkpt lat="24.4372973" lon="121.0992385">
<ele>1163.51</ele>
<time>2023-03-17T22:52:40Z</time>
</trkpt>
<trkpt lat="24.4373126" lon="121.0992854">
<ele>1165.86</ele>
<time>2023-03-17T22:52:52Z</time>
</trkpt>
<trkpt lat="24.4373202" lon="121.0993470">
<ele>1168.91</ele>
<time>2023-03-17T22:53:09Z</time>
</trkpt>
<trkpt lat="24.4373385" lon="121.0993940">
<ele>1171.14</ele>
<time>2023-03-17T22:53:32Z</time>
</trkpt>
<trkpt lat="24.4372908" lon="121.0993810">
<ele>1169.47</ele>
<time>2023-03-17T22:53:58Z</time>
</trkpt>
<trkpt lat="24.4372934" lon="121.0994324">
<ele>1171.19</ele>
<time>2023-03-17T22:54:06Z</time>
</trkpt>
<trkpt lat="24.4372623" lon="121.0994812">
<ele>1170.63</ele>
<time>2023-03-17T22:54:16Z</time>
</trkpt>
<trkpt lat="24.4372388" lon="121.0995246">
<ele>1170.70</ele>
<time>2023-03-17T22:54:24Z</time>
</trkpt>
<trkpt lat="24.4372400" lon="121.0995827">
<ele>1174.23</ele>
<time>2023-03-17T22:54:36Z</time>
</trkpt>
<trkpt lat="24.4371867" lon="121.0995798">
<ele>1170.71</ele>
<time>2023-03-17T22:54:44Z</time>
</trkpt>
<trkpt lat="24.4371746" lon="121.0996387">
<ele>1176.84</ele>
<time>2023-03-17T22:55:08Z</time>
</trkpt>
<trkpt lat="24.4371269" lon="121.0996697">
<ele>1177.81</ele>
<time>2023-03-17T22:55:26Z</time>
</trkpt>
<trkpt lat="24.4371399" lon="121.0997257">
<ele>1182.02</ele>
<time>2023-03-17T22:55:32Z</time>
</trkpt>
<trkpt lat="24.4371386" lon="121.0997842">
<ele>1184.55</ele>
<time>2023-03-17T22:55:46Z</time>
</trkpt>
<trkpt lat="24.4371254" lon="121.0998358">
<ele>1187.72</ele>
<time>2023-03-17T22:55:58Z</time>
</trkpt>
<trkpt lat="24.4370874" lon="121.0998670">
<ele>1184.91</ele>
<time>2023-03-17T22:57:26Z</time>
</trkpt>
<trkpt lat="24.4370336" lon="121.0998884">
<ele>1178.83</ele>
<time>2023-03-17T22:57:50Z</time>
</trkpt>
<trkpt lat="24.4369876" lon="121.0998736">
<ele>1180.89</ele>
<time>2023-03-17T22:57:58Z</time>
</trkpt>
<trkpt lat="24.4369390" lon="121.0998768">
<ele>1181.19</ele>
<time>2023-03-17T22:58:10Z</time>
</trkpt>
<trkpt lat="24.4369751" lon="121.0998416">
<ele>1183.88</ele>
<time>2023-03-17T22:58:36Z</time>
</trkpt>
<trkpt lat="24.4369329" lon="121.0998175">
<ele>1183.02</ele>
<time>2023-03-17T22:58:46Z</time>
</trkpt>
<trkpt lat="24.4368867" lon="121.0998006">
<ele>1184.36</ele>
<time>2023-03-17T22:59:02Z</time>
</trkpt>
<trkpt lat="24.4368795" lon="121.0997478">
<ele>1185.93</ele>
<time>2023-03-17T22:59:18Z</time>
</trkpt>
<trkpt lat="24.4368788" lon="121.0996949">
<ele>1194.65</ele>
<time>2023-03-17T23:00:36Z</time>
</trkpt>
<trkpt lat="24.4369137" lon="121.0996595">
<ele>1198.43</ele>
<time>2023-03-17T23:00:52Z</time>
</trkpt>
<trkpt lat="24.4369599" lon="121.0996507">
<ele>1201.81</ele>
<time>2023-03-17T23:01:10Z</time>
</trkpt>
<trkpt lat="24.4369540" lon="121.0995950">
<ele>1203.18</ele>
<time>2023-03-17T23:01:40Z</time>
</trkpt>
<trkpt lat="24.4369883" lon="121.0995519">
<ele>1210.03</ele>
<time>2023-03-17T23:02:02Z</time>
</trkpt>
<trkpt lat="24.4370205" lon="121.0995027">
<ele>1212.22</ele>
<time>2023-03-17T23:02:40Z</time>
</trkpt>
<trkpt lat="24.4369992" lon="121.0994522">
<ele>1214.83</ele>
<time>2023-03-17T23:03:18Z</time>
</trkpt>
<trkpt lat="24.4370063" lon="121.0993995">
<ele>1221.22</ele>
<time>2023-03-17T23:03:38Z</time>
</trkpt>
<trkpt lat="24.4369846" lon="121.0993478">
<ele>1223.23</ele>
<time>2023-03-17T23:04:06Z</time>
</trkpt>
<trkpt lat="24.4369354" lon="121.0993535">
<ele>1225.71</ele>
<time>2023-03-17T23:04:26Z</time>
</trkpt>
<trkpt lat="24.4369000" lon="121.0993156">
<ele>1227.93</ele>
<time>2023-03-17T23:04:46Z</time>
</trkpt>
<trkpt lat="24.4368640" lon="121.0992830">
<ele>1226.34</ele>
<time>2023-03-17T23:04:58Z</time>
</trkpt>
<trkpt lat="24.4369110" lon="121.0992661">
<ele>1230.37</ele>
<time>2023-03-17T23:05:08Z</time>
</trkpt>
<trkpt lat="24.4368899" lon="121.0992181">
<ele>1231.95</ele>
<time>2023-03-17T23:05:30Z</time>
</trkpt>
<trkpt lat="24.4369014" lon="121.0991646">
<ele>1236.21</ele>
<time>2023-03-17T23:05:58Z</time>
</trkpt>
<trkpt lat="24.4368885" lon="121.0991152">
<ele>1237.87</ele>
<time>2023-03-17T23:06:14Z</time>
</trkpt>
<trkpt lat="24.4368571" lon="121.0990708">
<ele>1242.65</ele>
<time>2023-03-17T23:06:34Z</time>
</trkpt>
<trkpt lat="24.4368297" lon="121.0990253">
<ele>1245.35</ele>
<time>2023-03-17T23:06:54Z</time>
</trkpt>
<trkpt lat="24.4368291" lon="121.0989734">
<ele>1246.41</ele>
<time>2023-03-17T23:07:26Z</time>
</trkpt>
<trkpt lat="24.4367957" lon="121.0989287">
<ele>1248.96</ele>
<time>2023-03-17T23:07:42Z</time>
</trkpt>
<trkpt lat="24.4367637" lon="121.0988739">
<ele>1254.35</ele>
<time>2023-03-17T23:08:24Z</time>
</trkpt>
<trkpt lat="24.4367495" lon="121.0988222">
<ele>1254.61</ele>
<time>2023-03-17T23:08:42Z</time>
</trkpt>
<trkpt lat="24.4366983" lon="121.0988091">
<ele>1257.75</ele>
<time>2023-03-17T23:08:54Z</time>
</trkpt>
<trkpt lat="24.4367042" lon="121.0987502">
<ele>1260.23</ele>
<time>2023-03-17T23:09:06Z</time>
</trkpt>
<trkpt lat="24.4366819" lon="121.0987012">
<ele>1265.75</ele>
<time>2023-03-17T23:09:18Z</time>
</trkpt>
<trkpt lat="24.4366370" lon="121.0987060">
<ele>1265.76</ele>
<time>2023-03-17T23:09:26Z</time>
</trkpt>
<trkpt lat="24.4365910" lon="121.0987069">
<ele>1265.43</ele>
<time>2023-03-17T23:09:34Z</time>
</trkpt>
<trkpt lat="24.4365455" lon="121.0986784">
<ele>1264.71</ele>
<time>2023-03-17T23:09:46Z</time>
</trkpt>
<trkpt lat="24.4365236" lon="121.0986345">
<ele>1266.17</ele>
<time>2023-03-17T23:09:56Z</time>
</trkpt>
<trkpt lat="24.4364778" lon="121.0986223">
<ele>1268.86</ele>
<time>2023-03-17T23:10:16Z</time>
</trkpt>
<trkpt lat="24.4364388" lon="121.0985971">
<ele>1271.63</ele>
<time>2023-03-17T23:10:44Z</time>
</trkpt>
<trkpt lat="24.4363861" lon="121.0985993">
<ele>1274.79</ele>
<time>2023-03-17T23:11:18Z</time>
</trkpt>
<trkpt lat="24.4363521" lon="121.0985633">
<ele>1278.17</ele>
<time>2023-03-17T23:11:32Z</time>
</trkpt>
<trkpt lat="24.4363385" lon="121.0985120">
<ele>1281.08</ele>
<time>2023-03-17T23:11:42Z</time>
</trkpt>
<trkpt lat="24.4362928" lon="121.0985057">
<ele>1282.86</ele>
<time>2023-03-17T23:11:56Z</time>
</trkpt>
<trkpt lat="24.4362443" lon="121.0985017">
<ele>1283.36</ele>
<time>2023-03-17T23:12:06Z</time>
</trkpt>
<trkpt lat="24.4361944" lon="121.0985015">
<ele>1284.14</ele>
<time>2023-03-17T23:12:22Z</time>
</trkpt>
<trkpt lat="24.4361428" lon="121.0984999">
<ele>1285.91</ele>
<time>2023-03-17T23:12:36Z</time>
</trkpt>
<trkpt lat="24.4361002" lon="121.0985269">
<ele>1287.99</ele>
<time>2023-03-17T23:12:54Z</time>
</trkpt>
<trkpt lat="24.4360563" lon="121.0985548">
<ele>1291.66</ele>
<time>2023-03-17T23:13:12Z</time>
</trkpt>
<trkpt lat="24.4360113" lon="121.0985757">
<ele>1299.04</ele>
<time>2023-03-17T23:13:52Z</time>
</trkpt>
<trkpt lat="24.4359596" lon="121.0985948">
<ele>1301.13</ele>
<time>2023-03-17T23:14:10Z</time>
</trkpt>
<trkpt lat="24.4359405" lon="121.0986443">
<ele>1304.39</ele>
<time>2023-03-17T23:14:20Z</time>
</trkpt>
<trkpt lat="24.4359069" lon="121.0986816">
<ele>1306.83</ele>
<time>2023-03-17T23:14:28Z</time>
</trkpt>
<trkpt lat="24.4358636" lon="121.0987173">
<ele>1307.24</ele>
<time>2023-03-17T23:14:38Z</time>
</trkpt>
<trkpt lat="24.4358265" lon="121.0987479">
<ele>1306.44</ele>
<time>2023-03-17T23:14:46Z</time>
</trkpt>
<trkpt lat="24.4357808" lon="121.0987451">
<ele>1307.05</ele>
<time>2023-03-17T23:14:52Z</time>
</trkpt>
<trkpt lat="24.4357361" lon="121.0987707">
<ele>1305.38</ele>
<time>2023-03-17T23:15:00Z</time>
</trkpt>
<trkpt lat="24.4356906" lon="121.0987905">
<ele>1305.98</ele>
<time>2023-03-17T23:15:08Z</time>
</trkpt>
<trkpt lat="24.4356417" lon="121.0988286">
<ele>1306.43</ele>
<time>2023-03-17T23:15:16Z</time>
</trkpt>
<trkpt lat="24.4355940" lon="121.0988566">
<ele>1307.48</ele>
<time>2023-03-17T23:15:24Z</time>
</trkpt>
<trkpt lat="24.4355903" lon="121.0989157">
<ele>1311.04</ele>
<time>2023-03-17T23:15:34Z</time>
</trkpt>
<trkpt lat="24.4355572" lon="121.0989527">
<ele>1311.77</ele>
<time>2023-03-17T23:15:42Z</time>
</trkpt>
<trkpt lat="24.4355386" lon="121.0989981">
<ele>1312.61</ele>
<time>2023-03-17T23:15:52Z</time>
</trkpt>
<trkpt lat="24.4354922" lon="121.0989779">
<ele>1313.96</ele>
<time>2023-03-17T23:16:14Z</time>
</trkpt>
<trkpt lat="24.4354496" lon="121.0990085">
<ele>1310.97</ele>
<time>2023-03-17T23:16:50Z</time>
</trkpt>
<trkpt lat="24.4354033" lon="121.0990095">
<ele>1315.31</ele>
<time>2023-03-17T23:17:20Z</time>
</trkpt>
<trkpt lat="24.4353685" lon="121.0990455">
<ele>1315.20</ele>
<time>2023-03-17T23:17:32Z</time>
</trkpt>
<trkpt lat="24.4353387" lon="121.0990864">
<ele>1320.49</ele>
<time>2023-03-17T23:17:54Z</time>
</trkpt>
<trkpt lat="24.4352858" lon="121.0990881">
<ele>1323.92</ele>
<time>2023-03-17T23:18:20Z</time>
</trkpt>
<trkpt lat="24.4352455" lon="121.0991124">
<ele>1325.46</ele>
<time>2023-03-17T23:18:34Z</time>
</trkpt>
<trkpt lat="24.4352104" lon="121.0991535">
<ele>1327.77</ele>
<time>2023-03-17T23:19:08Z</time>
</trkpt>
<trkpt lat="24.4351688" lon="121.0991782">
<ele>1330.21</ele>
<time>2023-03-17T23:19:25Z</time>
</trkpt>
<trkpt lat="24.4351235" lon="121.0991853">
<ele>1334.36</ele>
<time>2023-03-17T23:19:47Z</time>
</trkpt>
<trkpt lat="24.4350806" lon="121.0992035">
<ele>1338.56</ele>
<time>2023-03-17T23:20:02Z</time>
</trkpt>
<trkpt lat="24.4350983" lon="121.0992599">
<ele>1343.59</ele>
<time>2023-03-17T23:20:20Z</time>
</trkpt>
<trkpt lat="24.4350581" lon="121.0993147">
<ele>1345.98</ele>
<time>2023-03-17T23:20:35Z</time>
</trkpt>
<trkpt lat="24.4350229" lon="121.0993511">
<ele>1347.42</ele>
<time>2023-03-17T23:20:49Z</time>
</trkpt>
<trkpt lat="24.4349873" lon="121.0993852">
<ele>1347.42</ele>
<time>2023-03-17T23:20:57Z</time>
</trkpt>
<trkpt lat="24.4349474" lon="121.0994117">
<ele>1346.82</ele>
<time>2023-03-17T23:21:05Z</time>
</trkpt>
<trkpt lat="24.4349039" lon="121.0994322">
<ele>1347.79</ele>
<time>2023-03-17T23:21:13Z</time>
</trkpt>
<trkpt lat="24.4348498" lon="121.0994216">
<ele>1348.52</ele>
<time>2023-03-17T23:21:23Z</time>
</trkpt>
<trkpt lat="24.4347977" lon="121.0994414">
<ele>1349.11</ele>
<time>2023-03-17T23:21:33Z</time>
</trkpt>
<trkpt lat="24.4347866" lon="121.0994923">
<ele>1351.56</ele>
<time>2023-03-17T23:21:43Z</time>
</trkpt>
<trkpt lat="24.4347632" lon="121.0995394">
<ele>1353.87</ele>
<time>2023-03-17T23:21:53Z</time>
</trkpt>
<trkpt lat="24.4347498" lon="121.0995955">
<ele>1358.88</ele>
<time>2023-03-17T23:22:25Z</time>
</trkpt>
<trkpt lat="24.4347402" lon="121.0996511">
<ele>1361.66</ele>
<time>2023-03-17T23:22:43Z</time>
</trkpt>
<trkpt lat="24.4346953" lon="121.0996705">
<ele>1362.22</ele>
<time>2023-03-17T23:23:28Z</time>
</trkpt>
<trkpt lat="24.4346716" lon="121.0997201">
<ele>1363.94</ele>
<time>2023-03-17T23:23:39Z</time>
</trkpt>
<trkpt lat="24.4346424" lon="121.0997588">
<ele>1366.17</ele>
<time>2023-03-17T23:23:51Z</time>
</trkpt>
<trkpt lat="24.4346077" lon="121.0997933">
<ele>1369.79</ele>
<time>2023-03-17T23:24:11Z</time>
</trkpt>
<trkpt lat="24.4345816" lon="121.0998377">
<ele>1368.32</ele>
<time>2023-03-17T23:24:29Z</time>
</trkpt>
<trkpt lat="24.4345434" lon="121.0998666">
<ele>1370.10</ele>
<time>2023-03-17T23:24:51Z</time>
</trkpt>
<trkpt lat="24.4345036" lon="121.0998908">
<ele>1370.56</ele>
<time>2023-03-17T23:25:03Z</time>
</trkpt>
<trkpt lat="24.4345567" lon="121.0999005">
<ele>1375.26</ele>
<time>2023-03-17T23:25:41Z</time>
</trkpt>
<trkpt lat="24.4346107" lon="121.0999078">
<ele>1380.76</ele>
<time>2023-03-17T23:26:03Z</time>
</trkpt>
<trkpt lat="24.4345913" lon="121.0999542">
<ele>1382.93</ele>
<time>2023-03-17T23:26:17Z</time>
</trkpt>
<trkpt lat="24.4345442" lon="121.0999663">
<ele>1386.30</ele>
<time>2023-03-17T23:26:33Z</time>
</trkpt>
<trkpt lat="24.4345048" lon="121.0999942">
<ele>1386.44</ele>
<time>2023-03-17T23:26:59Z</time>
</trkpt>
<trkpt lat="24.4345464" lon="121.1000180">
<ele>1390.44</ele>
<time>2023-03-17T23:27:23Z</time>
</trkpt>
<trkpt lat="24.4345082" lon="121.1000616">
<ele>1391.80</ele>
<time>2023-03-17T23:27:37Z</time>
</trkpt>
<trkpt lat="24.4344802" lon="121.1001124">
<ele>1394.83</ele>
<time>2023-03-17T23:27:49Z</time>
</trkpt>
<trkpt lat="24.4344625" lon="121.1001580">
<ele>1401.94</ele>
<time>2023-03-17T23:28:55Z</time>
</trkpt>
<trkpt lat="24.4344505" lon="121.1002106">
<ele>1403.04</ele>
<time>2023-03-17T23:29:13Z</time>
</trkpt>
<trkpt lat="24.4343980" lon="121.1002218">
<ele>1400.83</ele>
<time>2023-03-17T23:29:23Z</time>
</trkpt>
<trkpt lat="24.4343538" lon="121.1002076">
<ele>1401.94</ele>
<time>2023-03-17T23:29:33Z</time>
</trkpt>
<trkpt lat="24.4343079" lon="121.1002271">
<ele>1406.46</ele>
<time>2023-03-17T23:29:51Z</time>
</trkpt>
<trkpt lat="24.4342540" lon="121.1002267">
<ele>1407.92</ele>
<time>2023-03-17T23:30:05Z</time>
</trkpt>
<trkpt lat="24.4342354" lon="121.1002785">
<ele>1411.55</ele>
<time>2023-03-17T23:30:19Z</time>
</trkpt>
<trkpt lat="24.4341911" lon="121.1002901">
<ele>1413.18</ele>
<time>2023-03-17T23:30:31Z</time>
</trkpt>
<trkpt lat="24.4341824" lon="121.1003436">
<ele>1417.38</ele>
<time>2023-03-17T23:30:55Z</time>
</trkpt>
<trkpt lat="24.4341319" lon="121.1003257">
<ele>1418.46</ele>
<time>2023-03-17T23:31:07Z</time>
</trkpt>
<trkpt lat="24.4340945" lon="121.1003555">
<ele>1420.44</ele>
<time>2023-03-17T23:31:23Z</time>
</trkpt>
<trkpt lat="24.4340556" lon="121.1003807">
<ele>1423.56</ele>
<time>2023-03-17T23:31:45Z</time>
</trkpt>
<trkpt lat="24.4340118" lon="121.1003976">
<ele>1425.12</ele>
<time>2023-03-17T23:31:57Z</time>
</trkpt>
<trkpt lat="24.4339849" lon="121.1004429">
<ele>1432.33</ele>
<time>2023-03-17T23:32:31Z</time>
</trkpt>
<trkpt lat="24.4339354" lon="121.1004499">
<ele>1431.64</ele>
<time>2023-03-17T23:32:39Z</time>
</trkpt>
<trkpt lat="24.4339173" lon="121.1004966">
<ele>1433.33</ele>
<time>2023-03-17T23:32:49Z</time>
</trkpt>
<trkpt lat="24.4339190" lon="121.1005493">
<ele>1434.25</ele>
<time>2023-03-17T23:33:01Z</time>
</trkpt>
<trkpt lat="24.4338978" lon="121.1006013">
<ele>1439.98</ele>
<time>2023-03-17T23:33:13Z</time>
</trkpt>
<trkpt lat="24.4339160" lon="121.1006477">
<ele>1438.40</ele>
<time>2023-03-17T23:33:21Z</time>
</trkpt>
<trkpt lat="24.4339047" lon="121.1007029">
<ele>1440.65</ele>
<time>2023-03-17T23:33:45Z</time>
</trkpt>
<trkpt lat="24.4338999" lon="121.1007602">
<ele>1445.70</ele>
<time>2023-03-17T23:34:07Z</time>
</trkpt>
<trkpt lat="24.4338776" lon="121.1008049">
<ele>1448.12</ele>
<time>2023-03-17T23:34:19Z</time>
</trkpt>
<trkpt lat="24.4338917" lon="121.1008613">
<ele>1452.05</ele>
<time>2023-03-17T23:34:49Z</time>
</trkpt>
<trkpt lat="24.4338994" lon="121.1009149">
<ele>1452.04</ele>
<time>2023-03-17T23:35:03Z</time>
</trkpt>
<trkpt lat="24.4338948" lon="121.1009685">
<ele>1453.29</ele>
<time>2023-03-17T23:35:27Z</time>
</trkpt>
<trkpt lat="24.4339265" lon="121.1010122">
<ele>1458.95</ele>
<time>2023-03-17T23:35:47Z</time>
</trkpt>
<trkpt lat="24.4339185" lon="121.1010697">
<ele>1460.64</ele>
<time>2023-03-17T23:35:59Z</time>
</trkpt>
<trkpt lat="24.4339511" lon="121.1011054">
<ele>1464.07</ele>
<time>2023-03-17T23:36:21Z</time>
</trkpt>
<trkpt lat="24.4339784" lon="121.1011454">
<ele>1468.30</ele>
<time>2023-03-17T23:36:35Z</time>
</trkpt>
<trkpt lat="24.4340088" lon="121.1011825">
<ele>1467.87</ele>
<time>2023-03-17T23:37:07Z</time>
</trkpt>
<trkpt lat="24.4339797" lon="121.1012216">
<ele>1470.04</ele>
<time>2023-03-17T23:37:15Z</time>
</trkpt>
<trkpt lat="24.4340030" lon="121.1012671">
<ele>1474.14</ele>
<time>2023-03-17T23:37:35Z</time>
</trkpt>
<trkpt lat="24.4339934" lon="121.1013201">
<ele>1479.08</ele>
<time>2023-03-17T23:37:59Z</time>
</trkpt>
<trkpt lat="24.4339831" lon="121.1013699">
<ele>1479.22</ele>
<time>2023-03-17T23:38:19Z</time>
</trkpt>
<trkpt lat="24.4340248" lon="121.1013917">
<ele>1487.59</ele>
<time>2023-03-17T23:39:27Z</time>
</trkpt>
<trkpt lat="24.4340394" lon="121.1014400">
<ele>1490.90</ele>
<time>2023-03-17T23:39:45Z</time>
</trkpt>
<trkpt lat="24.4340841" lon="121.1014501">
<ele>1488.33</ele>
<time>2023-03-17T23:40:36Z</time>
</trkpt>
<trkpt lat="24.4340403" lon="121.1014895">
<ele>1491.00</ele>
<time>2023-03-17T23:40:44Z</time>
</trkpt>
<trkpt lat="24.4340054" lon="121.1015247">
<ele>1499.75</ele>
<time>2023-03-17T23:41:10Z</time>
</trkpt>
<trkpt lat="24.4339687" lon="121.1015535">
<ele>1499.56</ele>
<time>2023-03-17T23:41:20Z</time>
</trkpt>
<trkpt lat="24.4339315" lon="121.1015966">
<ele>1501.46</ele>
<time>2023-03-17T23:41:30Z</time>
</trkpt>
<trkpt lat="24.4338893" lon="121.1016168">
<ele>1500.86</ele>
<time>2023-03-17T23:41:42Z</time>
</trkpt>
<trkpt lat="24.4339361" lon="121.1016305">
<ele>1501.98</ele>
<time>2023-03-17T23:41:56Z</time>
</trkpt>
<trkpt lat="24.4339183" lon="121.1016834">
<ele>1507.21</ele>
<time>2023-03-17T23:42:12Z</time>
</trkpt>
<trkpt lat="24.4338742" lon="121.1017052">
<ele>1508.49</ele>
<time>2023-03-17T23:42:24Z</time>
</trkpt>
<trkpt lat="24.4338190" lon="121.1017089">
<ele>1509.32</ele>
<time>2023-03-17T23:42:44Z</time>
</trkpt>
<trkpt lat="24.4337941" lon="121.1017553">
<ele>1510.80</ele>
<time>2023-03-17T23:43:04Z</time>
</trkpt>
<trkpt lat="24.4337578" lon="121.1017855">
<ele>1514.93</ele>
<time>2023-03-17T23:43:38Z</time>
</trkpt>
<trkpt lat="24.4337576" lon="121.1018366">
<ele>1522.76</ele>
<time>2023-03-17T23:44:00Z</time>
</trkpt>
<trkpt lat="24.4337541" lon="121.1018933">
<ele>1524.26</ele>
<time>2023-03-17T23:44:18Z</time>
</trkpt>
<trkpt lat="24.4337279" lon="121.1019354">
<ele>1523.76</ele>
<time>2023-03-17T23:44:46Z</time>
</trkpt>
<trkpt lat="24.4336863" lon="121.1019146">
<ele>1524.63</ele>
<time>2023-03-17T23:45:00Z</time>
</trkpt>
<trkpt lat="24.4336330" lon="121.1019082">
<ele>1526.36</ele>
<time>2023-03-17T23:45:28Z</time>
</trkpt>
<trkpt lat="24.4336225" lon="121.1019603">
<ele>1530.35</ele>
<time>2023-03-17T23:45:50Z</time>
</trkpt>
<trkpt lat="24.4335709" lon="121.1019531">
<ele>1531.99</ele>
<time>2023-03-17T23:46:03Z</time>
</trkpt>
<trkpt lat="24.4335234" lon="121.1019659">
<ele>1533.60</ele>
<time>2023-03-17T23:46:15Z</time>
</trkpt>
<trkpt lat="24.4334979" lon="121.1020081">
<ele>1534.75</ele>
<time>2023-03-17T23:46:27Z</time>
</trkpt>
<trkpt lat="24.4334546" lon="121.1020334">
<ele>1536.06</ele>
<time>2023-03-17T23:46:37Z</time>
</trkpt>
<trkpt lat="24.4334167" lon="121.1020786">
<ele>1538.45</ele>
<time>2023-03-17T23:46:47Z</time>
</trkpt>
<trkpt lat="24.4334008" lon="121.1021273">
<ele>1536.89</ele>
<time>2023-03-17T23:46:59Z</time>
</trkpt>
<trkpt lat="24.4333701" lon="121.1021664">
<ele>1536.39</ele>
<time>2023-03-17T23:47:07Z</time>
</trkpt>
<trkpt lat="24.4333387" lon="121.1022033">
<ele>1536.58</ele>
<time>2023-03-17T23:47:17Z</time>
</trkpt>
<trkpt lat="24.4333160" lon="121.1022482">
<ele>1536.91</ele>
<time>2023-03-17T23:47:27Z</time>
</trkpt>
<trkpt lat="24.4332733" lon="121.1022883">
<ele>1536.01</ele>
<time>2023-03-17T23:47:41Z</time>
</trkpt>
<trkpt lat="24.4332368" lon="121.1023429">
<ele>1535.53</ele>
<time>2023-03-17T23:47:47Z</time>
</trkpt>
<trkpt lat="24.4332352" lon="121.1023975">
<ele>1534.59</ele>
<time>2023-03-17T23:47:55Z</time>
</trkpt>
<trkpt lat="24.4332004" lon="121.1024431">
<ele>1538.05</ele>
<time>2023-03-17T23:48:03Z</time>
</trkpt>
<trkpt lat="24.4332111" lon="121.1025026">
<ele>1538.85</ele>
<time>2023-03-17T23:48:13Z</time>
</trkpt>
<trkpt lat="24.4331947" lon="121.1025639">
<ele>1541.38</ele>
<time>2023-03-17T23:48:21Z</time>
</trkpt>
<trkpt lat="24.4331672" lon="121.1026047">
<ele>1543.54</ele>
<time>2023-03-17T23:48:29Z</time>
</trkpt>
<trkpt lat="24.4331958" lon="121.1026449">
<ele>1545.89</ele>
<time>2023-03-17T23:48:41Z</time>
</trkpt>
<trkpt lat="24.4331975" lon="121.1026967">
<ele>1545.75</ele>
<time>2023-03-17T23:48:57Z</time>
</trkpt>
<trkpt lat="24.4332034" lon="121.1027537">
<ele>1547.83</ele>
<time>2023-03-17T23:49:19Z</time>
</trkpt>
<trkpt lat="24.4331998" lon="121.1028115">
<ele>1546.97</ele>
<time>2023-03-17T23:49:33Z</time>
</trkpt>
<trkpt lat="24.4331992" lon="121.1028661">
<ele>1548.85</ele>
<time>2023-03-17T23:49:45Z</time>
</trkpt>
<trkpt lat="24.4332370" lon="121.1028328">
<ele>1553.26</ele>
<time>2023-03-17T23:50:05Z</time>
</trkpt>
<trkpt lat="24.4332779" lon="121.1028552">
<ele>1555.70</ele>
<time>2023-03-17T23:50:15Z</time>
</trkpt>
<trkpt lat="24.4332778" lon="121.1029070">
<ele>1558.36</ele>
<time>2023-03-17T23:50:29Z</time>
</trkpt>
<trkpt lat="24.4332995" lon="121.1029508">
<ele>1557.53</ele>
<time>2023-03-17T23:50:41Z</time>
</trkpt>
<trkpt lat="24.4332793" lon="121.1029975">
<ele>1562.89</ele>
<time>2023-03-17T23:50:57Z</time>
</trkpt>
<trkpt lat="24.4333322" lon="121.1030093">
<ele>1570.22</ele>
<time>2023-03-17T23:51:29Z</time>
</trkpt>
<trkpt lat="24.4333402" lon="121.1030708">
<ele>1568.90</ele>
<time>2023-03-17T23:51:41Z</time>
</trkpt>
<trkpt lat="24.4333456" lon="121.1031198">
<ele>1571.06</ele>
<time>2023-03-17T23:51:53Z</time>
</trkpt>
<trkpt lat="24.4333468" lon="121.1031751">
<ele>1569.87</ele>
<time>2023-03-17T23:52:13Z</time>
</trkpt>
<trkpt lat="24.4333132" lon="121.1031232">
<ele>1574.30</ele>
<time>2023-03-17T23:53:13Z</time>
</trkpt>
<trkpt lat="24.4333291" lon="121.1031713">
<ele>1578.53</ele>
<time>2023-03-17T23:54:31Z</time>
</trkpt>
<trkpt lat="24.4333656" lon="121.1032053">
<ele>1580.42</ele>
<time>2023-03-17T23:54:39Z</time>
</trkpt>
<trkpt lat="24.4333681" lon="121.1032633">
<ele>1577.99</ele>
<time>2023-03-17T23:54:51Z</time>
</trkpt>
<trkpt lat="24.4333832" lon="121.1033142">
<ele>1584.02</ele>
<time>2023-03-17T23:56:07Z</time>
</trkpt>
<trkpt lat="24.4334189" lon="121.1032811">
<ele>1587.23</ele>
<time>2023-03-17T23:56:15Z</time>
</trkpt>
<trkpt lat="24.4333990" lon="121.1033259">
<ele>1588.58</ele>
<time>2023-03-17T23:56:27Z</time>
</trkpt>
<trkpt lat="24.4333987" lon="121.1033757">
<ele>1589.38</ele>
<time>2023-03-17T23:56:43Z</time>
</trkpt>
<trkpt lat="24.4333572" lon="121.1033949">
<ele>1591.76</ele>
<time>2023-03-17T23:57:09Z</time>
</trkpt>
<trkpt lat="24.4334016" lon="121.1034068">
<ele>1596.74</ele>
<time>2023-03-17T23:57:57Z</time>
</trkpt>
<trkpt lat="24.4334049" lon="121.1034599">
<ele>1600.41</ele>
<time>2023-03-17T23:58:31Z</time>
</trkpt>
<trkpt lat="24.4333685" lon="121.1034970">
<ele>1601.94</ele>
<time>2023-03-17T23:58:59Z</time>
</trkpt>
<trkpt lat="24.4333293" lon="121.1035291">
<ele>1605.64</ele>
<time>2023-03-17T23:59:21Z</time>
</trkpt>
<trkpt lat="24.4333794" lon="121.1035443">
<ele>1606.48</ele>
<time>2023-03-17T23:59:35Z</time>
</trkpt>
<trkpt lat="24.4333488" lon="121.1035816">
<ele>1611.01</ele>
<time>2023-03-17T23:59:59Z</time>
</trkpt>
<trkpt lat="24.4333509" lon="121.1036343">
<ele>1612.92</ele>
<time>2023-03-18T00:00:09Z</time>
</trkpt>
<trkpt lat="24.4333890" lon="121.1036062">
<ele>1613.63</ele>
<time>2023-03-18T00:00:23Z</time>
</trkpt>
<trkpt lat="24.4334155" lon="121.1036510">
<ele>1615.29</ele>
<time>2023-03-18T00:00:45Z</time>
</trkpt>
<trkpt lat="24.4334182" lon="121.1037042">
<ele>1618.13</ele>
<time>2023-03-18T00:01:03Z</time>
</trkpt>
<trkpt lat="24.4334675" lon="121.1037051">
<ele>1617.81</ele>
<time>2023-03-18T00:01:19Z</time>
</trkpt>
<trkpt lat="24.4334584" lon="121.1037540">
<ele>1618.13</ele>
<time>2023-03-18T00:01:37Z</time>
</trkpt>
<trkpt lat="24.4334759" lon="121.1038015">
<ele>1621.49</ele>
<time>2023-03-18T00:01:59Z</time>
</trkpt>
<trkpt lat="24.4334356" lon="121.1037738">
<ele>1625.30</ele>
<time>2023-03-18T00:02:08Z</time>
</trkpt>
<trkpt lat="24.4334759" lon="121.1038068">
<ele>1630.21</ele>
<time>2023-03-18T00:02:32Z</time>
</trkpt>
<trkpt lat="24.4334440" lon="121.1038416">
<ele>1635.05</ele>
<time>2023-03-18T00:02:48Z</time>
</trkpt>
<trkpt lat="24.4334666" lon="121.1038894">
<ele>1635.63</ele>
<time>2023-03-18T00:03:14Z</time>
</trkpt>
<trkpt lat="24.4334438" lon="121.1039350">
<ele>1642.60</ele>
<time>2023-03-18T00:03:54Z</time>
</trkpt>
<trkpt lat="24.4334422" lon="121.1040174">
<ele>1642.57</ele>
<time>2023-03-18T00:04:48Z</time>
</trkpt>
<trkpt lat="24.4334554" lon="121.1040679">
<ele>1648.17</ele>
<time>2023-03-18T00:05:22Z</time>
</trkpt>
<trkpt lat="24.4334936" lon="121.1041004">
<ele>1649.50</ele>
<time>2023-03-18T00:05:28Z</time>
</trkpt>
<trkpt lat="24.4335046" lon="121.1041543">
<ele>1655.50</ele>
<time>2023-03-18T00:06:02Z</time>
</trkpt>
<trkpt lat="24.4335309" lon="121.1041997">
<ele>1657.05</ele>
<time>2023-03-18T00:06:16Z</time>
</trkpt>
<trkpt lat="24.4334890" lon="121.1042200">
<ele>1662.52</ele>
<time>2023-03-18T00:06:32Z</time>
</trkpt>
<trkpt lat="24.4335053" lon="121.1042741">
<ele>1660.87</ele>
<time>2023-03-18T00:06:50Z</time>
</trkpt>
<trkpt lat="24.4335386" lon="121.1043107">
<ele>1666.22</ele>
<time>2023-03-18T00:07:10Z</time>
</trkpt>
<trkpt lat="24.4335306" lon="121.1043594">
<ele>1668.47</ele>
<time>2023-03-18T00:07:22Z</time>
</trkpt>
<trkpt lat="24.4335563" lon="121.1044013">
<ele>1676.18</ele>
<time>2023-03-18T00:08:30Z</time>
</trkpt>
<trkpt lat="24.4335689" lon="121.1044492">
<ele>1678.45</ele>
<time>2023-03-18T00:08:48Z</time>
</trkpt>
<trkpt lat="24.4335661" lon="121.1045027">
<ele>1681.48</ele>
<time>2023-03-18T00:09:28Z</time>
</trkpt>
<trkpt lat="24.4335246" lon="121.1045661">
<ele>1683.98</ele>
<time>2023-03-18T00:09:50Z</time>
</trkpt>
<trkpt lat="24.4334780" lon="121.1045613">
<ele>1689.75</ele>
<time>2023-03-18T00:11:28Z</time>
</trkpt>
<trkpt lat="24.4334378" lon="121.1045356">
<ele>1689.33</ele>
<time>2023-03-18T00:12:06Z</time>
</trkpt>
<trkpt lat="24.4334804" lon="121.1045557">
<ele>1685.22</ele>
<time>2023-03-18T00:12:36Z</time>
</trkpt>
<trkpt lat="24.4335263" lon="121.1045582">
<ele>1690.02</ele>
<time>2023-03-18T00:13:57Z</time>
</trkpt>
<trkpt lat="24.4335080" lon="121.1046108">
<ele>1689.82</ele>
<time>2023-03-18T00:21:01Z</time>
</trkpt>
<trkpt lat="24.4335051" lon="121.1046638">
<ele>1691.35</ele>
<time>2023-03-18T00:21:17Z</time>
</trkpt>
<trkpt lat="24.4334825" lon="121.1047080">
<ele>1692.70</ele>
<time>2023-03-18T00:21:33Z</time>
</trkpt>
<trkpt lat="24.4334468" lon="121.1047393">
<ele>1697.67</ele>
<time>2023-03-18T00:22:09Z</time>
</trkpt>
<trkpt lat="24.4334340" lon="121.1047877">
<ele>1702.84</ele>
<time>2023-03-18T00:22:31Z</time>
</trkpt>
<trkpt lat="24.4334202" lon="121.1048409">
<ele>1704.44</ele>
<time>2023-03-18T00:22:49Z</time>
</trkpt>
<trkpt lat="24.4334204" lon="121.1048970">
<ele>1705.86</ele>
<time>2023-03-18T00:23:07Z</time>
</trkpt>
<trkpt lat="24.4334171" lon="121.1049475">
<ele>1710.66</ele>
<time>2023-03-18T00:23:29Z</time>
</trkpt>
<trkpt lat="24.4334281" lon="121.1049969">
<ele>1713.13</ele>
<time>2023-03-18T00:23:51Z</time>
</trkpt>
<trkpt lat="24.4334330" lon="121.1050523">
<ele>1716.82</ele>
<time>2023-03-18T00:24:19Z</time>
</trkpt>
<trkpt lat="24.4334277" lon="121.1051037">
<ele>1722.23</ele>
<time>2023-03-18T00:24:35Z</time>
</trkpt>
<trkpt lat="24.4333746" lon="121.1051198">
<ele>1725.41</ele>
<time>2023-03-18T00:24:53Z</time>
</trkpt>
<trkpt lat="24.4334163" lon="121.1051575">
<ele>1728.88</ele>
<time>2023-03-18T00:25:25Z</time>
</trkpt>
<trkpt lat="24.4334094" lon="121.1052095">
<ele>1732.18</ele>
<time>2023-03-18T00:26:11Z</time>
</trkpt>
<trkpt lat="24.4334494" lon="121.1052418">
<ele>1734.49</ele>
<time>2023-03-18T00:26:35Z</time>
</trkpt>
<trkpt lat="24.4334690" lon="121.1052924">
<ele>1737.38</ele>
<time>2023-03-18T00:26:51Z</time>
</trkpt>
<trkpt lat="24.4334374" lon="121.1053323">
<ele>1741.42</ele>
<time>2023-03-18T00:27:03Z</time>
</trkpt>
<trkpt lat="24.4334072" lon="121.1052951">
<ele>1740.60</ele>
<time>2023-03-18T00:31:46Z</time>
</trkpt>
<trkpt lat="24.4334461" lon="121.1052593">
<ele>1744.05</ele>
<time>2023-03-18T00:32:22Z</time>
</trkpt>
<trkpt lat="24.4334073" lon="121.1052931">
<ele>1740.72</ele>
<time>2023-03-18T00:33:12Z</time>
</trkpt>
<trkpt lat="24.4334318" lon="121.1053348">
<ele>1740.77</ele>
<time>2023-03-18T00:36:00Z</time>
</trkpt>
<trkpt lat="24.4333764" lon="121.1053775">
<ele>1740.57</ele>
<time>2023-03-18T00:36:10Z</time>
</trkpt>
<trkpt lat="24.4333414" lon="121.1054129">
<ele>1740.28</ele>
<time>2023-03-18T00:36:14Z</time>
</trkpt>
<trkpt lat="24.4333446" lon="121.1054745">
<ele>1740.74</ele>
<time>2023-03-18T00:36:20Z</time>
</trkpt>
<trkpt lat="24.4333510" lon="121.1055301">
<ele>1741.71</ele>
<time>2023-03-18T00:36:26Z</time>
</trkpt>
<trkpt lat="24.4333092" lon="121.1055696">
<ele>1743.07</ele>
<time>2023-03-18T00:36:32Z</time>
</trkpt>
<trkpt lat="24.4332654" lon="121.1056207">
<ele>1744.07</ele>
<time>2023-03-18T00:36:38Z</time>
</trkpt>
<trkpt lat="24.4332467" lon="121.1056689">
<ele>1742.95</ele>
<time>2023-03-18T00:36:44Z</time>
</trkpt>
<trkpt lat="24.4332680" lon="121.1057208">
<ele>1741.51</ele>
<time>2023-03-18T00:36:50Z</time>
</trkpt>
<trkpt lat="24.4332598" lon="121.1057744">
<ele>1741.07</ele>
<time>2023-03-18T00:36:56Z</time>
</trkpt>
<trkpt lat="24.4332435" lon="121.1058301">
<ele>1740.87</ele>
<time>2023-03-18T00:37:02Z</time>
</trkpt>
<trkpt lat="24.4332282" lon="121.1058835">
<ele>1739.62</ele>
<time>2023-03-18T00:37:08Z</time>
</trkpt>
<trkpt lat="24.4332138" lon="121.1059379">
<ele>1739.39</ele>
<time>2023-03-18T00:37:14Z</time>
</trkpt>
<trkpt lat="24.4331818" lon="121.1059807">
<ele>1739.87</ele>
<time>2023-03-18T00:37:20Z</time>
</trkpt>
<trkpt lat="24.4331598" lon="121.1060294">
<ele>1739.52</ele>
<time>2023-03-18T00:37:26Z</time>
</trkpt>
<trkpt lat="24.4331840" lon="121.1060888">
<ele>1738.71</ele>
<time>2023-03-18T00:37:34Z</time>
</trkpt>
<trkpt lat="24.4331614" lon="121.1061407">
<ele>1739.91</ele>
<time>2023-03-18T00:37:40Z</time>
</trkpt>
<trkpt lat="24.4331320" lon="121.1061788">
<ele>1740.15</ele>
<time>2023-03-18T00:37:46Z</time>
</trkpt>
<trkpt lat="24.4331197" lon="121.1062353">
<ele>1740.51</ele>
<time>2023-03-18T00:37:50Z</time>
</trkpt>
<trkpt lat="24.4331447" lon="121.1062790">
<ele>1740.49</ele>
<time>2023-03-18T00:37:56Z</time>
</trkpt>
<trkpt lat="24.4331405" lon="121.1063391">
<ele>1740.31</ele>
<time>2023-03-18T00:38:18Z</time>
</trkpt>
<trkpt lat="24.4331335" lon="121.1064048">
<ele>1738.65</ele>
<time>2023-03-18T00:38:24Z</time>
</trkpt>
<trkpt lat="24.4331233" lon="121.1064530">
<ele>1739.11</ele>
<time>2023-03-18T00:38:54Z</time>
</trkpt>
<trkpt lat="24.4330864" lon="121.1064855">
<ele>1742.01</ele>
<time>2023-03-18T00:39:02Z</time>
</trkpt>
<trkpt lat="24.4330376" lon="121.1065073">
<ele>1743.54</ele>
<time>2023-03-18T00:39:12Z</time>
</trkpt>
<trkpt lat="24.4330634" lon="121.1065684">
<ele>1745.63</ele>
<time>2023-03-18T00:39:20Z</time>
</trkpt>
<trkpt lat="24.4330169" lon="121.1065812">
<ele>1748.61</ele>
<time>2023-03-18T00:39:28Z</time>
</trkpt>
<trkpt lat="24.4329887" lon="121.1066248">
<ele>1751.57</ele>
<time>2023-03-18T00:39:40Z</time>
</trkpt>
<trkpt lat="24.4329532" lon="121.1066632">
<ele>1751.48</ele>
<time>2023-03-18T00:39:56Z</time>
</trkpt>
<trkpt lat="24.4329571" lon="121.1067222">
<ele>1753.34</ele>
<time>2023-03-18T00:40:06Z</time>
</trkpt>
<trkpt lat="24.4329335" lon="121.1067785">
<ele>1754.57</ele>
<time>2023-03-18T00:40:16Z</time>
</trkpt>
<trkpt lat="24.4329666" lon="121.1068219">
<ele>1756.89</ele>
<time>2023-03-18T00:40:30Z</time>
</trkpt>
<trkpt lat="24.4329588" lon="121.1068764">
<ele>1758.99</ele>
<time>2023-03-18T00:40:40Z</time>
</trkpt>
<trkpt lat="24.4329295" lon="121.1069164">
<ele>1758.52</ele>
<time>2023-03-18T00:40:46Z</time>
</trkpt>
<trkpt lat="24.4329052" lon="121.1069610">
<ele>1760.00</ele>
<time>2023-03-18T00:40:54Z</time>
</trkpt>
<trkpt lat="24.4328838" lon="121.1070101">
<ele>1760.54</ele>
<time>2023-03-18T00:41:04Z</time>
</trkpt>
<trkpt lat="24.4328581" lon="121.1070530">
<ele>1761.97</ele>
<time>2023-03-18T00:41:12Z</time>
</trkpt>
<trkpt lat="24.4328360" lon="121.1071131">
<ele>1760.14</ele>
<time>2023-03-18T00:41:38Z</time>
</trkpt>
<trkpt lat="24.4328122" lon="121.1071733">
<ele>1763.07</ele>
<time>2023-03-18T00:41:46Z</time>
</trkpt>
<trkpt lat="24.4327799" lon="121.1072209">
<ele>1762.15</ele>
<time>2023-03-18T00:41:56Z</time>
</trkpt>
<trkpt lat="24.4327506" lon="121.1072682">
<ele>1760.13</ele>
<time>2023-03-18T00:42:04Z</time>
</trkpt>
<trkpt lat="24.4327574" lon="121.1073217">
<ele>1761.87</ele>
<time>2023-03-18T00:42:10Z</time>
</trkpt>
<trkpt lat="24.4327222" lon="121.1073602">
<ele>1762.01</ele>
<time>2023-03-18T00:42:18Z</time>
</trkpt>
<trkpt lat="24.4326709" lon="121.1074003">
<ele>1762.39</ele>
<time>2023-03-18T00:42:24Z</time>
</trkpt>
<trkpt lat="24.4326547" lon="121.1074484">
<ele>1763.33</ele>
<time>2023-03-18T00:42:30Z</time>
</trkpt>
<trkpt lat="24.4326523" lon="121.1075024">
<ele>1764.71</ele>
<time>2023-03-18T00:42:36Z</time>
</trkpt>
<trkpt lat="24.4326216" lon="121.1075583">
<ele>1761.57</ele>
<time>2023-03-18T00:42:46Z</time>
</trkpt>
<trkpt lat="24.4326120" lon="121.1076243">
<ele>1760.42</ele>
<time>2023-03-18T00:42:56Z</time>
</trkpt>
<trkpt lat="24.4326312" lon="121.1076730">
<ele>1760.34</ele>
<time>2023-03-18T00:43:06Z</time>
</trkpt>
<trkpt lat="24.4326270" lon="121.1077256">
<ele>1763.45</ele>
<time>2023-03-18T00:43:18Z</time>
</trkpt>
<trkpt lat="24.4325936" lon="121.1077587">
<ele>1764.90</ele>
<time>2023-03-18T00:43:28Z</time>
</trkpt>
<trkpt lat="24.4325476" lon="121.1077956">
<ele>1766.63</ele>
<time>2023-03-18T00:43:46Z</time>
</trkpt>
<trkpt lat="24.4325242" lon="121.1078413">
<ele>1768.32</ele>
<time>2023-03-18T00:43:54Z</time>
</trkpt>
<trkpt lat="24.4324827" lon="121.1078810">
<ele>1769.30</ele>
<time>2023-03-18T00:44:04Z</time>
</trkpt>
<trkpt lat="24.4324508" lon="121.1079247">
<ele>1769.55</ele>
<time>2023-03-18T00:44:12Z</time>
</trkpt>
<trkpt lat="24.4324122" lon="121.1079748">
<ele>1767.61</ele>
<time>2023-03-18T00:44:24Z</time>
</trkpt>
<trkpt lat="24.4323705" lon="121.1080007">
<ele>1771.83</ele>
<time>2023-03-18T00:44:36Z</time>
</trkpt>
<trkpt lat="24.4323591" lon="121.1080557">
<ele>1773.15</ele>
<time>2023-03-18T00:44:46Z</time>
</trkpt>
<trkpt lat="24.4323078" lon="121.1080599">
<ele>1776.47</ele>
<time>2023-03-18T00:44:58Z</time>
</trkpt>
<trkpt lat="24.4322803" lon="121.1081093">
<ele>1776.74</ele>
<time>2023-03-18T00:45:06Z</time>
</trkpt>
<trkpt lat="24.4322391" lon="121.1081323">
<ele>1779.65</ele>
<time>2023-03-18T00:45:18Z</time>
</trkpt>
<trkpt lat="24.4322100" lon="121.1081722">
<ele>1781.48</ele>
<time>2023-03-18T00:45:30Z</time>
</trkpt>
<trkpt lat="24.4322521" lon="121.1082065">
<ele>1777.94</ele>
<time>2023-03-18T00:45:35Z</time>
</trkpt>
<trkpt lat="24.4321947" lon="121.1081994">
<ele>1779.75</ele>
<time>2023-03-18T00:45:51Z</time>
</trkpt>
<trkpt lat="24.4321505" lon="121.1082376">
<ele>1786.96</ele>
<time>2023-03-18T00:46:07Z</time>
</trkpt>
<trkpt lat="24.4321079" lon="121.1082556">
<ele>1785.96</ele>
<time>2023-03-18T00:46:15Z</time>
</trkpt>
<trkpt lat="24.4320817" lon="121.1082965">
<ele>1787.12</ele>
<time>2023-03-18T00:46:27Z</time>
</trkpt>
<trkpt lat="24.4320331" lon="121.1083048">
<ele>1788.73</ele>
<time>2023-03-18T00:47:11Z</time>
</trkpt>
<trkpt lat="24.4319926" lon="121.1083361">
<ele>1789.39</ele>
<time>2023-03-18T00:47:43Z</time>
</trkpt>
<trkpt lat="24.4319582" lon="121.1083041">
<ele>1789.01</ele>
<time>2023-03-18T00:48:01Z</time>
</trkpt>
<trkpt lat="24.4319223" lon="121.1083395">
<ele>1790.64</ele>
<time>2023-03-18T00:48:23Z</time>
</trkpt>
<trkpt lat="24.4319108" lon="121.1083874">
<ele>1792.62</ele>
<time>2023-03-18T00:48:37Z</time>
</trkpt>
<trkpt lat="24.4318679" lon="121.1084079">
<ele>1796.10</ele>
<time>2023-03-18T00:49:19Z</time>
</trkpt>
<trkpt lat="24.4318341" lon="121.1084417">
<ele>1798.73</ele>
<time>2023-03-18T00:49:31Z</time>
</trkpt>
<trkpt lat="24.4317987" lon="121.1084845">
<ele>1801.00</ele>
<time>2023-03-18T00:49:47Z</time>
</trkpt>
<trkpt lat="24.4317789" lon="121.1085315">
<ele>1803.50</ele>
<time>2023-03-18T00:49:57Z</time>
</trkpt>
<trkpt lat="24.4317534" lon="121.1085842">
<ele>1806.39</ele>
<time>2023-03-18T00:50:13Z</time>
</trkpt>
<trkpt lat="24.4317054" lon="121.1086092">
<ele>1809.56</ele>
<time>2023-03-18T00:50:49Z</time>
</trkpt>
<trkpt lat="24.4316704" lon="121.1085767">
<ele>1808.75</ele>
<time>2023-03-18T00:51:37Z</time>
</trkpt>
<trkpt lat="24.4316225" lon="121.1085453">
<ele>1811.51</ele>
<time>2023-03-18T00:51:47Z</time>
</trkpt>
<trkpt lat="24.4315771" lon="121.1085743">
<ele>1815.36</ele>
<time>2023-03-18T00:51:59Z</time>
</trkpt>
<trkpt lat="24.4315387" lon="121.1086020">
<ele>1815.11</ele>
<time>2023-03-18T00:52:09Z</time>
</trkpt>
<trkpt lat="24.4314902" lon="121.1085957">
<ele>1817.30</ele>
<time>2023-03-18T00:52:21Z</time>
</trkpt>
<trkpt lat="24.4314328" lon="121.1085998">
<ele>1818.32</ele>
<time>2023-03-18T00:52:35Z</time>
</trkpt>
<trkpt lat="24.4314518" lon="121.1086472">
<ele>1814.99</ele>
<time>2023-03-18T00:52:45Z</time>
</trkpt>
<trkpt lat="24.4314486" lon="121.1085901">
<ele>1816.83</ele>
<time>2023-03-18T00:53:01Z</time>
</trkpt>
<trkpt lat="24.4314174" lon="121.1085410">
<ele>1816.91</ele>
<time>2023-03-18T00:53:07Z</time>
</trkpt>
<trkpt lat="24.4313791" lon="121.1085734">
<ele>1817.42</ele>
<time>2023-03-18T00:53:25Z</time>
</trkpt>
<trkpt lat="24.4313725" lon="121.1086228">
<ele>1818.33</ele>
<time>2023-03-18T00:53:41Z</time>
</trkpt>
<trkpt lat="24.4313889" lon="121.1086688">
<ele>1818.20</ele>
<time>2023-03-18T00:54:09Z</time>
</trkpt>
<trkpt lat="24.4314156" lon="121.1087203">
<ele>1818.49</ele>
<time>2023-03-18T00:54:19Z</time>
</trkpt>
<trkpt lat="24.4314025" lon="121.1087756">
<ele>1820.62</ele>
<time>2023-03-18T00:54:27Z</time>
</trkpt>
<trkpt lat="24.4313781" lon="121.1088198">
<ele>1822.72</ele>
<time>2023-03-18T00:54:37Z</time>
</trkpt>
<trkpt lat="24.4313842" lon="121.1088740">
<ele>1822.55</ele>
<time>2023-03-18T00:54:45Z</time>
</trkpt>
<trkpt lat="24.4313749" lon="121.1089244">
<ele>1822.63</ele>
<time>2023-03-18T00:54:53Z</time>
</trkpt>
<trkpt lat="24.4313593" lon="121.1089709">
<ele>1823.39</ele>
<time>2023-03-18T00:54:59Z</time>
</trkpt>
<trkpt lat="24.4313284" lon="121.1090113">
<ele>1824.95</ele>
<time>2023-03-18T00:55:05Z</time>
</trkpt>
<trkpt lat="24.4312928" lon="121.1090516">
<ele>1827.89</ele>
<time>2023-03-18T00:55:13Z</time>
</trkpt>
<trkpt lat="24.4312878" lon="121.1091151">
<ele>1829.61</ele>
<time>2023-03-18T00:55:23Z</time>
</trkpt>
<trkpt lat="24.4312520" lon="121.1091564">
<ele>1830.14</ele>
<time>2023-03-18T00:55:31Z</time>
</trkpt>
<trkpt lat="24.4312449" lon="121.1092118">
<ele>1829.86</ele>
<time>2023-03-18T00:55:39Z</time>
</trkpt>
<trkpt lat="24.4311953" lon="121.1092389">
<ele>1829.11</ele>
<time>2023-03-18T00:55:47Z</time>
</trkpt>
<trkpt lat="24.4311493" lon="121.1092235">
<ele>1828.36</ele>
<time>2023-03-18T00:55:55Z</time>
</trkpt>
<trkpt lat="24.4311215" lon="121.1092716">
<ele>1827.53</ele>
<time>2023-03-18T00:56:01Z</time>
</trkpt>
<trkpt lat="24.4310889" lon="121.1093193">
<ele>1828.86</ele>
<time>2023-03-18T00:56:09Z</time>
</trkpt>
<trkpt lat="24.4310358" lon="121.1093330">
<ele>1829.87</ele>
<time>2023-03-18T00:56:19Z</time>
</trkpt>
<trkpt lat="24.4309881" lon="121.1093572">
<ele>1830.23</ele>
<time>2023-03-18T00:56:25Z</time>
</trkpt>
<trkpt lat="24.4309655" lon="121.1094027">
<ele>1826.71</ele>
<time>2023-03-18T00:56:41Z</time>
</trkpt>
<trkpt lat="24.4309507" lon="121.1094672">
<ele>1827.15</ele>
<time>2023-03-18T00:56:51Z</time>
</trkpt>
<trkpt lat="24.4309051" lon="121.1094815">
<ele>1827.32</ele>
<time>2023-03-18T00:56:57Z</time>
</trkpt>
<trkpt lat="24.4308601" lon="121.1094967">
<ele>1826.91</ele>
<time>2023-03-18T00:57:03Z</time>
</trkpt>
<trkpt lat="24.4308036" lon="121.1094972">
<ele>1826.07</ele>
<time>2023-03-18T00:57:11Z</time>
</trkpt>
<trkpt lat="24.4307492" lon="121.1095014">
<ele>1821.07</ele>
<time>2023-03-18T00:57:16Z</time>
</trkpt>
<trkpt lat="24.4306978" lon="121.1095020">
<ele>1824.58</ele>
<time>2023-03-18T00:57:25Z</time>
</trkpt>
<trkpt lat="24.4306537" lon="121.1095291">
<ele>1825.28</ele>
<time>2023-03-18T00:57:31Z</time>
</trkpt>
<trkpt lat="24.4306003" lon="121.1095137">
<ele>1827.68</ele>
<time>2023-03-18T00:57:37Z</time>
</trkpt>
<trkpt lat="24.4305527" lon="121.1095384">
<ele>1828.33</ele>
<time>2023-03-18T00:57:43Z</time>
</trkpt>
<trkpt lat="24.4305141" lon="121.1095829">
<ele>1826.64</ele>
<time>2023-03-18T00:57:49Z</time>
</trkpt>
<trkpt lat="24.4304682" lon="121.1095768">
<ele>1826.48</ele>
<time>2023-03-18T00:57:55Z</time>
</trkpt>
<trkpt lat="24.4304267" lon="121.1096042">
<ele>1827.71</ele>
<time>2023-03-18T00:58:01Z</time>
</trkpt>
<trkpt lat="24.4303727" lon="121.1096063">
<ele>1825.26</ele>
<time>2023-03-18T00:58:09Z</time>
</trkpt>
<trkpt lat="24.4303395" lon="121.1095649">
<ele>1823.01</ele>
<time>2023-03-18T00:58:15Z</time>
</trkpt>
<trkpt lat="24.4302917" lon="121.1095895">
<ele>1827.16</ele>
<time>2023-03-18T00:58:25Z</time>
</trkpt>
<trkpt lat="24.4302510" lon="121.1095571">
<ele>1827.53</ele>
<time>2023-03-18T00:58:39Z</time>
</trkpt>
<trkpt lat="24.4301995" lon="121.1095575">
<ele>1830.36</ele>
<time>2023-03-18T00:58:55Z</time>
</trkpt>
<trkpt lat="24.4301513" lon="121.1095761">
<ele>1828.53</ele>
<time>2023-03-18T00:59:05Z</time>
</trkpt>
<trkpt lat="24.4301123" lon="121.1096035">
<ele>1827.93</ele>
<time>2023-03-18T00:59:11Z</time>
</trkpt>
<trkpt lat="24.4300803" lon="121.1096465">
<ele>1828.28</ele>
<time>2023-03-18T00:59:17Z</time>
</trkpt>
<trkpt lat="24.4300368" lon="121.1096653">
<ele>1827.11</ele>
<time>2023-03-18T00:59:25Z</time>
</trkpt>
<trkpt lat="24.4299867" lon="121.1096905">
<ele>1828.10</ele>
<time>2023-03-18T00:59:33Z</time>
</trkpt>
<trkpt lat="24.4299720" lon="121.1097377">
<ele>1826.65</ele>
<time>2023-03-18T00:59:45Z</time>
</trkpt>
<trkpt lat="24.4299261" lon="121.1097404">
<ele>1826.11</ele>
<time>2023-03-18T00:59:51Z</time>
</trkpt>
<trkpt lat="24.4298769" lon="121.1097571">
<ele>1825.84</ele>
<time>2023-03-18T00:59:57Z</time>
</trkpt>
<trkpt lat="24.4298335" lon="121.1097773">
<ele>1824.95</ele>
<time>2023-03-18T01:00:03Z</time>
</trkpt>
<trkpt lat="24.4297851" lon="121.1097790">
<ele>1825.38</ele>
<time>2023-03-18T01:00:09Z</time>
</trkpt>
<trkpt lat="24.4297409" lon="121.1098067">
<ele>1825.61</ele>
<time>2023-03-18T01:00:15Z</time>
</trkpt>
<trkpt lat="24.4296878" lon="121.1098044">
<ele>1822.90</ele>
<time>2023-03-18T01:00:21Z</time>
</trkpt>
<trkpt lat="24.4296418" lon="121.1098030">
<ele>1822.58</ele>
<time>2023-03-18T01:00:25Z</time>
</trkpt>
<trkpt lat="24.4295983" lon="121.1098257">
<ele>1823.28</ele>
<time>2023-03-18T01:00:31Z</time>
</trkpt>
<trkpt lat="24.4295459" lon="121.1098221">
<ele>1823.89</ele>
<time>2023-03-18T01:00:37Z</time>
</trkpt>
<trkpt lat="24.4294916" lon="121.1098320">
<ele>1823.93</ele>
<time>2023-03-18T01:00:43Z</time>
</trkpt>
<trkpt lat="24.4294466" lon="121.1098146">
<ele>1823.42</ele>
<time>2023-03-18T01:00:47Z</time>
</trkpt>
<trkpt lat="24.4293775" lon="121.1097899">
<ele>1818.68</ele>
<time>2023-03-18T01:01:47Z</time>
</trkpt>
<trkpt lat="24.4293070" lon="121.1097650">
<ele>1821.58</ele>
<time>2023-03-18T01:02:02Z</time>
</trkpt>
<trkpt lat="24.4292611" lon="121.1097753">
<ele>1821.07</ele>
<time>2023-03-18T01:02:08Z</time>
</trkpt>
<trkpt lat="24.4292160" lon="121.1097375">
<ele>1820.31</ele>
<time>2023-03-18T01:02:14Z</time>
</trkpt>
<trkpt lat="24.4291683" lon="121.1097011">
<ele>1820.57</ele>
<time>2023-03-18T01:02:20Z</time>
</trkpt>
<trkpt lat="24.4291270" lon="121.1096765">
<ele>1818.28</ele>
<time>2023-03-18T01:02:26Z</time>
</trkpt>
<trkpt lat="24.4290806" lon="121.1096403">
<ele>1815.94</ele>
<time>2023-03-18T01:02:32Z</time>
</trkpt>
<trkpt lat="24.4290305" lon="121.1096051">
<ele>1816.64</ele>
<time>2023-03-18T01:02:38Z</time>
</trkpt>
<trkpt lat="24.4289849" lon="121.1095825">
<ele>1815.61</ele>
<time>2023-03-18T01:02:48Z</time>
</trkpt>
<trkpt lat="24.4289463" lon="121.1095493">
<ele>1818.35</ele>
<time>2023-03-18T01:02:56Z</time>
</trkpt>
<trkpt lat="24.4288916" lon="121.1095386">
<ele>1816.90</ele>
<time>2023-03-18T01:03:04Z</time>
</trkpt>
<trkpt lat="24.4288614" lon="121.1095756">
<ele>1817.93</ele>
<time>2023-03-18T01:03:10Z</time>
</trkpt>
<trkpt lat="24.4288125" lon="121.1095697">
<ele>1820.78</ele>
<time>2023-03-18T01:03:26Z</time>
</trkpt>
<trkpt lat="24.4287623" lon="121.1095883">
<ele>1820.57</ele>
<time>2023-03-18T01:03:48Z</time>
</trkpt>
<trkpt lat="24.4287012" lon="121.1096055">
<ele>1821.99</ele>
<time>2023-03-18T01:03:56Z</time>
</trkpt>
<trkpt lat="24.4286561" lon="121.1096170">
<ele>1821.99</ele>
<time>2023-03-18T01:04:02Z</time>
</trkpt>
<trkpt lat="24.4286108" lon="121.1096353">
<ele>1823.58</ele>
<time>2023-03-18T01:04:08Z</time>
</trkpt>
<trkpt lat="24.4285627" lon="121.1096135">
<ele>1821.85</ele>
<time>2023-03-18T01:04:14Z</time>
</trkpt>
<trkpt lat="24.4285027" lon="121.1096020">
<ele>1821.31</ele>
<time>2023-03-18T01:04:20Z</time>
</trkpt>
<trkpt lat="24.4284510" lon="121.1095995">
<ele>1820.21</ele>
<time>2023-03-18T01:04:26Z</time>
</trkpt>
<trkpt lat="24.4284026" lon="121.1095982">
<ele>1820.65</ele>
<time>2023-03-18T01:04:32Z</time>
</trkpt>
<trkpt lat="24.4283480" lon="121.1096005">
<ele>1820.57</ele>
<time>2023-03-18T01:04:38Z</time>
</trkpt>
<trkpt lat="24.4282897" lon="121.1096163">
<ele>1822.99</ele>
<time>2023-03-18T01:04:46Z</time>
</trkpt>
<trkpt lat="24.4282365" lon="121.1095978">
<ele>1823.04</ele>
<time>2023-03-18T01:04:52Z</time>
</trkpt>
<trkpt lat="24.4281825" lon="121.1096213">
<ele>1822.96</ele>
<time>2023-03-18T01:04:58Z</time>
</trkpt>
<trkpt lat="24.4281360" lon="121.1096102">
<ele>1823.33</ele>
<time>2023-03-18T01:05:46Z</time>
</trkpt>
<trkpt lat="24.4280899" lon="121.1096125">
<ele>1824.19</ele>
<time>2023-03-18T01:05:52Z</time>
</trkpt>
<trkpt lat="24.4281368" lon="121.1096317">
<ele>1821.84</ele>
<time>2023-03-18T01:06:02Z</time>
</trkpt>
<trkpt lat="24.4281838" lon="121.1096261">
<ele>1820.85</ele>
<time>2023-03-18T01:06:06Z</time>
</trkpt>
<trkpt lat="24.4281295" lon="121.1096048">
<ele>1820.63</ele>
<time>2023-03-18T01:06:20Z</time>
</trkpt>
<trkpt lat="24.4280753" lon="121.1095968">
<ele>1822.11</ele>
<time>2023-03-18T01:06:28Z</time>
</trkpt>
<trkpt lat="24.4280246" lon="121.1096301">
<ele>1826.19</ele>
<time>2023-03-18T01:06:36Z</time>
</trkpt>
<trkpt lat="24.4279954" lon="121.1095897">
<ele>1826.02</ele>
<time>2023-03-18T01:06:42Z</time>
</trkpt>
<trkpt lat="24.4279639" lon="121.1095542">
<ele>1825.23</ele>
<time>2023-03-18T01:06:48Z</time>
</trkpt>
<trkpt lat="24.4279181" lon="121.1095282">
<ele>1825.59</ele>
<time>2023-03-18T01:06:54Z</time>
</trkpt>
<trkpt lat="24.4279404" lon="121.1094597">
<ele>1824.56</ele>
<time>2023-03-18T01:07:00Z</time>
</trkpt>
<trkpt lat="24.4279261" lon="121.1094052">
<ele>1823.31</ele>
<time>2023-03-18T01:07:10Z</time>
</trkpt>
<trkpt lat="24.4279125" lon="121.1093558">
<ele>1823.23</ele>
<time>2023-03-18T01:07:14Z</time>
</trkpt>
<trkpt lat="24.4278544" lon="121.1093573">
<ele>1822.74</ele>
<time>2023-03-18T01:07:26Z</time>
</trkpt>
<trkpt lat="24.4278143" lon="121.1093949">
<ele>1821.41</ele>
<time>2023-03-18T01:07:32Z</time>
</trkpt>
<trkpt lat="24.4277679" lon="121.1094224">
<ele>1824.19</ele>
<time>2023-03-18T01:07:42Z</time>
</trkpt>
<trkpt lat="24.4277265" lon="121.1094445">
<ele>1825.40</ele>
<time>2023-03-18T01:07:50Z</time>
</trkpt>
<trkpt lat="24.4277776" lon="121.1094307">
<ele>1824.26</ele>
<time>2023-03-18T01:08:08Z</time>
</trkpt>
<trkpt lat="24.4277849" lon="121.1094816">
<ele>1824.16</ele>
<time>2023-03-18T01:08:16Z</time>
</trkpt>
<trkpt lat="24.4277527" lon="121.1094297">
<ele>1825.19</ele>
<time>2023-03-18T01:08:40Z</time>
</trkpt>
<trkpt lat="24.4276863" lon="121.1094205">
<ele>1826.49</ele>
<time>2023-03-18T01:08:46Z</time>
</trkpt>
<trkpt lat="24.4276396" lon="121.1094303">
<ele>1825.88</ele>
<time>2023-03-18T01:08:58Z</time>
</trkpt>
<trkpt lat="24.4276170" lon="121.1094752">
<ele>1826.46</ele>
<time>2023-03-18T01:09:08Z</time>
</trkpt>
<trkpt lat="24.4275734" lon="121.1094525">
<ele>1827.39</ele>
<time>2023-03-18T01:09:38Z</time>
</trkpt>
<trkpt lat="24.4275743" lon="121.1093938">
<ele>1828.33</ele>
<time>2023-03-18T01:09:48Z</time>
</trkpt>
<trkpt lat="24.4275575" lon="121.1094414">
<ele>1827.80</ele>
<time>2023-03-18T01:10:36Z</time>
</trkpt>
<trkpt lat="24.4276015" lon="121.1094248">
<ele>1829.84</ele>
<time>2023-03-18T01:11:29Z</time>
</trkpt>
<trkpt lat="24.4275697" lon="121.1093898">
<ele>1831.71</ele>
<time>2023-03-18T01:11:51Z</time>
</trkpt>
<trkpt lat="24.4275626" lon="121.1094589">
<ele>1831.95</ele>
<time>2023-03-18T01:12:05Z</time>
</trkpt>
<trkpt lat="24.4275163" lon="121.1094441">
<ele>1830.54</ele>
<time>2023-03-18T01:12:15Z</time>
</trkpt>
<trkpt lat="24.4274691" lon="121.1094422">
<ele>1831.35</ele>
<time>2023-03-18T01:12:51Z</time>
</trkpt>
<trkpt lat="24.4274258" lon="121.1094623">
<ele>1831.19</ele>
<time>2023-03-18T01:13:05Z</time>
</trkpt>
<trkpt lat="24.4273740" lon="121.1094656">
<ele>1834.18</ele>
<time>2023-03-18T01:13:29Z</time>
</trkpt>
<trkpt lat="24.4273263" lon="121.1094665">
<ele>1836.18</ele>
<time>2023-03-18T01:13:39Z</time>
</trkpt>
<trkpt lat="24.4272732" lon="121.1094416">
<ele>1839.57</ele>
<time>2023-03-18T01:13:49Z</time>
</trkpt>
<trkpt lat="24.4272301" lon="121.1094106">
<ele>1839.23</ele>
<time>2023-03-18T01:15:18Z</time>
</trkpt>
<trkpt lat="24.4272140" lon="121.1094589">
<ele>1841.63</ele>
<time>2023-03-18T01:15:32Z</time>
</trkpt>
<trkpt lat="24.4271759" lon="121.1095031">
<ele>1843.26</ele>
<time>2023-03-18T01:15:40Z</time>
</trkpt>
<trkpt lat="24.4271280" lon="121.1095121">
<ele>1844.23</ele>
<time>2023-03-18T01:15:46Z</time>
</trkpt>
<trkpt lat="24.4270746" lon="121.1094807">
<ele>1843.99</ele>
<time>2023-03-18T01:15:52Z</time>
</trkpt>
<trkpt lat="24.4270285" lon="121.1094390">
<ele>1843.75</ele>
<time>2023-03-18T01:16:04Z</time>
</trkpt>
<trkpt lat="24.4269749" lon="121.1094531">
<ele>1843.06</ele>
<time>2023-03-18T01:16:10Z</time>
</trkpt>
<trkpt lat="24.4269219" lon="121.1094350">
<ele>1845.15</ele>
<time>2023-03-18T01:16:24Z</time>
</trkpt>
<trkpt lat="24.4268736" lon="121.1094031">
<ele>1845.42</ele>
<time>2023-03-18T01:16:34Z</time>
</trkpt>
<trkpt lat="24.4268264" lon="121.1094167">
<ele>1848.23</ele>
<time>2023-03-18T01:16:48Z</time>
</trkpt>
<trkpt lat="24.4267696" lon="121.1093963">
<ele>1849.21</ele>
<time>2023-03-18T01:18:42Z</time>
</trkpt>
<trkpt lat="24.4267183" lon="121.1093832">
<ele>1850.81</ele>
<time>2023-03-18T01:18:56Z</time>
</trkpt>
<trkpt lat="24.4267153" lon="121.1093304">
<ele>1848.34</ele>
<time>2023-03-18T01:19:06Z</time>
</trkpt>
<trkpt lat="24.4266786" lon="121.1092984">
<ele>1849.01</ele>
<time>2023-03-18T01:19:14Z</time>
</trkpt>
<trkpt lat="24.4266302" lon="121.1093237">
<ele>1850.70</ele>
<time>2023-03-18T01:19:32Z</time>
</trkpt>
<trkpt lat="24.4265877" lon="121.1092923">
<ele>1850.93</ele>
<time>2023-03-18T01:19:41Z</time>
</trkpt>
<trkpt lat="24.4265526" lon="121.1093264">
<ele>1852.61</ele>
<time>2023-03-18T01:19:52Z</time>
</trkpt>
<trkpt lat="24.4265077" lon="121.1093292">
<ele>1852.21</ele>
<time>2023-03-18T01:20:40Z</time>
</trkpt>
<trkpt lat="24.4264616" lon="121.1093658">
<ele>1853.63</ele>
<time>2023-03-18T01:20:56Z</time>
</trkpt>
<trkpt lat="24.4264221" lon="121.1093901">
<ele>1854.22</ele>
<time>2023-03-18T01:21:06Z</time>
</trkpt>
<trkpt lat="24.4263724" lon="121.1093891">
<ele>1855.56</ele>
<time>2023-03-18T01:21:17Z</time>
</trkpt>
<trkpt lat="24.4263252" lon="121.1093748">
<ele>1857.76</ele>
<time>2023-03-18T01:21:26Z</time>
</trkpt>
<trkpt lat="24.4262987" lon="121.1093334">
<ele>1858.07</ele>
<time>2023-03-18T01:21:34Z</time>
</trkpt>
<trkpt lat="24.4262440" lon="121.1093532">
<ele>1858.94</ele>
<time>2023-03-18T01:21:44Z</time>
</trkpt>
<trkpt lat="24.4261955" lon="121.1093640">
<ele>1858.35</ele>
<time>2023-03-18T01:21:53Z</time>
</trkpt>
<trkpt lat="24.4261452" lon="121.1093459">
<ele>1857.95</ele>
<time>2023-03-18T01:22:01Z</time>
</trkpt>
<trkpt lat="24.4260921" lon="121.1093584">
<ele>1859.88</ele>
<time>2023-03-18T01:22:09Z</time>
</trkpt>
<trkpt lat="24.4260561" lon="121.1093211">
<ele>1860.59</ele>
<time>2023-03-18T01:22:17Z</time>
</trkpt>
<trkpt lat="24.4260069" lon="121.1093149">
<ele>1862.25</ele>
<time>2023-03-18T01:22:23Z</time>
</trkpt>
<trkpt lat="24.4259546" lon="121.1092893">
<ele>1864.47</ele>
<time>2023-03-18T01:22:31Z</time>
</trkpt>
<trkpt lat="24.4259034" lon="121.1092996">
<ele>1864.73</ele>
<time>2023-03-18T01:22:39Z</time>
</trkpt>
<trkpt lat="24.4258544" lon="121.1093039">
<ele>1863.17</ele>
<time>2023-03-18T01:22:47Z</time>
</trkpt>
<trkpt lat="24.4257997" lon="121.1092843">
<ele>1862.61</ele>
<time>2023-03-18T01:22:53Z</time>
</trkpt>
<trkpt lat="24.4257400" lon="121.1092827">
<ele>1863.01</ele>
<time>2023-03-18T01:23:01Z</time>
</trkpt>
<trkpt lat="24.4256895" lon="121.1092901">
<ele>1863.07</ele>
<time>2023-03-18T01:23:07Z</time>
</trkpt>
<trkpt lat="24.4256471" lon="121.1092660">
<ele>1864.37</ele>
<time>2023-03-18T01:23:17Z</time>
</trkpt>
<trkpt lat="24.4256026" lon="121.1092585">
<ele>1863.69</ele>
<time>2023-03-18T01:23:23Z</time>
</trkpt>
<trkpt lat="24.4255569" lon="121.1092420">
<ele>1862.27</ele>
<time>2023-03-18T01:23:29Z</time>
</trkpt>
<trkpt lat="24.4254981" lon="121.1092226">
<ele>1864.27</ele>
<time>2023-03-18T01:23:35Z</time>
</trkpt>
<trkpt lat="24.4254484" lon="121.1091907">
<ele>1862.84</ele>
<time>2023-03-18T01:23:53Z</time>
</trkpt>
<trkpt lat="24.4253919" lon="121.1091642">
<ele>1862.86</ele>
<time>2023-03-18T01:24:01Z</time>
</trkpt>
<trkpt lat="24.4253580" lon="121.1091184">
<ele>1865.46</ele>
<time>2023-03-18T01:24:09Z</time>
</trkpt>
<trkpt lat="24.4253158" lon="121.1091440">
<ele>1869.06</ele>
<time>2023-03-18T01:24:43Z</time>
</trkpt>
<trkpt lat="24.4252658" lon="121.1091245">
<ele>1867.79</ele>
<time>2023-03-18T01:25:49Z</time>
</trkpt>
<trkpt lat="24.4252192" lon="121.1091084">
<ele>1867.87</ele>
<time>2023-03-18T01:25:55Z</time>
</trkpt>
<trkpt lat="24.4251648" lon="121.1090995">
<ele>1869.62</ele>
<time>2023-03-18T01:26:11Z</time>
</trkpt>
<trkpt lat="24.4251196" lon="121.1090694">
<ele>1871.66</ele>
<time>2023-03-18T01:26:23Z</time>
</trkpt>
<trkpt lat="24.4250798" lon="121.1091180">
<ele>1873.76</ele>
<time>2023-03-18T01:26:39Z</time>
</trkpt>
<trkpt lat="24.4250201" lon="121.1090811">
<ele>1874.32</ele>
<time>2023-03-18T01:26:45Z</time>
</trkpt>
<trkpt lat="24.4249696" lon="121.1090494">
<ele>1874.61</ele>
<time>2023-03-18T01:27:05Z</time>
</trkpt>
<trkpt lat="24.4249277" lon="121.1090878">
<ele>1874.54</ele>
<time>2023-03-18T01:27:13Z</time>
</trkpt>
<trkpt lat="24.4248886" lon="121.1091203">
<ele>1877.90</ele>
<time>2023-03-18T01:27:25Z</time>
</trkpt>
<trkpt lat="24.4248946" lon="121.1091713">
<ele>1877.87</ele>
<time>2023-03-18T01:27:33Z</time>
</trkpt>
<trkpt lat="24.4248294" lon="121.1091583">
<ele>1878.77</ele>
<time>2023-03-18T01:27:41Z</time>
</trkpt>
<trkpt lat="24.4247927" lon="121.1091288">
<ele>1877.70</ele>
<time>2023-03-18T01:27:47Z</time>
</trkpt>
<trkpt lat="24.4247764" lon="121.1090810">
<ele>1875.83</ele>
<time>2023-03-18T01:27:51Z</time>
</trkpt>
<trkpt lat="24.4247588" lon="121.1090233">
<ele>1876.08</ele>
<time>2023-03-18T01:27:57Z</time>
</trkpt>
<trkpt lat="24.4247074" lon="121.1089999">
<ele>1876.05</ele>
<time>2023-03-18T01:28:05Z</time>
</trkpt>
<trkpt lat="24.4246878" lon="121.1089523">
<ele>1876.84</ele>
<time>2023-03-18T01:28:27Z</time>
</trkpt>
<trkpt lat="24.4246412" lon="121.1089743">
<ele>1880.45</ele>
<time>2023-03-18T01:28:57Z</time>
</trkpt>
<trkpt lat="24.4245843" lon="121.1089702">
<ele>1881.89</ele>
<time>2023-03-18T01:29:03Z</time>
</trkpt>
<trkpt lat="24.4245681" lon="121.1089044">
<ele>1881.93</ele>
<time>2023-03-18T01:29:11Z</time>
</trkpt>
<trkpt lat="24.4245507" lon="121.1088576">
<ele>1882.83</ele>
<time>2023-03-18T01:29:17Z</time>
</trkpt>
<trkpt lat="24.4245147" lon="121.1088261">
<ele>1882.30</ele>
<time>2023-03-18T01:29:23Z</time>
</trkpt>
<trkpt lat="24.4245077" lon="121.1087670">
<ele>1882.91</ele>
<time>2023-03-18T01:29:29Z</time>
</trkpt>
<trkpt lat="24.4244943" lon="121.1087166">
<ele>1883.29</ele>
<time>2023-03-18T01:29:35Z</time>
</trkpt>
<trkpt lat="24.4244683" lon="121.1086668">
<ele>1884.29</ele>
<time>2023-03-18T01:29:47Z</time>
</trkpt>
<trkpt lat="24.4244796" lon="121.1086178">
<ele>1883.17</ele>
<time>2023-03-18T01:29:57Z</time>
</trkpt>
<trkpt lat="24.4244474" lon="121.1085747">
<ele>1883.27</ele>
<time>2023-03-18T01:30:05Z</time>
</trkpt>
<trkpt lat="24.4244273" lon="121.1085227">
<ele>1882.81</ele>
<time>2023-03-18T01:30:13Z</time>
</trkpt>
<trkpt lat="24.4243829" lon="121.1084825">
<ele>1883.44</ele>
<time>2023-03-18T01:30:23Z</time>
</trkpt>
<trkpt lat="24.4243325" lon="121.1084567">
<ele>1884.98</ele>
<time>2023-03-18T01:30:31Z</time>
</trkpt>
<trkpt lat="24.4242831" lon="121.1084503">
<ele>1884.88</ele>
<time>2023-03-18T01:30:37Z</time>
</trkpt>
<trkpt lat="24.4242444" lon="121.1084760">
<ele>1884.32</ele>
<time>2023-03-18T01:30:43Z</time>
</trkpt>
<trkpt lat="24.4241981" lon="121.1084535">
<ele>1884.31</ele>
<time>2023-03-18T01:30:49Z</time>
</trkpt>
<trkpt lat="24.4241600" lon="121.1084137">
<ele>1883.80</ele>
<time>2023-03-18T01:30:57Z</time>
</trkpt>
<trkpt lat="24.4241186" lon="121.1083847">
<ele>1885.61</ele>
<time>2023-03-18T01:31:07Z</time>
</trkpt>
<trkpt lat="24.4240713" lon="121.1083886">
<ele>1888.73</ele>
<time>2023-03-18T01:31:27Z</time>
</trkpt>
<trkpt lat="24.4240338" lon="121.1083493">
<ele>1886.70</ele>
<time>2023-03-18T01:31:33Z</time>
</trkpt>
<trkpt lat="24.4239894" lon="121.1083625">
<ele>1887.73</ele>
<time>2023-03-18T01:31:45Z</time>
</trkpt>
<trkpt lat="24.4239486" lon="121.1083916">
<ele>1890.98</ele>
<time>2023-03-18T01:31:55Z</time>
</trkpt>
<trkpt lat="24.4239596" lon="121.1083406">
<ele>1891.67</ele>
<time>2023-03-18T01:32:10Z</time>
</trkpt>
<trkpt lat="24.4239134" lon="121.1083604">
<ele>1895.70</ele>
<time>2023-03-18T01:32:30Z</time>
</trkpt>
<trkpt lat="24.4238558" lon="121.1083666">
<ele>1897.46</ele>
<time>2023-03-18T01:32:44Z</time>
</trkpt>
<trkpt lat="24.4238060" lon="121.1083717">
<ele>1900.24</ele>
<time>2023-03-18T01:33:04Z</time>
</trkpt>
<trkpt lat="24.4237601" lon="121.1083888">
<ele>1900.28</ele>
<time>2023-03-18T01:33:12Z</time>
</trkpt>
<trkpt lat="24.4237124" lon="121.1084024">
<ele>1902.36</ele>
<time>2023-03-18T01:33:27Z</time>
</trkpt>
<trkpt lat="24.4236657" lon="121.1083850">
<ele>1903.36</ele>
<time>2023-03-18T01:33:41Z</time>
</trkpt>
<trkpt lat="24.4236167" lon="121.1083673">
<ele>1906.04</ele>
<time>2023-03-18T01:33:49Z</time>
</trkpt>
<trkpt lat="24.4235705" lon="121.1083705">
<ele>1907.55</ele>
<time>2023-03-18T01:33:59Z</time>
</trkpt>
<trkpt lat="24.4235290" lon="121.1083942">
<ele>1913.14</ele>
<time>2023-03-18T01:34:23Z</time>
</trkpt>
<trkpt lat="24.4234905" lon="121.1083583">
<ele>1913.79</ele>
<time>2023-03-18T01:34:31Z</time>
</trkpt>
<trkpt lat="24.4234427" lon="121.1083352">
<ele>1912.36</ele>
<time>2023-03-18T01:34:41Z</time>
</trkpt>
<trkpt lat="24.4233923" lon="121.1083378">
<ele>1912.92</ele>
<time>2023-03-18T01:34:49Z</time>
</trkpt>
<trkpt lat="24.4233941" lon="121.1082825">
<ele>1913.10</ele>
<time>2023-03-18T01:34:57Z</time>
</trkpt>
<trkpt lat="24.4233680" lon="121.1082294">
<ele>1912.99</ele>
<time>2023-03-18T01:35:21Z</time>
</trkpt>
<trkpt lat="24.4233396" lon="121.1081721">
<ele>1910.25</ele>
<time>2023-03-18T01:35:29Z</time>
</trkpt>
<trkpt lat="24.4233563" lon="121.1081093">
<ele>1909.69</ele>
<time>2023-03-18T01:35:37Z</time>
</trkpt>
<trkpt lat="24.4233243" lon="121.1080714">
<ele>1908.94</ele>
<time>2023-03-18T01:35:43Z</time>
</trkpt>
<trkpt lat="24.4232779" lon="121.1080713">
<ele>1911.30</ele>
<time>2023-03-18T01:35:51Z</time>
</trkpt>
<trkpt lat="24.4232291" lon="121.1080514">
<ele>1917.09</ele>
<time>2023-03-18T01:36:19Z</time>
</trkpt>
<trkpt lat="24.4231933" lon="121.1080150">
<ele>1918.87</ele>
<time>2023-03-18T01:36:29Z</time>
</trkpt>
<trkpt lat="24.4231530" lon="121.1079766">
<ele>1922.19</ele>
<time>2023-03-18T01:36:41Z</time>
</trkpt>
<trkpt lat="24.4231128" lon="121.1079367">
<ele>1923.66</ele>
<time>2023-03-18T01:36:51Z</time>
</trkpt>
<trkpt lat="24.4230701" lon="121.1079589">
<ele>1924.42</ele>
<time>2023-03-18T01:37:01Z</time>
</trkpt>
<trkpt lat="24.4230226" lon="121.1079356">
<ele>1922.10</ele>
<time>2023-03-18T01:37:16Z</time>
</trkpt>
<trkpt lat="24.4230162" lon="121.1078827">
<ele>1920.17</ele>
<time>2023-03-18T01:37:22Z</time>
</trkpt>
<trkpt lat="24.4229757" lon="121.1078575">
<ele>1923.02</ele>
<time>2023-03-18T01:37:28Z</time>
</trkpt>
<trkpt lat="24.4229289" lon="121.1078507">
<ele>1922.56</ele>
<time>2023-03-18T01:37:40Z</time>
</trkpt>
<trkpt lat="24.4228761" lon="121.1078391">
<ele>1920.62</ele>
<time>2023-03-18T01:37:52Z</time>
</trkpt>
<trkpt lat="24.4228166" lon="121.1078140">
<ele>1917.80</ele>
<time>2023-03-18T01:38:00Z</time>
</trkpt>
<trkpt lat="24.4227716" lon="121.1078007">
<ele>1917.08</ele>
<time>2023-03-18T01:38:04Z</time>
</trkpt>
<trkpt lat="24.4227193" lon="121.1077999">
<ele>1918.46</ele>
<time>2023-03-18T01:38:12Z</time>
</trkpt>
<trkpt lat="24.4226730" lon="121.1078073">
<ele>1919.53</ele>
<time>2023-03-18T01:38:20Z</time>
</trkpt>
<trkpt lat="24.4226257" lon="121.1078072">
<ele>1921.12</ele>
<time>2023-03-18T01:38:30Z</time>
</trkpt>
<trkpt lat="24.4226190" lon="121.1077572">
<ele>1920.74</ele>
<time>2023-03-18T01:38:36Z</time>
</trkpt>
<trkpt lat="24.4225798" lon="121.1077298">
<ele>1921.37</ele>
<time>2023-03-18T01:38:44Z</time>
</trkpt>
<trkpt lat="24.4225367" lon="121.1077662">
<ele>1922.96</ele>
<time>2023-03-18T01:38:54Z</time>
</trkpt>
<trkpt lat="24.4224974" lon="121.1077373">
<ele>1921.12</ele>
<time>2023-03-18T01:39:00Z</time>
</trkpt>
<trkpt lat="24.4224502" lon="121.1077568">
<ele>1922.12</ele>
<time>2023-03-18T01:39:14Z</time>
</trkpt>
<trkpt lat="24.4224282" lon="121.1077082">
<ele>1921.11</ele>
<time>2023-03-18T01:39:24Z</time>
</trkpt>
<trkpt lat="24.4223777" lon="121.1076914">
<ele>1922.79</ele>
<time>2023-03-18T01:39:34Z</time>
</trkpt>
<trkpt lat="24.4223272" lon="121.1077201">
<ele>1925.52</ele>
<time>2023-03-18T01:39:42Z</time>
</trkpt>
<trkpt lat="24.4222735" lon="121.1077321">
<ele>1926.89</ele>
<time>2023-03-18T01:39:50Z</time>
</trkpt>
<trkpt lat="24.4222322" lon="121.1077066">
<ele>1927.90</ele>
<time>2023-03-18T01:40:06Z</time>
</trkpt>
<trkpt lat="24.4221872" lon="121.1077318">
<ele>1929.96</ele>
<time>2023-03-18T01:40:22Z</time>
</trkpt>
<trkpt lat="24.4221418" lon="121.1077218">
<ele>1930.44</ele>
<time>2023-03-18T01:40:38Z</time>
</trkpt>
<trkpt lat="24.4220902" lon="121.1077302">
<ele>1931.82</ele>
<time>2023-03-18T01:40:50Z</time>
</trkpt>
<trkpt lat="24.4220788" lon="121.1076781">
<ele>1936.47</ele>
<time>2023-03-18T01:41:52Z</time>
</trkpt>
<trkpt lat="24.4220467" lon="121.1076401">
<ele>1938.35</ele>
<time>2023-03-18T01:42:28Z</time>
</trkpt>
<trkpt lat="24.4220536" lon="121.1075913">
<ele>1937.70</ele>
<time>2023-03-18T01:42:48Z</time>
</trkpt>
<trkpt lat="24.4220207" lon="121.1075211">
<ele>1942.56</ele>
<time>2023-03-18T01:43:32Z</time>
</trkpt>
<trkpt lat="24.4220167" lon="121.1074685">
<ele>1947.51</ele>
<time>2023-03-18T01:43:52Z</time>
</trkpt>
<trkpt lat="24.4219712" lon="121.1074609">
<ele>1945.50</ele>
<time>2023-03-18T01:44:10Z</time>
</trkpt>
<trkpt lat="24.4219245" lon="121.1074784">
<ele>1949.10</ele>
<time>2023-03-18T01:44:18Z</time>
</trkpt>
<trkpt lat="24.4219474" lon="121.1074301">
<ele>1948.24</ele>
<time>2023-03-18T01:44:26Z</time>
</trkpt>
<trkpt lat="24.4219004" lon="121.1074419">
<ele>1950.61</ele>
<time>2023-03-18T01:44:46Z</time>
</trkpt>
<trkpt lat="24.4218492" lon="121.1074267">
<ele>1951.81</ele>
<time>2023-03-18T01:44:52Z</time>
</trkpt>
<trkpt lat="24.4218054" lon="121.1074035">
<ele>1951.55</ele>
<time>2023-03-18T01:45:00Z</time>
</trkpt>
<trkpt lat="24.4217677" lon="121.1073717">
<ele>1951.42</ele>
<time>2023-03-18T01:45:06Z</time>
</trkpt>
<trkpt lat="24.4217211" lon="121.1073440">
<ele>1952.10</ele>
<time>2023-03-18T01:45:12Z</time>
</trkpt>
<trkpt lat="24.4216712" lon="121.1073854">
<ele>1950.50</ele>
<time>2023-03-18T01:45:20Z</time>
</trkpt>
<trkpt lat="24.4216401" lon="121.1073449">
<ele>1948.76</ele>
<time>2023-03-18T01:45:26Z</time>
</trkpt>
<trkpt lat="24.4215902" lon="121.1073334">
<ele>1946.80</ele>
<time>2023-03-18T01:45:52Z</time>
</trkpt>
<trkpt lat="24.4215427" lon="121.1073451">
<ele>1944.95</ele>
<time>2023-03-18T01:45:58Z</time>
</trkpt>
<trkpt lat="24.4214962" lon="121.1073428">
<ele>1944.48</ele>
<time>2023-03-18T01:46:10Z</time>
</trkpt>
<trkpt lat="24.4214964" lon="121.1072834">
<ele>1940.73</ele>
<time>2023-03-18T01:46:24Z</time>
</trkpt>
<trkpt lat="24.4215166" lon="121.1072241">
<ele>1941.54</ele>
<time>2023-03-18T01:46:30Z</time>
</trkpt>
<trkpt lat="24.4214879" lon="121.1071720">
<ele>1945.79</ele>
<time>2023-03-18T01:46:36Z</time>
</trkpt>
<trkpt lat="24.4214656" lon="121.1071203">
<ele>1947.52</ele>
<time>2023-03-18T01:46:50Z</time>
</trkpt>
<trkpt lat="24.4214301" lon="121.1070791">
<ele>1944.01</ele>
<time>2023-03-18T01:47:00Z</time>
</trkpt>
<trkpt lat="24.4213850" lon="121.1070809">
<ele>1942.86</ele>
<time>2023-03-18T01:47:34Z</time>
</trkpt>
<trkpt lat="24.4213488" lon="121.1070488">
<ele>1942.95</ele>
<time>2023-03-18T01:47:42Z</time>
</trkpt>
<trkpt lat="24.4213031" lon="121.1070131">
<ele>1943.16</ele>
<time>2023-03-18T01:47:52Z</time>
</trkpt>
<trkpt lat="24.4212759" lon="121.1070657">
<ele>1943.46</ele>
<time>2023-03-18T01:48:04Z</time>
</trkpt>
<trkpt lat="24.4212271" lon="121.1070636">
<ele>1943.40</ele>
<time>2023-03-18T01:48:20Z</time>
</trkpt>
<trkpt lat="24.4211761" lon="121.1070911">
<ele>1944.71</ele>
<time>2023-03-18T01:48:32Z</time>
</trkpt>
<trkpt lat="24.4211394" lon="121.1071356">
<ele>1945.86</ele>
<time>2023-03-18T01:48:38Z</time>
</trkpt>
<trkpt lat="24.4210851" lon="121.1071624">
<ele>1946.56</ele>
<time>2023-03-18T01:48:48Z</time>
</trkpt>
<trkpt lat="24.4210311" lon="121.1071660">
<ele>1949.51</ele>
<time>2023-03-18T01:48:58Z</time>
</trkpt>
<trkpt lat="24.4209827" lon="121.1071705">
<ele>1955.32</ele>
<time>2023-03-18T01:49:38Z</time>
</trkpt>
<trkpt lat="24.4209367" lon="121.1071672">
<ele>1956.20</ele>
<time>2023-03-18T01:49:44Z</time>
</trkpt>
<trkpt lat="24.4209130" lon="121.1071132">
<ele>1955.31</ele>
<time>2023-03-18T01:49:50Z</time>
</trkpt>
<trkpt lat="24.4208659" lon="121.1071047">
<ele>1955.23</ele>
<time>2023-03-18T01:50:00Z</time>
</trkpt>
<trkpt lat="24.4208293" lon="121.1071468">
<ele>1955.83</ele>
<time>2023-03-18T01:50:08Z</time>
</trkpt>
<trkpt lat="24.4208027" lon="121.1072008">
<ele>1954.88</ele>
<time>2023-03-18T01:50:14Z</time>
</trkpt>
<trkpt lat="24.4207451" lon="121.1071967">
<ele>1956.71</ele>
<time>2023-03-18T01:50:22Z</time>
</trkpt>
<trkpt lat="24.4207068" lon="121.1071676">
<ele>1957.52</ele>
<time>2023-03-18T01:50:30Z</time>
</trkpt>
<trkpt lat="24.4206817" lon="121.1071247">
<ele>1955.27</ele>
<time>2023-03-18T01:50:38Z</time>
</trkpt>
<trkpt lat="24.4206419" lon="121.1070838">
<ele>1954.48</ele>
<time>2023-03-18T01:50:44Z</time>
</trkpt>
<trkpt lat="24.4205968" lon="121.1070859">
<ele>1950.72</ele>
<time>2023-03-18T01:50:54Z</time>
</trkpt>
<trkpt lat="24.4205494" lon="121.1070985">
<ele>1950.69</ele>
<time>2023-03-18T01:51:02Z</time>
</trkpt>
<trkpt lat="24.4205068" lon="121.1070450">
<ele>1950.08</ele>
<time>2023-03-18T01:51:10Z</time>
</trkpt>
<trkpt lat="24.4204589" lon="121.1070333">
<ele>1950.00</ele>
<time>2023-03-18T01:51:16Z</time>
</trkpt>
<trkpt lat="24.4204339" lon="121.1069837">
<ele>1951.77</ele>
<time>2023-03-18T01:51:22Z</time>
</trkpt>
<trkpt lat="24.4203899" lon="121.1069697">
<ele>1949.22</ele>
<time>2023-03-18T01:51:30Z</time>
</trkpt>
<trkpt lat="24.4203570" lon="121.1069336">
<ele>1954.98</ele>
<time>2023-03-18T01:51:38Z</time>
</trkpt>
<trkpt lat="24.4203114" lon="121.1069209">
<ele>1952.70</ele>
<time>2023-03-18T01:51:46Z</time>
</trkpt>
<trkpt lat="24.4202681" lon="121.1068813">
<ele>1954.95</ele>
<time>2023-03-18T01:52:18Z</time>
</trkpt>
<trkpt lat="24.4202104" lon="121.1068819">
<ele>1957.57</ele>
<time>2023-03-18T01:52:27Z</time>
</trkpt>
<trkpt lat="24.4201681" lon="121.1068650">
<ele>1955.66</ele>
<time>2023-03-18T01:52:34Z</time>
</trkpt>
<trkpt lat="24.4201232" lon="121.1068338">
<ele>1955.32</ele>
<time>2023-03-18T01:52:46Z</time>
</trkpt>
<trkpt lat="24.4200987" lon="121.1067889">
<ele>1958.38</ele>
<time>2023-03-18T01:53:09Z</time>
</trkpt>
<trkpt lat="24.4200534" lon="121.1067841">
<ele>1958.07</ele>
<time>2023-03-18T01:53:19Z</time>
</trkpt>
<trkpt lat="24.4200240" lon="121.1067439">
<ele>1960.14</ele>
<time>2023-03-18T01:53:51Z</time>
</trkpt>
<trkpt lat="24.4200504" lon="121.1066896">
<ele>1963.60</ele>
<time>2023-03-18T01:54:08Z</time>
</trkpt>
<trkpt lat="24.4200499" lon="121.1066274">
<ele>1969.71</ele>
<time>2023-03-18T01:54:23Z</time>
</trkpt>
<trkpt lat="24.4200050" lon="121.1066152">
<ele>1968.51</ele>
<time>2023-03-18T01:54:31Z</time>
</trkpt>
<trkpt lat="24.4199586" lon="121.1066277">
<ele>1968.86</ele>
<time>2023-03-18T01:54:39Z</time>
</trkpt>
<trkpt lat="24.4199110" lon="121.1066372">
<ele>1973.30</ele>
<time>2023-03-18T01:55:02Z</time>
</trkpt>
<trkpt lat="24.4198824" lon="121.1066782">
<ele>1980.69</ele>
<time>2023-03-18T01:55:17Z</time>
</trkpt>
<trkpt lat="24.4198436" lon="121.1067165">
<ele>1984.46</ele>
<time>2023-03-18T01:55:31Z</time>
</trkpt>
<trkpt lat="24.4197958" lon="121.1067203">
<ele>1983.42</ele>
<time>2023-03-18T01:55:48Z</time>
</trkpt>
<trkpt lat="24.4197450" lon="121.1067326">
<ele>1988.80</ele>
<time>2023-03-18T01:56:17Z</time>
</trkpt>
<trkpt lat="24.4196994" lon="121.1067118">
<ele>1991.12</ele>
<time>2023-03-18T01:56:43Z</time>
</trkpt>
<trkpt lat="24.4196579" lon="121.1067400">
<ele>1992.46</ele>
<time>2023-03-18T01:56:51Z</time>
</trkpt>
<trkpt lat="24.4196093" lon="121.1067315">
<ele>1994.34</ele>
<time>2023-03-18T01:56:59Z</time>
</trkpt>
<trkpt lat="24.4195578" lon="121.1067345">
<ele>1996.58</ele>
<time>2023-03-18T01:57:17Z</time>
</trkpt>
<trkpt lat="24.4195159" lon="121.1067068">
<ele>1997.62</ele>
<time>2023-03-18T01:57:29Z</time>
</trkpt>
<trkpt lat="24.4194849" lon="121.1066616">
<ele>1996.00</ele>
<time>2023-03-18T01:57:41Z</time>
</trkpt>
<trkpt lat="24.4195164" lon="121.1067038">
<ele>1995.97</ele>
<time>2023-03-18T01:58:05Z</time>
</trkpt>
<trkpt lat="24.4194671" lon="121.1066637">
<ele>1995.41</ele>
<time>2023-03-18T01:58:25Z</time>
</trkpt>
<trkpt lat="24.4194310" lon="121.1066237">
<ele>1996.03</ele>
<time>2023-03-18T01:58:43Z</time>
</trkpt>
<trkpt lat="24.4193948" lon="121.1065836">
<ele>1999.28</ele>
<time>2023-03-18T01:58:57Z</time>
</trkpt>
<trkpt lat="24.4193512" lon="121.1065659">
<ele>2003.14</ele>
<time>2023-03-18T01:59:07Z</time>
</trkpt>
<trkpt lat="24.4193016" lon="121.1065849">
<ele>2004.21</ele>
<time>2023-03-18T01:59:15Z</time>
</trkpt>
<trkpt lat="24.4192491" lon="121.1065970">
<ele>2004.31</ele>
<time>2023-03-18T01:59:25Z</time>
</trkpt>
<trkpt lat="24.4192094" lon="121.1065696">
<ele>2005.45</ele>
<time>2023-03-18T01:59:35Z</time>
</trkpt>
<trkpt lat="24.4191602" lon="121.1065838">
<ele>2007.62</ele>
<time>2023-03-18T01:59:45Z</time>
</trkpt>
<trkpt lat="24.4191154" lon="121.1066012">
<ele>2009.95</ele>
<time>2023-03-18T01:59:55Z</time>
</trkpt>
<trkpt lat="24.4190683" lon="121.1065968">
<ele>2008.28</ele>
<time>2023-03-18T02:00:09Z</time>
</trkpt>
<trkpt lat="24.4190285" lon="121.1065677">
<ele>2008.73</ele>
<time>2023-03-18T02:00:31Z</time>
</trkpt>
<trkpt lat="24.4189794" lon="121.1065569">
<ele>2013.18</ele>
<time>2023-03-18T02:00:59Z</time>
</trkpt>
<trkpt lat="24.4189166" lon="121.1065577">
<ele>2016.64</ele>
<time>2023-03-18T02:01:21Z</time>
</trkpt>
<trkpt lat="24.4188696" lon="121.1065543">
<ele>2017.06</ele>
<time>2023-03-18T02:01:33Z</time>
</trkpt>
<trkpt lat="24.4188109" lon="121.1065699">
<ele>2020.89</ele>
<time>2023-03-18T02:01:52Z</time>
</trkpt>
<trkpt lat="24.4187604" lon="121.1065521">
<ele>2015.95</ele>
<time>2023-03-18T02:02:06Z</time>
</trkpt>
<trkpt lat="24.4187496" lon="121.1066008">
<ele>2024.38</ele>
<time>2023-03-18T02:02:15Z</time>
</trkpt>
<trkpt lat="24.4187150" lon="121.1065558">
<ele>2024.25</ele>
<time>2023-03-18T02:02:31Z</time>
</trkpt>
<trkpt lat="24.4186526" lon="121.1065605">
<ele>2025.40</ele>
<time>2023-03-18T02:02:39Z</time>
</trkpt>
<trkpt lat="24.4186942" lon="121.1065824">
<ele>2024.59</ele>
<time>2023-03-18T02:03:01Z</time>
</trkpt>
<trkpt lat="24.4186696" lon="121.1065387">
<ele>2025.50</ele>
<time>2023-03-18T02:07:49Z</time>
</trkpt>
<trkpt lat="24.4186182" lon="121.1065321">
<ele>2024.74</ele>
<time>2023-03-18T02:07:55Z</time>
</trkpt>
<trkpt lat="24.4185676" lon="121.1065391">
<ele>2023.77</ele>
<time>2023-03-18T02:08:09Z</time>
</trkpt>
<trkpt lat="24.4185236" lon="121.1065523">
<ele>2024.90</ele>
<time>2023-03-18T02:08:29Z</time>
</trkpt>
<trkpt lat="24.4184800" lon="121.1065328">
<ele>2025.96</ele>
<time>2023-03-18T02:08:35Z</time>
</trkpt>
<trkpt lat="24.4185039" lon="121.1065754">
<ele>2028.75</ele>
<time>2023-03-18T02:08:43Z</time>
</trkpt>
<trkpt lat="24.4184937" lon="121.1065183">
<ele>2023.97</ele>
<time>2023-03-18T02:08:48Z</time>
</trkpt>
<trkpt lat="24.4184583" lon="121.1065706">
<ele>2028.62</ele>
<time>2023-03-18T02:08:59Z</time>
</trkpt>
<trkpt lat="24.4183968" lon="121.1065706">
<ele>2028.31</ele>
<time>2023-03-18T02:09:09Z</time>
</trkpt>
<trkpt lat="24.4183748" lon="121.1066151">
<ele>2030.66</ele>
<time>2023-03-18T02:09:19Z</time>
</trkpt>
<trkpt lat="24.4183304" lon="121.1066040">
<ele>2030.52</ele>
<time>2023-03-18T02:09:27Z</time>
</trkpt>
<trkpt lat="24.4182871" lon="121.1066304">
<ele>2029.69</ele>
<time>2023-03-18T02:09:37Z</time>
</trkpt>
<trkpt lat="24.4182410" lon="121.1066416">
<ele>2032.47</ele>
<time>2023-03-18T02:09:45Z</time>
</trkpt>
<trkpt lat="24.4181875" lon="121.1066605">
<ele>2032.89</ele>
<time>2023-03-18T02:09:57Z</time>
</trkpt>
<trkpt lat="24.4181356" lon="121.1066679">
<ele>2035.79</ele>
<time>2023-03-18T02:10:07Z</time>
</trkpt>
<trkpt lat="24.4180934" lon="121.1066407">
<ele>2035.85</ele>
<time>2023-03-18T02:10:15Z</time>
</trkpt>
<trkpt lat="24.4180385" lon="121.1066220">
<ele>2036.14</ele>
<time>2023-03-18T02:10:27Z</time>
</trkpt>
<trkpt lat="24.4180150" lon="121.1065764">
<ele>2035.49</ele>
<time>2023-03-18T02:10:35Z</time>
</trkpt>
<trkpt lat="24.4179793" lon="121.1066158">
<ele>2035.94</ele>
<time>2023-03-18T02:10:39Z</time>
</trkpt>
<trkpt lat="24.4179353" lon="121.1065953">
<ele>2038.21</ele>
<time>2023-03-18T02:10:53Z</time>
</trkpt>
<trkpt lat="24.4178897" lon="121.1065622">
<ele>2038.38</ele>
<time>2023-03-18T02:11:01Z</time>
</trkpt>
<trkpt lat="24.4178402" lon="121.1065444">
<ele>2039.78</ele>
<time>2023-03-18T02:11:11Z</time>
</trkpt>
<trkpt lat="24.4177948" lon="121.1065762">
<ele>2042.35</ele>
<time>2023-03-18T02:11:21Z</time>
</trkpt>
<trkpt lat="24.4177562" lon="121.1066087">
<ele>2044.89</ele>
<time>2023-03-18T02:11:31Z</time>
</trkpt>
<trkpt lat="24.4177153" lon="121.1066300">
<ele>2046.92</ele>
<time>2023-03-18T02:11:51Z</time>
</trkpt>
<trkpt lat="24.4176656" lon="121.1066307">
<ele>2045.94</ele>
<time>2023-03-18T02:12:03Z</time>
</trkpt>
<trkpt lat="24.4176250" lon="121.1066013">
<ele>2046.48</ele>
<time>2023-03-18T02:12:13Z</time>
</trkpt>
<trkpt lat="24.4175781" lon="121.1065707">
<ele>2048.00</ele>
<time>2023-03-18T02:12:23Z</time>
</trkpt>
<trkpt lat="24.4175448" lon="121.1065356">
<ele>2048.16</ele>
<time>2023-03-18T02:12:33Z</time>
</trkpt>
<trkpt lat="24.4175131" lon="121.1064905">
<ele>2048.76</ele>
<time>2023-03-18T02:12:43Z</time>
</trkpt>
<trkpt lat="24.4174779" lon="121.1064393">
<ele>2048.66</ele>
<time>2023-03-18T02:12:52Z</time>
</trkpt>
<trkpt lat="24.4174404" lon="121.1064049">
<ele>2049.04</ele>
<time>2023-03-18T02:12:59Z</time>
</trkpt>
<trkpt lat="24.4174238" lon="121.1063553">
<ele>2049.81</ele>
<time>2023-03-18T02:13:11Z</time>
</trkpt>
<trkpt lat="24.4173771" lon="121.1063693">
<ele>2052.83</ele>
<time>2023-03-18T02:13:25Z</time>
</trkpt>
<trkpt lat="24.4173465" lon="121.1064108">
<ele>2054.34</ele>
<time>2023-03-18T02:13:33Z</time>
</trkpt>
<trkpt lat="24.4173213" lon="121.1064591">
<ele>2055.14</ele>
<time>2023-03-18T02:13:41Z</time>
</trkpt>
<trkpt lat="24.4172714" lon="121.1064346">
<ele>2054.00</ele>
<time>2023-03-18T02:13:47Z</time>
</trkpt>
<trkpt lat="24.4172438" lon="121.1063943">
<ele>2054.10</ele>
<time>2023-03-18T02:13:55Z</time>
</trkpt>
<trkpt lat="24.4171872" lon="121.1064157">
<ele>2057.47</ele>
<time>2023-03-18T02:14:14Z</time>
</trkpt>
<trkpt lat="24.4171468" lon="121.1064423">
<ele>2060.78</ele>
<time>2023-03-18T02:14:34Z</time>
</trkpt>
<trkpt lat="24.4171009" lon="121.1064253">
<ele>2065.45</ele>
<time>2023-03-18T02:15:28Z</time>
</trkpt>
<trkpt lat="24.4170788" lon="121.1063807">
<ele>2065.01</ele>
<time>2023-03-18T02:15:42Z</time>
</trkpt>
<trkpt lat="24.4170380" lon="121.1063533">
<ele>2064.64</ele>
<time>2023-03-18T02:16:06Z</time>
</trkpt>
<trkpt lat="24.4169646" lon="121.1063461">
<ele>2070.45</ele>
<time>2023-03-18T02:17:40Z</time>
</trkpt>
<trkpt lat="24.4169196" lon="121.1063757">
<ele>2073.84</ele>
<time>2023-03-18T02:17:48Z</time>
</trkpt>
<trkpt lat="24.4169031" lon="121.1064288">
<ele>2080.60</ele>
<time>2023-03-18T02:18:40Z</time>
</trkpt>
<trkpt lat="24.4168790" lon="121.1063857">
<ele>2078.53</ele>
<time>2023-03-18T02:18:54Z</time>
</trkpt>
<trkpt lat="24.4168252" lon="121.1063665">
<ele>2078.21</ele>
<time>2023-03-18T02:19:24Z</time>
</trkpt>
<trkpt lat="24.4167857" lon="121.1064048">
<ele>2081.54</ele>
<time>2023-03-18T02:20:12Z</time>
</trkpt>
<trkpt lat="24.4167429" lon="121.1064296">
<ele>2089.40</ele>
<time>2023-03-18T02:20:32Z</time>
</trkpt>
<trkpt lat="24.4166937" lon="121.1064328">
<ele>2090.74</ele>
<time>2023-03-18T02:20:40Z</time>
</trkpt>
<trkpt lat="24.4166485" lon="121.1064115">
<ele>2092.04</ele>
<time>2023-03-18T02:20:50Z</time>
</trkpt>
<trkpt lat="24.4166247" lon="121.1063570">
<ele>2093.12</ele>
<time>2023-03-18T02:20:58Z</time>
</trkpt>
<trkpt lat="24.4165721" lon="121.1063530">
<ele>2093.94</ele>
<time>2023-03-18T02:21:08Z</time>
</trkpt>
<trkpt lat="24.4165181" lon="121.1063408">
<ele>2096.30</ele>
<time>2023-03-18T02:21:14Z</time>
</trkpt>
<trkpt lat="24.4164859" lon="121.1062951">
<ele>2097.06</ele>
<time>2023-03-18T02:21:26Z</time>
</trkpt>
<trkpt lat="24.4164392" lon="121.1063073">
<ele>2099.66</ele>
<time>2023-03-18T02:21:36Z</time>
</trkpt>
<trkpt lat="24.4164189" lon="121.1062620">
<ele>2097.52</ele>
<time>2023-03-18T02:21:48Z</time>
</trkpt>
<trkpt lat="24.4163788" lon="121.1062295">
<ele>2100.19</ele>
<time>2023-03-18T02:21:58Z</time>
</trkpt>
<trkpt lat="24.4163249" lon="121.1062364">
<ele>2103.29</ele>
<time>2023-03-18T02:22:12Z</time>
</trkpt>
<trkpt lat="24.4162787" lon="121.1062060">
<ele>2102.63</ele>
<time>2023-03-18T02:22:20Z</time>
</trkpt>
<trkpt lat="24.4162330" lon="121.1061684">
<ele>2101.20</ele>
<time>2023-03-18T02:22:34Z</time>
</trkpt>
<trkpt lat="24.4161884" lon="121.1061344">
<ele>2101.22</ele>
<time>2023-03-18T02:22:44Z</time>
</trkpt>
<trkpt lat="24.4161443" lon="121.1061228">
<ele>2103.22</ele>
<time>2023-03-18T02:22:54Z</time>
</trkpt>
<trkpt lat="24.4160970" lon="121.1061282">
<ele>2101.80</ele>
<time>2023-03-18T02:23:08Z</time>
</trkpt>
<trkpt lat="24.4161114" lon="121.1060770">
<ele>2101.19</ele>
<time>2023-03-18T02:23:36Z</time>
</trkpt>
<trkpt lat="24.4161045" lon="121.1061306">
<ele>2105.75</ele>
<time>2023-03-18T02:24:00Z</time>
</trkpt>
<trkpt lat="24.4160758" lon="121.1060903">
<ele>2114.47</ele>
<time>2023-03-18T02:24:30Z</time>
</trkpt>
<trkpt lat="24.4160371" lon="121.1060624">
<ele>2110.29</ele>
<time>2023-03-18T02:24:56Z</time>
</trkpt>
<trkpt lat="24.4160015" lon="121.1060127">
<ele>2108.40</ele>
<time>2023-03-18T02:25:02Z</time>
</trkpt>
<trkpt lat="24.4159651" lon="121.1059722">
<ele>2108.88</ele>
<time>2023-03-18T02:25:06Z</time>
</trkpt>
<trkpt lat="24.4159197" lon="121.1059580">
<ele>2107.84</ele>
<time>2023-03-18T02:25:12Z</time>
</trkpt>
<trkpt lat="24.4158780" lon="121.1059330">
<ele>2106.38</ele>
<time>2023-03-18T02:25:18Z</time>
</trkpt>
<trkpt lat="24.4158425" lon="121.1059648">
<ele>2105.88</ele>
<time>2023-03-18T02:25:30Z</time>
</trkpt>
<trkpt lat="24.4157921" lon="121.1059645">
<ele>2107.90</ele>
<time>2023-03-18T02:25:44Z</time>
</trkpt>
<trkpt lat="24.4157438" lon="121.1059486">
<ele>2107.12</ele>
<time>2023-03-18T02:25:54Z</time>
</trkpt>
<trkpt lat="24.4157192" lon="121.1059976">
<ele>2109.38</ele>
<time>2023-03-18T02:26:12Z</time>
</trkpt>
<trkpt lat="24.4156848" lon="121.1059658">
<ele>2108.05</ele>
<time>2023-03-18T02:26:52Z</time>
</trkpt>
<trkpt lat="24.4156391" lon="121.1059666">
<ele>2108.43</ele>
<time>2023-03-18T02:27:02Z</time>
</trkpt>
<trkpt lat="24.4156022" lon="121.1059981">
<ele>2108.84</ele>
<time>2023-03-18T02:27:50Z</time>
</trkpt>
<trkpt lat="24.4155602" lon="121.1059662">
<ele>2110.99</ele>
<time>2023-03-18T02:28:06Z</time>
</trkpt>
<trkpt lat="24.4155177" lon="121.1059989">
<ele>2113.72</ele>
<time>2023-03-18T02:28:42Z</time>
</trkpt>
<trkpt lat="24.4154862" lon="121.1059582">
<ele>2115.40</ele>
<time>2023-03-18T02:28:56Z</time>
</trkpt>
<trkpt lat="24.4154893" lon="121.1059030">
<ele>2117.43</ele>
<time>2023-03-18T02:29:08Z</time>
</trkpt>
<trkpt lat="24.4154382" lon="121.1059050">
<ele>2117.94</ele>
<time>2023-03-18T02:29:44Z</time>
</trkpt>
<trkpt lat="24.4153897" lon="121.1058767">
<ele>2121.06</ele>
<time>2023-03-18T02:30:16Z</time>
</trkpt>
<trkpt lat="24.4153550" lon="121.1058438">
<ele>2117.95</ele>
<time>2023-03-18T02:30:24Z</time>
</trkpt>
<trkpt lat="24.4153205" lon="121.1058088">
<ele>2119.47</ele>
<time>2023-03-18T02:30:36Z</time>
</trkpt>
<trkpt lat="24.4152782" lon="121.1057889">
<ele>2118.16</ele>
<time>2023-03-18T02:30:48Z</time>
</trkpt>
<trkpt lat="24.4152474" lon="121.1058338">
<ele>2118.61</ele>
<time>2023-03-18T02:31:04Z</time>
</trkpt>
<trkpt lat="24.4152044" lon="121.1058022">
<ele>2125.85</ele>
<time>2023-03-18T02:31:34Z</time>
</trkpt>
<trkpt lat="24.4151848" lon="121.1057564">
<ele>2126.40</ele>
<time>2023-03-18T02:31:50Z</time>
</trkpt>
<trkpt lat="24.4152477" lon="121.1057430">
<ele>2125.75</ele>
<time>2023-03-18T02:32:02Z</time>
</trkpt>
<trkpt lat="24.4152099" lon="121.1057077">
<ele>2138.29</ele>
<time>2023-03-18T02:32:40Z</time>
</trkpt>
<trkpt lat="24.4151798" lon="121.1056696">
<ele>2139.30</ele>
<time>2023-03-18T02:33:00Z</time>
</trkpt>
<trkpt lat="24.4151345" lon="121.1056483">
<ele>2143.22</ele>
<time>2023-03-18T02:33:30Z</time>
</trkpt>
<trkpt lat="24.4150978" lon="121.1056173">
<ele>2142.92</ele>
<time>2023-03-18T02:33:48Z</time>
</trkpt>
<trkpt lat="24.4150560" lon="121.1055924">
<ele>2148.96</ele>
<time>2023-03-18T02:34:04Z</time>
</trkpt>
<trkpt lat="24.4150336" lon="121.1055474">
<ele>2150.32</ele>
<time>2023-03-18T02:34:18Z</time>
</trkpt>
<trkpt lat="24.4149979" lon="121.1055074">
<ele>2155.19</ele>
<time>2023-03-18T02:34:40Z</time>
</trkpt>
<trkpt lat="24.4149807" lon="121.1054560">
<ele>2157.62</ele>
<time>2023-03-18T02:34:48Z</time>
</trkpt>
<trkpt lat="24.4149332" lon="121.1054696">
<ele>2157.67</ele>
<time>2023-03-18T02:34:58Z</time>
</trkpt>
<trkpt lat="24.4148922" lon="121.1054460">
<ele>2159.64</ele>
<time>2023-03-18T02:35:08Z</time>
</trkpt>
<trkpt lat="24.4148632" lon="121.1054902">
<ele>2158.84</ele>
<time>2023-03-18T02:35:14Z</time>
</trkpt>
<trkpt lat="24.4148438" lon="121.1055390">
<ele>2159.08</ele>
<time>2023-03-18T02:35:22Z</time>
</trkpt>
<trkpt lat="24.4148046" lon="121.1055720">
<ele>2160.86</ele>
<time>2023-03-18T02:35:50Z</time>
</trkpt>
<trkpt lat="24.4147720" lon="121.1056096">
<ele>2163.23</ele>
<time>2023-03-18T02:36:02Z</time>
</trkpt>
<trkpt lat="24.4147352" lon="121.1056540">
<ele>2165.13</ele>
<time>2023-03-18T02:36:12Z</time>
</trkpt>
<trkpt lat="24.4146915" lon="121.1056676">
<ele>2166.36</ele>
<time>2023-03-18T02:36:22Z</time>
</trkpt>
<trkpt lat="24.4146465" lon="121.1056543">
<ele>2167.17</ele>
<time>2023-03-18T02:36:32Z</time>
</trkpt>
<trkpt lat="24.4145984" lon="121.1056496">
<ele>2169.49</ele>
<time>2023-03-18T02:36:44Z</time>
</trkpt>
<trkpt lat="24.4145546" lon="121.1056202">
<ele>2170.02</ele>
<time>2023-03-18T02:36:52Z</time>
</trkpt>
<trkpt lat="24.4145191" lon="121.1055873">
<ele>2169.45</ele>
<time>2023-03-18T02:37:08Z</time>
</trkpt>
<trkpt lat="24.4145283" lon="121.1055350">
<ele>2165.55</ele>
<time>2023-03-18T02:37:40Z</time>
</trkpt>
<trkpt lat="24.4145300" lon="121.1054812">
<ele>2163.47</ele>
<time>2023-03-18T02:39:32Z</time>
</trkpt>
<trkpt lat="24.4144844" lon="121.1054723">
<ele>2162.27</ele>
<time>2023-03-18T02:40:14Z</time>
</trkpt>
<trkpt lat="24.4144446" lon="121.1054350">
<ele>2164.52</ele>
<time>2023-03-18T02:40:36Z</time>
</trkpt>
<trkpt lat="24.4144082" lon="121.1054692">
<ele>2164.20</ele>
<time>2023-03-18T02:40:42Z</time>
</trkpt>
<trkpt lat="24.4143840" lon="121.1055128">
<ele>2166.50</ele>
<time>2023-03-18T02:40:48Z</time>
</trkpt>
<trkpt lat="24.4143358" lon="121.1055273">
<ele>2166.25</ele>
<time>2023-03-18T02:40:58Z</time>
</trkpt>
<trkpt lat="24.4143394" lon="121.1055825">
<ele>2168.74</ele>
<time>2023-03-18T02:41:18Z</time>
</trkpt>
<trkpt lat="24.4143119" lon="121.1055288">
<ele>2168.44</ele>
<time>2023-03-18T02:41:30Z</time>
</trkpt>
<trkpt lat="24.4142992" lon="121.1054795">
<ele>2168.22</ele>
<time>2023-03-18T02:42:02Z</time>
</trkpt>
<trkpt lat="24.4142496" lon="121.1054612">
<ele>2168.65</ele>
<time>2023-03-18T02:42:12Z</time>
</trkpt>
<trkpt lat="24.4142051" lon="121.1054451">
<ele>2167.46</ele>
<time>2023-03-18T02:42:26Z</time>
</trkpt>
<trkpt lat="24.4141503" lon="121.1054713">
<ele>2166.99</ele>
<time>2023-03-18T02:42:36Z</time>
</trkpt>
<trkpt lat="24.4141071" lon="121.1055043">
<ele>2167.76</ele>
<time>2023-03-18T02:42:42Z</time>
</trkpt>
<trkpt lat="24.4140552" lon="121.1055118">
<ele>2167.79</ele>
<time>2023-03-18T02:42:48Z</time>
</trkpt>
<trkpt lat="24.4140097" lon="121.1054867">
<ele>2170.38</ele>
<time>2023-03-18T02:43:04Z</time>
</trkpt>
<trkpt lat="24.4140029" lon="121.1055367">
<ele>2170.13</ele>
<time>2023-03-18T02:43:26Z</time>
</trkpt>
<trkpt lat="24.4139510" lon="121.1055303">
<ele>2170.70</ele>
<time>2023-03-18T02:43:40Z</time>
</trkpt>
<trkpt lat="24.4138981" lon="121.1055161">
<ele>2170.26</ele>
<time>2023-03-18T02:43:48Z</time>
</trkpt>
<trkpt lat="24.4138387" lon="121.1054867">
<ele>2172.70</ele>
<time>2023-03-18T02:43:58Z</time>
</trkpt>
<trkpt lat="24.4138030" lon="121.1054513">
<ele>2170.03</ele>
<time>2023-03-18T02:44:20Z</time>
</trkpt>
<trkpt lat="24.4137522" lon="121.1054462">
<ele>2172.05</ele>
<time>2023-03-18T02:44:36Z</time>
</trkpt>
<trkpt lat="24.4136959" lon="121.1054550">
<ele>2176.48</ele>
<time>2023-03-18T02:44:44Z</time>
</trkpt>
<trkpt lat="24.4136570" lon="121.1054204">
<ele>2176.79</ele>
<time>2023-03-18T02:44:52Z</time>
</trkpt>
<trkpt lat="24.4136092" lon="121.1054298">
<ele>2177.46</ele>
<time>2023-03-18T02:45:00Z</time>
</trkpt>
<trkpt lat="24.4135635" lon="121.1054294">
<ele>2176.89</ele>
<time>2023-03-18T02:45:08Z</time>
</trkpt>
<trkpt lat="24.4135036" lon="121.1054246">
<ele>2178.37</ele>
<time>2023-03-18T02:45:16Z</time>
</trkpt>
<trkpt lat="24.4134567" lon="121.1054159">
<ele>2177.14</ele>
<time>2023-03-18T02:45:24Z</time>
</trkpt>
<trkpt lat="24.4134244" lon="121.1054538">
<ele>2175.69</ele>
<time>2023-03-18T02:45:30Z</time>
</trkpt>
<trkpt lat="24.4133588" lon="121.1054425">
<ele>2178.41</ele>
<time>2023-03-18T02:46:35Z</time>
</trkpt>
<trkpt lat="24.4133989" lon="121.1054129">
<ele>2178.53</ele>
<time>2023-03-18T02:46:58Z</time>
</trkpt>
<trkpt lat="24.4133794" lon="121.1053598">
<ele>2172.81</ele>
<time>2023-03-18T02:50:26Z</time>
</trkpt>
<trkpt lat="24.4133351" lon="121.1053304">
<ele>2182.54</ele>
<time>2023-03-18T02:51:12Z</time>
</trkpt>
<trkpt lat="24.4132795" lon="121.1053148">
<ele>2186.33</ele>
<time>2023-03-18T02:51:36Z</time>
</trkpt>
<trkpt lat="24.4132441" lon="121.1052739">
<ele>2186.96</ele>
<time>2023-03-18T02:51:46Z</time>
</trkpt>
<trkpt lat="24.4132351" lon="121.1052229">
<ele>2188.49</ele>
<time>2023-03-18T02:52:08Z</time>
</trkpt>
<trkpt lat="24.4132472" lon="121.1051561">
<ele>2189.30</ele>
<time>2023-03-18T02:52:20Z</time>
</trkpt>
<trkpt lat="24.4132330" lon="121.1050986">
<ele>2187.60</ele>
<time>2023-03-18T02:52:28Z</time>
</trkpt>
<trkpt lat="24.4131902" lon="121.1050566">
<ele>2189.38</ele>
<time>2023-03-18T02:52:44Z</time>
</trkpt>
<trkpt lat="24.4131778" lon="121.1050064">
<ele>2192.73</ele>
<time>2023-03-18T02:52:56Z</time>
</trkpt>
<trkpt lat="24.4131887" lon="121.1049383">
<ele>2195.78</ele>
<time>2023-03-18T02:53:08Z</time>
</trkpt>
<trkpt lat="24.4131630" lon="121.1048949">
<ele>2193.74</ele>
<time>2023-03-18T02:53:14Z</time>
</trkpt>
<trkpt lat="24.4131110" lon="121.1048750">
<ele>2191.50</ele>
<time>2023-03-18T02:53:22Z</time>
</trkpt>
<trkpt lat="24.4130558" lon="121.1048725">
<ele>2193.08</ele>
<time>2023-03-18T02:53:34Z</time>
</trkpt>
<trkpt lat="24.4130372" lon="121.1049188">
<ele>2196.82</ele>
<time>2023-03-18T02:53:54Z</time>
</trkpt>
<trkpt lat="24.4129821" lon="121.1049125">
<ele>2198.24</ele>
<time>2023-03-18T02:54:08Z</time>
</trkpt>
<trkpt lat="24.4129339" lon="121.1049064">
<ele>2199.51</ele>
<time>2023-03-18T02:54:20Z</time>
</trkpt>
<trkpt lat="24.4129029" lon="121.1049432">
<ele>2200.26</ele>
<time>2023-03-18T02:54:32Z</time>
</trkpt>
<trkpt lat="24.4128568" lon="121.1049596">
<ele>2202.88</ele>
<time>2023-03-18T02:54:46Z</time>
</trkpt>
<trkpt lat="24.4128177" lon="121.1049850">
<ele>2206.62</ele>
<time>2023-03-18T02:55:02Z</time>
</trkpt>
<trkpt lat="24.4127742" lon="121.1049986">
<ele>2208.70</ele>
<time>2023-03-18T02:55:18Z</time>
</trkpt>
<trkpt lat="24.4127241" lon="121.1050069">
<ele>2210.52</ele>
<time>2023-03-18T02:55:30Z</time>
</trkpt>
<trkpt lat="24.4126769" lon="121.1049980">
<ele>2213.66</ele>
<time>2023-03-18T02:55:44Z</time>
</trkpt>
<trkpt lat="24.4126311" lon="121.1050071">
<ele>2214.76</ele>
<time>2023-03-18T02:55:58Z</time>
</trkpt>
<trkpt lat="24.4125802" lon="121.1050183">
<ele>2216.05</ele>
<time>2023-03-18T02:56:06Z</time>
</trkpt>
<trkpt lat="24.4125318" lon="121.1050083">
<ele>2216.18</ele>
<time>2023-03-18T02:56:16Z</time>
</trkpt>
<trkpt lat="24.4124851" lon="121.1049989">
<ele>2217.91</ele>
<time>2023-03-18T02:56:28Z</time>
</trkpt>
<trkpt lat="24.4124460" lon="121.1050316">
<ele>2219.74</ele>
<time>2023-03-18T02:56:40Z</time>
</trkpt>
<trkpt lat="24.4123951" lon="121.1050282">
<ele>2222.45</ele>
<time>2023-03-18T02:56:50Z</time>
</trkpt>
<trkpt lat="24.4123488" lon="121.1050121">
<ele>2223.54</ele>
<time>2023-03-18T02:57:00Z</time>
</trkpt>
<trkpt lat="24.4122997" lon="121.1050259">
<ele>2223.21</ele>
<time>2023-03-18T02:57:08Z</time>
</trkpt>
<trkpt lat="24.4122650" lon="121.1049937">
<ele>2221.58</ele>
<time>2023-03-18T02:57:20Z</time>
</trkpt>
<trkpt lat="24.4122277" lon="121.1050239">
<ele>2223.89</ele>
<time>2023-03-18T02:57:39Z</time>
</trkpt>
<trkpt lat="24.4122030" lon="121.1049803">
<ele>2221.42</ele>
<time>2023-03-18T02:57:49Z</time>
</trkpt>
<trkpt lat="24.4122498" lon="121.1049846">
<ele>2219.42</ele>
<time>2023-03-18T02:58:46Z</time>
</trkpt>
<trkpt lat="24.4122082" lon="121.1049622">
<ele>2224.74</ele>
<time>2023-03-18T02:59:36Z</time>
</trkpt>
<trkpt lat="24.4122425" lon="121.1049944">
<ele>2223.34</ele>
<time>2023-03-18T02:59:47Z</time>
</trkpt>
<trkpt lat="24.4122002" lon="121.1050126">
<ele>2225.87</ele>
<time>2023-03-18T03:01:02Z</time>
</trkpt>
<trkpt lat="24.4121912" lon="121.1049634">
<ele>2222.75</ele>
<time>2023-03-18T03:01:14Z</time>
</trkpt>
<trkpt lat="24.4122351" lon="121.1049817">
<ele>2223.12</ele>
<time>2023-03-18T03:03:37Z</time>
</trkpt>
<trkpt lat="24.4122815" lon="121.1049918">
<ele>2222.18</ele>
<time>2023-03-18T03:03:55Z</time>
</trkpt>
<trkpt lat="24.4123242" lon="121.1050193">
<ele>2219.86</ele>
<time>2023-03-18T03:04:19Z</time>
</trkpt>
<trkpt lat="24.4123740" lon="121.1049984">
<ele>2217.43</ele>
<time>2023-03-18T03:04:27Z</time>
</trkpt>
<trkpt lat="24.4124308" lon="121.1049873">
<ele>2215.66</ele>
<time>2023-03-18T03:04:43Z</time>
</trkpt>
<trkpt lat="24.4124946" lon="121.1049837">
<ele>2217.07</ele>
<time>2023-03-18T03:04:51Z</time>
</trkpt>
<trkpt lat="24.4125448" lon="121.1049832">
<ele>2214.99</ele>
<time>2023-03-18T03:04:59Z</time>
</trkpt>
<trkpt lat="24.4125903" lon="121.1049875">
<ele>2214.94</ele>
<time>2023-03-18T03:05:05Z</time>
</trkpt>
<trkpt lat="24.4126460" lon="121.1049948">
<ele>2215.48</ele>
<time>2023-03-18T03:05:17Z</time>
</trkpt>
<trkpt lat="24.4126917" lon="121.1049820">
<ele>2215.43</ele>
<time>2023-03-18T03:05:23Z</time>
</trkpt>
<trkpt lat="24.4127381" lon="121.1049942">
<ele>2212.81</ele>
<time>2023-03-18T03:05:29Z</time>
</trkpt>
<trkpt lat="24.4127869" lon="121.1049697">
<ele>2210.09</ele>
<time>2023-03-18T03:05:41Z</time>
</trkpt>
<trkpt lat="24.4128182" lon="121.1049313">
<ele>2202.51</ele>
<time>2023-03-18T03:06:01Z</time>
</trkpt>
<trkpt lat="24.4128613" lon="121.1049116">
<ele>2201.41</ele>
<time>2023-03-18T03:06:09Z</time>
</trkpt>
<trkpt lat="24.4129246" lon="121.1048892">
<ele>2202.82</ele>
<time>2023-03-18T03:06:19Z</time>
</trkpt>
<trkpt lat="24.4129422" lon="121.1048420">
<ele>2201.77</ele>
<time>2023-03-18T03:06:31Z</time>
</trkpt>
<trkpt lat="24.4129854" lon="121.1048615">
<ele>2203.93</ele>
<time>2023-03-18T03:06:37Z</time>
</trkpt>
<trkpt lat="24.4130462" lon="121.1049062">
<ele>2201.90</ele>
<time>2023-03-18T03:06:43Z</time>
</trkpt>
<trkpt lat="24.4130069" lon="121.1048666">
<ele>2198.93</ele>
<time>2023-03-18T03:06:51Z</time>
</trkpt>
<trkpt lat="24.4130284" lon="121.1048157">
<ele>2195.34</ele>
<time>2023-03-18T03:07:05Z</time>
</trkpt>
<trkpt lat="24.4130504" lon="121.1047643">
<ele>2192.55</ele>
<time>2023-03-18T03:07:13Z</time>
</trkpt>
<trkpt lat="24.4130982" lon="121.1047496">
<ele>2193.57</ele>
<time>2023-03-18T03:07:19Z</time>
</trkpt>
<trkpt lat="24.4131045" lon="121.1048051">
<ele>2194.73</ele>
<time>2023-03-18T03:07:33Z</time>
</trkpt>
<trkpt lat="24.4131158" lon="121.1048600">
<ele>2194.97</ele>
<time>2023-03-18T03:07:41Z</time>
</trkpt>
<trkpt lat="24.4131442" lon="121.1049091">
<ele>2193.22</ele>
<time>2023-03-18T03:07:53Z</time>
</trkpt>
<trkpt lat="24.4131677" lon="121.1049558">
<ele>2193.29</ele>
<time>2023-03-18T03:08:01Z</time>
</trkpt>
<trkpt lat="24.4131811" lon="121.1050124">
<ele>2190.28</ele>
<time>2023-03-18T03:08:09Z</time>
</trkpt>
<trkpt lat="24.4132089" lon="121.1050591">
<ele>2191.25</ele>
<time>2023-03-18T03:08:19Z</time>
</trkpt>
<trkpt lat="24.4132544" lon="121.1050616">
<ele>2189.11</ele>
<time>2023-03-18T03:08:27Z</time>
</trkpt>
<trkpt lat="24.4133087" lon="121.1050451">
<ele>2185.34</ele>
<time>2023-03-18T03:08:45Z</time>
</trkpt>
<trkpt lat="24.4133636" lon="121.1050412">
<ele>2184.11</ele>
<time>2023-03-18T03:08:51Z</time>
</trkpt>
<trkpt lat="24.4134130" lon="121.1050730">
<ele>2187.21</ele>
<time>2023-03-18T03:09:01Z</time>
</trkpt>
<trkpt lat="24.4134249" lon="121.1051290">
<ele>2181.54</ele>
<time>2023-03-18T03:09:21Z</time>
</trkpt>
<trkpt lat="24.4134659" lon="121.1051020">
<ele>2182.27</ele>
<time>2023-03-18T03:09:37Z</time>
</trkpt>
<trkpt lat="24.4135125" lon="121.1050886">
<ele>2181.12</ele>
<time>2023-03-18T03:09:43Z</time>
</trkpt>
<trkpt lat="24.4134882" lon="121.1051438">
<ele>2175.47</ele>
<time>2023-03-18T03:09:53Z</time>
</trkpt>
<trkpt lat="24.4134294" lon="121.1051255">
<ele>2176.47</ele>
<time>2023-03-18T03:10:05Z</time>
</trkpt>
<trkpt lat="24.4133834" lon="121.1051273">
<ele>2178.76</ele>
<time>2023-03-18T03:10:11Z</time>
</trkpt>
<trkpt lat="24.4133955" lon="121.1051803">
<ele>2178.66</ele>
<time>2023-03-18T03:10:17Z</time>
</trkpt>
<trkpt lat="24.4133841" lon="121.1052437">
<ele>2176.74</ele>
<time>2023-03-18T03:10:33Z</time>
</trkpt>
<trkpt lat="24.4133547" lon="121.1052971">
<ele>2179.26</ele>
<time>2023-03-18T03:10:41Z</time>
</trkpt>
<trkpt lat="24.4133999" lon="121.1053432">
<ele>2179.12</ele>
<time>2023-03-18T03:11:13Z</time>
</trkpt>
<trkpt lat="24.4134136" lon="121.1053915">
<ele>2178.54</ele>
<time>2023-03-18T03:11:17Z</time>
</trkpt>
<trkpt lat="24.4134375" lon="121.1054400">
<ele>2179.43</ele>
<time>2023-03-18T03:11:25Z</time>
</trkpt>
<trkpt lat="24.4134086" lon="121.1054921">
<ele>2180.24</ele>
<time>2023-03-18T03:13:17Z</time>
</trkpt>
<trkpt lat="24.4133876" lon="121.1054409">
<ele>2179.57</ele>
<time>2023-03-18T03:13:23Z</time>
</trkpt>
<trkpt lat="24.4134042" lon="121.1054871">
<ele>2179.33</ele>
<time>2023-03-18T03:13:53Z</time>
</trkpt>
<trkpt lat="24.4133756" lon="121.1055379">
<ele>2179.82</ele>
<time>2023-03-18T03:14:35Z</time>
</trkpt>
<trkpt lat="24.4133447" lon="121.1055745">
<ele>2182.21</ele>
<time>2023-03-18T03:14:41Z</time>
</trkpt>
<trkpt lat="24.4133781" lon="121.1056190">
<ele>2179.01</ele>
<time>2023-03-18T03:14:47Z</time>
</trkpt>
<trkpt lat="24.4133671" lon="121.1056806">
<ele>2176.76</ele>
<time>2023-03-18T03:14:57Z</time>
</trkpt>
<trkpt lat="24.4133427" lon="121.1057380">
<ele>2178.48</ele>
<time>2023-03-18T03:15:07Z</time>
</trkpt>
<trkpt lat="24.4133456" lon="121.1057945">
<ele>2176.46</ele>
<time>2023-03-18T03:15:13Z</time>
</trkpt>
<trkpt lat="24.4133002" lon="121.1058258">
<ele>2174.72</ele>
<time>2023-03-18T03:15:19Z</time>
</trkpt>
<trkpt lat="24.4132685" lon="121.1058737">
<ele>2174.31</ele>
<time>2023-03-18T03:15:27Z</time>
</trkpt>
<trkpt lat="24.4132478" lon="121.1059326">
<ele>2175.47</ele>
<time>2023-03-18T03:15:33Z</time>
</trkpt>
<trkpt lat="24.4132382" lon="121.1059928">
<ele>2179.20</ele>
<time>2023-03-18T03:15:39Z</time>
</trkpt>
<trkpt lat="24.4132018" lon="121.1060247">
<ele>2181.27</ele>
<time>2023-03-18T03:15:47Z</time>
</trkpt>
<trkpt lat="24.4131799" lon="121.1060722">
<ele>2182.68</ele>
<time>2023-03-18T03:15:55Z</time>
</trkpt>
<trkpt lat="24.4131869" lon="121.1061356">
<ele>2181.35</ele>
<time>2023-03-18T03:16:03Z</time>
</trkpt>
<trkpt lat="24.4131609" lon="121.1061769">
<ele>2182.03</ele>
<time>2023-03-18T03:16:15Z</time>
</trkpt>
<trkpt lat="24.4131520" lon="121.1062269">
<ele>2174.04</ele>
<time>2023-03-18T03:16:39Z</time>
</trkpt>
<trkpt lat="24.4131227" lon="121.1062675">
<ele>2172.98</ele>
<time>2023-03-18T03:16:51Z</time>
</trkpt>
<trkpt lat="24.4131441" lon="121.1063168">
<ele>2176.19</ele>
<time>2023-03-18T03:16:55Z</time>
</trkpt>
<trkpt lat="24.4131208" lon="121.1063652">
<ele>2173.69</ele>
<time>2023-03-18T03:17:03Z</time>
</trkpt>
<trkpt lat="24.4130950" lon="121.1064263">
<ele>2175.35</ele>
<time>2023-03-18T03:17:13Z</time>
</trkpt>
<trkpt lat="24.4130781" lon="121.1064774">
<ele>2172.55</ele>
<time>2023-03-18T03:17:27Z</time>
</trkpt>
<trkpt lat="24.4130354" lon="121.1065108">
<ele>2172.89</ele>
<time>2023-03-18T03:17:39Z</time>
</trkpt>
<trkpt lat="24.4129831" lon="121.1064949">
<ele>2169.57</ele>
<time>2023-03-18T03:17:47Z</time>
</trkpt>
<trkpt lat="24.4129382" lon="121.1065221">
<ele>2166.32</ele>
<time>2023-03-18T03:17:59Z</time>
</trkpt>
<trkpt lat="24.4129429" lon="121.1065741">
<ele>2165.98</ele>
<time>2023-03-18T03:18:05Z</time>
</trkpt>
<trkpt lat="24.4129035" lon="121.1066039">
<ele>2163.08</ele>
<time>2023-03-18T03:18:13Z</time>
</trkpt>
<trkpt lat="24.4128957" lon="121.1066630">
<ele>2163.37</ele>
<time>2023-03-18T03:18:21Z</time>
</trkpt>
<trkpt lat="24.4128655" lon="121.1066999">
<ele>2159.17</ele>
<time>2023-03-18T03:18:29Z</time>
</trkpt>
<trkpt lat="24.4128569" lon="121.1067540">
<ele>2155.44</ele>
<time>2023-03-18T03:18:41Z</time>
</trkpt>
<trkpt lat="24.4128108" lon="121.1067650">
<ele>2153.45</ele>
<time>2023-03-18T03:18:59Z</time>
</trkpt>
<trkpt lat="24.4127826" lon="121.1068105">
<ele>2150.97</ele>
<time>2023-03-18T03:19:07Z</time>
</trkpt>
<trkpt lat="24.4127540" lon="121.1068513">
<ele>2150.70</ele>
<time>2023-03-18T03:19:15Z</time>
</trkpt>
<trkpt lat="24.4127495" lon="121.1069035">
<ele>2151.26</ele>
<time>2023-03-18T03:19:23Z</time>
</trkpt>
<trkpt lat="24.4127063" lon="121.1069181">
<ele>2152.76</ele>
<time>2023-03-18T03:19:29Z</time>
</trkpt>
<trkpt lat="24.4127042" lon="121.1069767">
<ele>2147.94</ele>
<time>2023-03-18T03:19:39Z</time>
</trkpt>
<trkpt lat="24.4127108" lon="121.1070331">
<ele>2144.43</ele>
<time>2023-03-18T03:19:47Z</time>
</trkpt>
<trkpt lat="24.4127044" lon="121.1070883">
<ele>2143.65</ele>
<time>2023-03-18T03:19:55Z</time>
</trkpt>
<trkpt lat="24.4127117" lon="121.1071387">
<ele>2139.91</ele>
<time>2023-03-18T03:20:03Z</time>
</trkpt>
<trkpt lat="24.4126774" lon="121.1071833">
<ele>2139.43</ele>
<time>2023-03-18T03:20:15Z</time>
</trkpt>
<trkpt lat="24.4126407" lon="121.1072177">
<ele>2136.70</ele>
<time>2023-03-18T03:20:23Z</time>
</trkpt>
<trkpt lat="24.4126158" lon="121.1072678">
<ele>2133.56</ele>
<time>2023-03-18T03:20:31Z</time>
</trkpt>
<trkpt lat="24.4125721" lon="121.1073093">
<ele>2130.88</ele>
<time>2023-03-18T03:20:38Z</time>
</trkpt>
<trkpt lat="24.4125485" lon="121.1073550">
<ele>2127.72</ele>
<time>2023-03-18T03:20:45Z</time>
</trkpt>
<trkpt lat="24.4125299" lon="121.1074098">
<ele>2125.34</ele>
<time>2023-03-18T03:20:53Z</time>
</trkpt>
<trkpt lat="24.4125049" lon="121.1074556">
<ele>2124.23</ele>
<time>2023-03-18T03:21:01Z</time>
</trkpt>
<trkpt lat="24.4124754" lon="121.1075046">
<ele>2123.19</ele>
<time>2023-03-18T03:21:11Z</time>
</trkpt>
<trkpt lat="24.4124380" lon="121.1075334">
<ele>2119.57</ele>
<time>2023-03-18T03:21:27Z</time>
</trkpt>
<trkpt lat="24.4124284" lon="121.1075856">
<ele>2117.01</ele>
<time>2023-03-18T03:21:35Z</time>
</trkpt>
<trkpt lat="24.4123907" lon="121.1076136">
<ele>2116.83</ele>
<time>2023-03-18T03:21:41Z</time>
</trkpt>
<trkpt lat="24.4123617" lon="121.1076567">
<ele>2115.45</ele>
<time>2023-03-18T03:21:52Z</time>
</trkpt>
<trkpt lat="24.4123343" lon="121.1077034">
<ele>2113.30</ele>
<time>2023-03-18T03:22:01Z</time>
</trkpt>
<trkpt lat="24.4123213" lon="121.1077608">
<ele>2112.08</ele>
<time>2023-03-18T03:22:09Z</time>
</trkpt>
<trkpt lat="24.4123004" lon="121.1078072">
<ele>2108.34</ele>
<time>2023-03-18T03:22:16Z</time>
</trkpt>
<trkpt lat="24.4122261" lon="121.1078090">
<ele>2106.45</ele>
<time>2023-03-18T03:22:24Z</time>
</trkpt>
<trkpt lat="24.4121853" lon="121.1078563">
<ele>2101.50</ele>
<time>2023-03-18T03:22:32Z</time>
</trkpt>
<trkpt lat="24.4121546" lon="121.1079057">
<ele>2098.49</ele>
<time>2023-03-18T03:22:41Z</time>
</trkpt>
<trkpt lat="24.4121610" lon="121.1079688">
<ele>2096.99</ele>
<time>2023-03-18T03:22:47Z</time>
</trkpt>
<trkpt lat="24.4121322" lon="121.1080181">
<ele>2093.54</ele>
<time>2023-03-18T03:22:55Z</time>
</trkpt>
<trkpt lat="24.4121098" lon="121.1080679">
<ele>2089.91</ele>
<time>2023-03-18T03:23:04Z</time>
</trkpt>
<trkpt lat="24.4120464" lon="121.1081147">
<ele>2090.19</ele>
<time>2023-03-18T03:23:12Z</time>
</trkpt>
<trkpt lat="24.4120169" lon="121.1081569">
<ele>2088.70</ele>
<time>2023-03-18T03:23:21Z</time>
</trkpt>
<trkpt lat="24.4120344" lon="121.1082328">
<ele>2084.09</ele>
<time>2023-03-18T03:23:32Z</time>
</trkpt>
<trkpt lat="24.4120703" lon="121.1082702">
<ele>2081.79</ele>
<time>2023-03-18T03:23:45Z</time>
</trkpt>
<trkpt lat="24.4120719" lon="121.1083222">
<ele>2080.85</ele>
<time>2023-03-18T03:23:54Z</time>
</trkpt>
<trkpt lat="24.4120274" lon="121.1083565">
<ele>2076.94</ele>
<time>2023-03-18T03:24:05Z</time>
</trkpt>
<trkpt lat="24.4120001" lon="121.1084144">
<ele>2073.02</ele>
<time>2023-03-18T03:24:17Z</time>
</trkpt>
<trkpt lat="24.4119989" lon="121.1084749">
<ele>2072.17</ele>
<time>2023-03-18T03:24:23Z</time>
</trkpt>
<trkpt lat="24.4119864" lon="121.1085357">
<ele>2072.13</ele>
<time>2023-03-18T03:24:30Z</time>
</trkpt>
<trkpt lat="24.4119885" lon="121.1086065">
<ele>2067.99</ele>
<time>2023-03-18T03:24:40Z</time>
</trkpt>
<trkpt lat="24.4119474" lon="121.1086460">
<ele>2069.28</ele>
<time>2023-03-18T03:24:46Z</time>
</trkpt>
<trkpt lat="24.4119485" lon="121.1087040">
<ele>2064.86</ele>
<time>2023-03-18T03:24:52Z</time>
</trkpt>
<trkpt lat="24.4119271" lon="121.1087595">
<ele>2062.20</ele>
<time>2023-03-18T03:25:00Z</time>
</trkpt>
<trkpt lat="24.4119073" lon="121.1088135">
<ele>2060.59</ele>
<time>2023-03-18T03:25:08Z</time>
</trkpt>
<trkpt lat="24.4118546" lon="121.1088518">
<ele>2056.74</ele>
<time>2023-03-18T03:25:18Z</time>
</trkpt>
<trkpt lat="24.4119112" lon="121.1088536">
<ele>2054.79</ele>
<time>2023-03-18T03:25:36Z</time>
</trkpt>
<trkpt lat="24.4119473" lon="121.1088855">
<ele>2052.44</ele>
<time>2023-03-18T03:25:42Z</time>
</trkpt>
<trkpt lat="24.4119407" lon="121.1088325">
<ele>2049.88</ele>
<time>2023-03-18T03:25:55Z</time>
</trkpt>
<trkpt lat="24.4119725" lon="121.1088862">
<ele>2050.49</ele>
<time>2023-03-18T03:26:18Z</time>
</trkpt>
<trkpt lat="24.4119966" lon="121.1089308">
<ele>2049.68</ele>
<time>2023-03-18T03:26:28Z</time>
</trkpt>
<trkpt lat="24.4120043" lon="121.1089824">
<ele>2048.72</ele>
<time>2023-03-18T03:26:38Z</time>
</trkpt>
<trkpt lat="24.4120349" lon="121.1090259">
<ele>2047.01</ele>
<time>2023-03-18T03:26:50Z</time>
</trkpt>
<trkpt lat="24.4120792" lon="121.1090359">
<ele>2044.56</ele>
<time>2023-03-18T03:26:56Z</time>
</trkpt>
<trkpt lat="24.4121210" lon="121.1090609">
<ele>2044.17</ele>
<time>2023-03-18T03:27:04Z</time>
</trkpt>
<trkpt lat="24.4121791" lon="121.1090495">
<ele>2041.64</ele>
<time>2023-03-18T03:27:12Z</time>
</trkpt>
<trkpt lat="24.4122313" lon="121.1090331">
<ele>2042.26</ele>
<time>2023-03-18T03:27:24Z</time>
</trkpt>
<trkpt lat="24.4121754" lon="121.1090287">
<ele>2041.77</ele>
<time>2023-03-18T03:27:38Z</time>
</trkpt>
<trkpt lat="24.4122060" lon="121.1089912">
<ele>2037.86</ele>
<time>2023-03-18T03:28:06Z</time>
</trkpt>
<trkpt lat="24.4122535" lon="121.1090107">
<ele>2034.28</ele>
<time>2023-03-18T03:28:24Z</time>
</trkpt>
<trkpt lat="24.4123041" lon="121.1090420">
<ele>2034.77</ele>
<time>2023-03-18T03:28:32Z</time>
</trkpt>
<trkpt lat="24.4122964" lon="121.1091117">
<ele>2032.80</ele>
<time>2023-03-18T03:28:49Z</time>
</trkpt>
<trkpt lat="24.4122713" lon="121.1091627">
<ele>2030.56</ele>
<time>2023-03-18T03:28:58Z</time>
</trkpt>
<trkpt lat="24.4122712" lon="121.1092209">
<ele>2029.28</ele>
<time>2023-03-18T03:29:08Z</time>
</trkpt>
<trkpt lat="24.4122176" lon="121.1092257">
<ele>2028.29</ele>
<time>2023-03-18T03:29:24Z</time>
</trkpt>
<trkpt lat="24.4122559" lon="121.1092536">
<ele>2025.23</ele>
<time>2023-03-18T03:29:34Z</time>
</trkpt>
<trkpt lat="24.4122843" lon="121.1093059">
<ele>2022.51</ele>
<time>2023-03-18T03:29:44Z</time>
</trkpt>
<trkpt lat="24.4123256" lon="121.1092815">
<ele>2007.42</ele>
<time>2023-03-18T03:30:06Z</time>
</trkpt>
<trkpt lat="24.4123223" lon="121.1093519">
<ele>2006.11</ele>
<time>2023-03-18T03:30:20Z</time>
</trkpt>
<trkpt lat="24.4123406" lon="121.1094014">
<ele>2005.96</ele>
<time>2023-03-18T03:30:24Z</time>
</trkpt>
<trkpt lat="24.4123905" lon="121.1094317">
<ele>2005.08</ele>
<time>2023-03-18T03:30:30Z</time>
</trkpt>
<trkpt lat="24.4124409" lon="121.1094580">
<ele>2003.33</ele>
<time>2023-03-18T03:30:36Z</time>
</trkpt>
<trkpt lat="24.4124994" lon="121.1094853">
<ele>1999.72</ele>
<time>2023-03-18T03:30:44Z</time>
</trkpt>
<trkpt lat="24.4125554" lon="121.1094556">
<ele>1996.90</ele>
<time>2023-03-18T03:30:50Z</time>
</trkpt>
<trkpt lat="24.4125862" lon="121.1094951">
<ele>1996.28</ele>
<time>2023-03-18T03:30:58Z</time>
</trkpt>
<trkpt lat="24.4125665" lon="121.1095466">
<ele>1994.84</ele>
<time>2023-03-18T03:31:04Z</time>
</trkpt>
<trkpt lat="24.4125603" lon="121.1096063">
<ele>1992.98</ele>
<time>2023-03-18T03:31:12Z</time>
</trkpt>
<trkpt lat="24.4125301" lon="121.1096499">
<ele>1992.05</ele>
<time>2023-03-18T03:31:20Z</time>
</trkpt>
<trkpt lat="24.4125717" lon="121.1096752">
<ele>1990.59</ele>
<time>2023-03-18T03:31:28Z</time>
</trkpt>
<trkpt lat="24.4126136" lon="121.1096502">
<ele>1986.28</ele>
<time>2023-03-18T03:31:34Z</time>
</trkpt>
<trkpt lat="24.4126633" lon="121.1096302">
<ele>1981.57</ele>
<time>2023-03-18T03:31:42Z</time>
</trkpt>
<trkpt lat="24.4127166" lon="121.1096245">
<ele>1980.27</ele>
<time>2023-03-18T03:31:48Z</time>
</trkpt>
<trkpt lat="24.4127734" lon="121.1096102">
<ele>1978.37</ele>
<time>2023-03-18T03:31:52Z</time>
</trkpt>
<trkpt lat="24.4128070" lon="121.1095696">
<ele>1976.31</ele>
<time>2023-03-18T03:31:58Z</time>
</trkpt>
<trkpt lat="24.4128417" lon="121.1096177">
<ele>1978.07</ele>
<time>2023-03-18T03:32:02Z</time>
</trkpt>
<trkpt lat="24.4128859" lon="121.1095871">
<ele>1976.66</ele>
<time>2023-03-18T03:32:10Z</time>
</trkpt>
<trkpt lat="24.4129227" lon="121.1095401">
<ele>1976.96</ele>
<time>2023-03-18T03:32:20Z</time>
</trkpt>
<trkpt lat="24.4129740" lon="121.1095260">
<ele>1967.93</ele>
<time>2023-03-18T03:32:36Z</time>
</trkpt>
<trkpt lat="24.4130208" lon="121.1095093">
<ele>1965.39</ele>
<time>2023-03-18T03:32:52Z</time>
</trkpt>
<trkpt lat="24.4130675" lon="121.1095280">
<ele>1968.14</ele>
<time>2023-03-18T03:32:58Z</time>
</trkpt>
<trkpt lat="24.4130989" lon="121.1095837">
<ele>1969.21</ele>
<time>2023-03-18T03:33:20Z</time>
</trkpt>
<trkpt lat="24.4130925" lon="121.1096332">
<ele>1969.72</ele>
<time>2023-03-18T03:33:28Z</time>
</trkpt>
<trkpt lat="24.4131041" lon="121.1095827">
<ele>1963.65</ele>
<time>2023-03-18T03:33:46Z</time>
</trkpt>
<trkpt lat="24.4130803" lon="121.1096271">
<ele>1965.66</ele>
<time>2023-03-18T03:33:54Z</time>
</trkpt>
<trkpt lat="24.4130845" lon="121.1095626">
<ele>1965.59</ele>
<time>2023-03-18T03:34:10Z</time>
</trkpt>
<trkpt lat="24.4131049" lon="121.1095114">
<ele>1967.15</ele>
<time>2023-03-18T03:34:28Z</time>
</trkpt>
<trkpt lat="24.4131494" lon="121.1094859">
<ele>1967.55</ele>
<time>2023-03-18T03:34:32Z</time>
</trkpt>
<trkpt lat="24.4131615" lon="121.1094356">
<ele>1965.92</ele>
<time>2023-03-18T03:34:38Z</time>
</trkpt>
<trkpt lat="24.4132072" lon="121.1094073">
<ele>1967.33</ele>
<time>2023-03-18T03:35:48Z</time>
</trkpt>
<trkpt lat="24.4132611" lon="121.1093880">
<ele>1971.97</ele>
<time>2023-03-18T03:35:56Z</time>
</trkpt>
<trkpt lat="24.4132883" lon="121.1094287">
<ele>1973.10</ele>
<time>2023-03-18T03:36:00Z</time>
</trkpt>
<trkpt lat="24.4133384" lon="121.1094318">
<ele>1974.38</ele>
<time>2023-03-18T03:36:08Z</time>
</trkpt>
<trkpt lat="24.4133872" lon="121.1094484">
<ele>1976.41</ele>
<time>2023-03-18T03:36:18Z</time>
</trkpt>
<trkpt lat="24.4134337" lon="121.1094485">
<ele>1972.88</ele>
<time>2023-03-18T03:36:32Z</time>
</trkpt>
<trkpt lat="24.4134790" lon="121.1094405">
<ele>1973.59</ele>
<time>2023-03-18T03:36:46Z</time>
</trkpt>
<trkpt lat="24.4135152" lon="121.1094098">
<ele>1972.81</ele>
<time>2023-03-18T03:36:52Z</time>
</trkpt>
<trkpt lat="24.4135609" lon="121.1094067">
<ele>1971.78</ele>
<time>2023-03-18T03:36:58Z</time>
</trkpt>
<trkpt lat="24.4136162" lon="121.1093904">
<ele>1968.88</ele>
<time>2023-03-18T03:37:06Z</time>
</trkpt>
<trkpt lat="24.4136676" lon="121.1093535">
<ele>1968.01</ele>
<time>2023-03-18T03:37:14Z</time>
</trkpt>
<trkpt lat="24.4136952" lon="121.1094052">
<ele>1971.48</ele>
<time>2023-03-18T03:37:32Z</time>
</trkpt>
<trkpt lat="24.4136717" lon="121.1094505">
<ele>1971.03</ele>
<time>2023-03-18T03:37:36Z</time>
</trkpt>
<trkpt lat="24.4136469" lon="121.1095011">
<ele>1969.95</ele>
<time>2023-03-18T03:37:42Z</time>
</trkpt>
<trkpt lat="24.4136946" lon="121.1095296">
<ele>1969.34</ele>
<time>2023-03-18T03:37:50Z</time>
</trkpt>
<trkpt lat="24.4137376" lon="121.1095584">
<ele>1967.07</ele>
<time>2023-03-18T03:38:02Z</time>
</trkpt>
<trkpt lat="24.4137927" lon="121.1095581">
<ele>1966.16</ele>
<time>2023-03-18T03:38:08Z</time>
</trkpt>
<trkpt lat="24.4138024" lon="121.1094987">
<ele>1960.60</ele>
<time>2023-03-18T03:38:12Z</time>
</trkpt>
<trkpt lat="24.4138103" lon="121.1095496">
<ele>1960.96</ele>
<time>2023-03-18T03:38:20Z</time>
</trkpt>
<trkpt lat="24.4137637" lon="121.1095953">
<ele>1961.18</ele>
<time>2023-03-18T03:38:26Z</time>
</trkpt>
<trkpt lat="24.4137375" lon="121.1096380">
<ele>1959.71</ele>
<time>2023-03-18T03:38:30Z</time>
</trkpt>
<trkpt lat="24.4137137" lon="121.1096818">
<ele>1958.01</ele>
<time>2023-03-18T03:38:36Z</time>
</trkpt>
<trkpt lat="24.4137607" lon="121.1096906">
<ele>1956.15</ele>
<time>2023-03-18T03:38:52Z</time>
</trkpt>
<trkpt lat="24.4137943" lon="121.1096550">
<ele>1952.33</ele>
<time>2023-03-18T03:39:04Z</time>
</trkpt>
<trkpt lat="24.4137817" lon="121.1097183">
<ele>1952.18</ele>
<time>2023-03-18T03:39:14Z</time>
</trkpt>
<trkpt lat="24.4138314" lon="121.1097145">
<ele>1952.83</ele>
<time>2023-03-18T03:39:22Z</time>
</trkpt>
<trkpt lat="24.4138507" lon="121.1097640">
<ele>1953.75</ele>
<time>2023-03-18T03:39:28Z</time>
</trkpt>
<trkpt lat="24.4138424" lon="121.1098194">
<ele>1951.43</ele>
<time>2023-03-18T03:39:40Z</time>
</trkpt>
<trkpt lat="24.4138728" lon="121.1097822">
<ele>1945.19</ele>
<time>2023-03-18T03:39:52Z</time>
</trkpt>
<trkpt lat="24.4138899" lon="121.1097328">
<ele>1942.14</ele>
<time>2023-03-18T03:39:58Z</time>
</trkpt>
<trkpt lat="24.4139346" lon="121.1097020">
<ele>1937.62</ele>
<time>2023-03-18T03:40:32Z</time>
</trkpt>
<trkpt lat="24.4139204" lon="121.1097564">
<ele>1940.53</ele>
<time>2023-03-18T03:41:14Z</time>
</trkpt>
<trkpt lat="24.4139130" lon="121.1098111">
<ele>1940.36</ele>
<time>2023-03-18T03:41:20Z</time>
</trkpt>
<trkpt lat="24.4139692" lon="121.1098316">
<ele>1936.51</ele>
<time>2023-03-18T03:41:40Z</time>
</trkpt>
<trkpt lat="24.4140143" lon="121.1098238">
<ele>1935.84</ele>
<time>2023-03-18T03:41:44Z</time>
</trkpt>
<trkpt lat="24.4140763" lon="121.1098244">
<ele>1934.28</ele>
<time>2023-03-18T03:41:58Z</time>
</trkpt>
<trkpt lat="24.4141238" lon="121.1099326">
<ele>1939.09</ele>
<time>2023-03-18T03:42:30Z</time>
</trkpt>
<trkpt lat="24.4140798" lon="121.1099207">
<ele>1934.83</ele>
<time>2023-03-18T03:43:06Z</time>
</trkpt>
<trkpt lat="24.4140358" lon="121.1099645">
<ele>1939.19</ele>
<time>2023-03-18T03:43:30Z</time>
</trkpt>
<trkpt lat="24.4140165" lon="121.1100261">
<ele>1938.64</ele>
<time>2023-03-18T03:43:36Z</time>
</trkpt>
<trkpt lat="24.4140624" lon="121.1100469">
<ele>1937.70</ele>
<time>2023-03-18T03:43:44Z</time>
</trkpt>
<trkpt lat="24.4141204" lon="121.1100207">
<ele>1930.79</ele>
<time>2023-03-18T03:44:00Z</time>
</trkpt>
<trkpt lat="24.4140765" lon="121.1100681">
<ele>1923.78</ele>
<time>2023-03-18T03:44:12Z</time>
</trkpt>
<trkpt lat="24.4140683" lon="121.1101176">
<ele>1921.36</ele>
<time>2023-03-18T03:44:22Z</time>
</trkpt>
<trkpt lat="24.4141139" lon="121.1101305">
<ele>1919.31</ele>
<time>2023-03-18T03:44:28Z</time>
</trkpt>
<trkpt lat="24.4141298" lon="121.1101874">
<ele>1918.58</ele>
<time>2023-03-18T03:44:38Z</time>
</trkpt>
<trkpt lat="24.4140934" lon="121.1101424">
<ele>1905.51</ele>
<time>2023-03-18T03:44:54Z</time>
</trkpt>
<trkpt lat="24.4140347" lon="121.1101583">
<ele>1900.73</ele>
<time>2023-03-18T03:45:02Z</time>
</trkpt>
<trkpt lat="24.4140121" lon="121.1102291">
<ele>1894.53</ele>
<time>2023-03-18T03:45:12Z</time>
</trkpt>
<trkpt lat="24.4140236" lon="121.1102824">
<ele>1893.58</ele>
<time>2023-03-18T03:45:20Z</time>
</trkpt>
<trkpt lat="24.4140360" lon="121.1103452">
<ele>1895.21</ele>
<time>2023-03-18T03:45:24Z</time>
</trkpt>
<trkpt lat="24.4140795" lon="121.1103717">
<ele>1895.87</ele>
<time>2023-03-18T03:45:30Z</time>
</trkpt>
<trkpt lat="24.4140660" lon="121.1104267">
<ele>1896.61</ele>
<time>2023-03-18T03:45:36Z</time>
</trkpt>
<trkpt lat="24.4141088" lon="121.1104577">
<ele>1895.81</ele>
<time>2023-03-18T03:45:44Z</time>
</trkpt>
<trkpt lat="24.4141287" lon="121.1105069">
<ele>1900.63</ele>
<time>2023-03-18T03:45:54Z</time>
</trkpt>
<trkpt lat="24.4141698" lon="121.1105346">
<ele>1901.03</ele>
<time>2023-03-18T03:46:00Z</time>
</trkpt>
<trkpt lat="24.4141673" lon="121.1105860">
<ele>1899.12</ele>
<time>2023-03-18T03:46:08Z</time>
</trkpt>
<trkpt lat="24.4142026" lon="121.1106277">
<ele>1893.66</ele>
<time>2023-03-18T03:46:22Z</time>
</trkpt>
<trkpt lat="24.4142481" lon="121.1106362">
<ele>1886.90</ele>
<time>2023-03-18T03:46:43Z</time>
</trkpt>
<trkpt lat="24.4142789" lon="121.1106784">
<ele>1886.97</ele>
<time>2023-03-18T03:46:49Z</time>
</trkpt>
<trkpt lat="24.4143027" lon="121.1107215">
<ele>1883.73</ele>
<time>2023-03-18T03:47:00Z</time>
</trkpt>
<trkpt lat="24.4142847" lon="121.1107763">
<ele>1883.35</ele>
<time>2023-03-18T03:47:06Z</time>
</trkpt>
<trkpt lat="24.4143483" lon="121.1107694">
<ele>1882.78</ele>
<time>2023-03-18T03:47:15Z</time>
</trkpt>
<trkpt lat="24.4143686" lon="121.1107076">
<ele>1878.24</ele>
<time>2023-03-18T03:47:24Z</time>
</trkpt>
<trkpt lat="24.4144296" lon="121.1107394">
<ele>1876.58</ele>
<time>2023-03-18T03:47:33Z</time>
</trkpt>
<trkpt lat="24.4144860" lon="121.1107550">
<ele>1878.18</ele>
<time>2023-03-18T03:47:39Z</time>
</trkpt>
<trkpt lat="24.4145038" lon="121.1108050">
<ele>1879.80</ele>
<time>2023-03-18T03:47:45Z</time>
</trkpt>
<trkpt lat="24.4145531" lon="121.1108057">
<ele>1871.60</ele>
<time>2023-03-18T03:48:01Z</time>
</trkpt>
<trkpt lat="24.4146004" lon="121.1108122">
<ele>1869.65</ele>
<time>2023-03-18T03:48:09Z</time>
</trkpt>
<trkpt lat="24.4146472" lon="121.1107984">
<ele>1864.96</ele>
<time>2023-03-18T03:48:21Z</time>
</trkpt>
<trkpt lat="24.4146581" lon="121.1108470">
<ele>1865.54</ele>
<time>2023-03-18T03:48:29Z</time>
</trkpt>
<trkpt lat="24.4146388" lon="121.1109171">
<ele>1859.02</ele>
<time>2023-03-18T03:48:45Z</time>
</trkpt>
<trkpt lat="24.4146655" lon="121.1109681">
<ele>1853.94</ele>
<time>2023-03-18T03:49:09Z</time>
</trkpt>
<trkpt lat="24.4147242" lon="121.1109494">
<ele>1854.31</ele>
<time>2023-03-18T03:49:19Z</time>
</trkpt>
<trkpt lat="24.4147727" lon="121.1109154">
<ele>1851.75</ele>
<time>2023-03-18T03:49:28Z</time>
</trkpt>
<trkpt lat="24.4148230" lon="121.1108864">
<ele>1849.86</ele>
<time>2023-03-18T03:49:35Z</time>
</trkpt>
<trkpt lat="24.4147999" lon="121.1108388">
<ele>1843.82</ele>
<time>2023-03-18T03:49:45Z</time>
</trkpt>
<trkpt lat="24.4148014" lon="121.1107865">
<ele>1842.20</ele>
<time>2023-03-18T03:49:47Z</time>
</trkpt>
<trkpt lat="24.4148391" lon="121.1107270">
<ele>1841.66</ele>
<time>2023-03-18T03:49:49Z</time>
</trkpt>
<trkpt lat="24.4148398" lon="121.1107815">
<ele>1843.90</ele>
<time>2023-03-18T03:49:59Z</time>
</trkpt>
<trkpt lat="24.4148943" lon="121.1107944">
<ele>1846.83</ele>
<time>2023-03-18T03:50:15Z</time>
</trkpt>
<trkpt lat="24.4148707" lon="121.1107295">
<ele>1841.43</ele>
<time>2023-03-18T03:50:23Z</time>
</trkpt>
<trkpt lat="24.4148412" lon="121.1106822">
<ele>1839.66</ele>
<time>2023-03-18T03:50:33Z</time>
</trkpt>
<trkpt lat="24.4148625" lon="121.1107312">
<ele>1842.15</ele>
<time>2023-03-18T03:50:43Z</time>
</trkpt>
<trkpt lat="24.4149080" lon="121.1107494">
<ele>1838.67</ele>
<time>2023-03-18T03:51:01Z</time>
</trkpt>
<trkpt lat="24.4149604" lon="121.1107481">
<ele>1838.31</ele>
<time>2023-03-18T03:51:07Z</time>
</trkpt>
<trkpt lat="24.4149948" lon="121.1107871">
<ele>1839.06</ele>
<time>2023-03-18T03:51:21Z</time>
</trkpt>
<trkpt lat="24.4150402" lon="121.1107953">
<ele>1838.63</ele>
<time>2023-03-18T03:51:37Z</time>
</trkpt>
<trkpt lat="24.4150851" lon="121.1108087">
<ele>1836.64</ele>
<time>2023-03-18T03:51:47Z</time>
</trkpt>
<trkpt lat="24.4151203" lon="121.1108465">
<ele>1835.46</ele>
<time>2023-03-18T03:52:03Z</time>
</trkpt>
<trkpt lat="24.4151604" lon="121.1108922">
<ele>1838.71</ele>
<time>2023-03-18T03:52:13Z</time>
</trkpt>
<trkpt lat="24.4152120" lon="121.1108974">
<ele>1836.88</ele>
<time>2023-03-18T03:52:19Z</time>
</trkpt>
<trkpt lat="24.4152425" lon="121.1109402">
<ele>1836.57</ele>
<time>2023-03-18T03:52:29Z</time>
</trkpt>
<trkpt lat="24.4152849" lon="121.1109765">
<ele>1838.89</ele>
<time>2023-03-18T03:52:45Z</time>
</trkpt>
<trkpt lat="24.4153087" lon="121.1110229">
<ele>1839.85</ele>
<time>2023-03-18T03:52:59Z</time>
</trkpt>
<trkpt lat="24.4153343" lon="121.1109758">
<ele>1830.76</ele>
<time>2023-03-18T03:53:11Z</time>
</trkpt>
<trkpt lat="24.4153873" lon="121.1110130">
<ele>1834.22</ele>
<time>2023-03-18T03:53:17Z</time>
</trkpt>
<trkpt lat="24.4153989" lon="121.1110679">
<ele>1836.36</ele>
<time>2023-03-18T03:53:29Z</time>
</trkpt>
<trkpt lat="24.4154469" lon="121.1110903">
<ele>1836.02</ele>
<time>2023-03-18T03:53:37Z</time>
</trkpt>
<trkpt lat="24.4155041" lon="121.1111038">
<ele>1834.04</ele>
<time>2023-03-18T03:54:01Z</time>
</trkpt>
<trkpt lat="24.4155133" lon="121.1111584">
<ele>1834.62</ele>
<time>2023-03-18T03:54:11Z</time>
</trkpt>
<trkpt lat="24.4155573" lon="121.1111761">
<ele>1831.78</ele>
<time>2023-03-18T03:54:21Z</time>
</trkpt>
<trkpt lat="24.4155894" lon="121.1112265">
<ele>1830.43</ele>
<time>2023-03-18T03:54:33Z</time>
</trkpt>
<trkpt lat="24.4156389" lon="121.1112308">
<ele>1826.29</ele>
<time>2023-03-18T03:54:53Z</time>
</trkpt>
<trkpt lat="24.4156904" lon="121.1112434">
<ele>1823.20</ele>
<time>2023-03-18T03:55:03Z</time>
</trkpt>
<trkpt lat="24.4157486" lon="121.1112423">
<ele>1820.02</ele>
<time>2023-03-18T03:55:13Z</time>
</trkpt>
<trkpt lat="24.4158071" lon="121.1112361">
<ele>1819.48</ele>
<time>2023-03-18T03:55:25Z</time>
</trkpt>
<trkpt lat="24.4158244" lon="121.1112868">
<ele>1822.77</ele>
<time>2023-03-18T03:55:39Z</time>
</trkpt>
<trkpt lat="24.4158675" lon="121.1113127">
<ele>1822.70</ele>
<time>2023-03-18T03:55:53Z</time>
</trkpt>
<trkpt lat="24.4158988" lon="121.1113496">
<ele>1820.45</ele>
<time>2023-03-18T03:56:01Z</time>
</trkpt>
<trkpt lat="24.4159442" lon="121.1113613">
<ele>1820.20</ele>
<time>2023-03-18T03:56:09Z</time>
</trkpt>
<trkpt lat="24.4159929" lon="121.1113567">
<ele>1818.44</ele>
<time>2023-03-18T03:56:23Z</time>
</trkpt>
<trkpt lat="24.4160315" lon="121.1114002">
<ele>1816.91</ele>
<time>2023-03-18T03:56:31Z</time>
</trkpt>
<trkpt lat="24.4160725" lon="121.1114208">
<ele>1815.50</ele>
<time>2023-03-18T03:56:41Z</time>
</trkpt>
<trkpt lat="24.4160430" lon="121.1114635">
<ele>1814.40</ele>
<time>2023-03-18T03:56:51Z</time>
</trkpt>
<trkpt lat="24.4159977" lon="121.1114570">
<ele>1814.17</ele>
<time>2023-03-18T03:56:57Z</time>
</trkpt>
<trkpt lat="24.4160105" lon="121.1115212">
<ele>1816.04</ele>
<time>2023-03-18T03:57:09Z</time>
</trkpt>
<trkpt lat="24.4159655" lon="121.1115155">
<ele>1814.86</ele>
<time>2023-03-18T03:57:19Z</time>
</trkpt>
<trkpt lat="24.4159347" lon="121.1114592">
<ele>1811.84</ele>
<time>2023-03-18T03:57:27Z</time>
</trkpt>
<trkpt lat="24.4159156" lon="121.1115316">
<ele>1811.90</ele>
<time>2023-03-18T03:57:33Z</time>
</trkpt>
<trkpt lat="24.4159454" lon="121.1115702">
<ele>1810.38</ele>
<time>2023-03-18T03:57:37Z</time>
</trkpt>
<trkpt lat="24.4159836" lon="121.1116111">
<ele>1809.50</ele>
<time>2023-03-18T03:57:45Z</time>
</trkpt>
<trkpt lat="24.4159423" lon="121.1115792">
<ele>1798.99</ele>
<time>2023-03-18T03:58:03Z</time>
</trkpt>
<trkpt lat="24.4158980" lon="121.1116006">
<ele>1799.86</ele>
<time>2023-03-18T03:58:07Z</time>
</trkpt>
<trkpt lat="24.4158516" lon="121.1116190">
<ele>1800.82</ele>
<time>2023-03-18T03:58:27Z</time>
</trkpt>
<trkpt lat="24.4158141" lon="121.1116486">
<ele>1798.18</ele>
<time>2023-03-18T03:58:33Z</time>
</trkpt>
<trkpt lat="24.4158449" lon="121.1116988">
<ele>1794.50</ele>
<time>2023-03-18T03:58:47Z</time>
</trkpt>
<trkpt lat="24.4158999" lon="121.1117159">
<ele>1793.20</ele>
<time>2023-03-18T03:59:25Z</time>
</trkpt>
<trkpt lat="24.4159447" lon="121.1117371">
<ele>1791.37</ele>
<time>2023-03-18T03:59:43Z</time>
</trkpt>
<trkpt lat="24.4159943" lon="121.1117619">
<ele>1790.79</ele>
<time>2023-03-18T03:59:51Z</time>
</trkpt>
<trkpt lat="24.4160375" lon="121.1117794">
<ele>1790.40</ele>
<time>2023-03-18T03:59:59Z</time>
</trkpt>
<trkpt lat="24.4160796" lon="121.1117577">
<ele>1785.17</ele>
<time>2023-03-18T04:00:17Z</time>
</trkpt>
<trkpt lat="24.4161282" lon="121.1117815">
<ele>1781.96</ele>
<time>2023-03-18T04:00:45Z</time>
</trkpt>
<trkpt lat="24.4161712" lon="121.1118138">
<ele>1782.16</ele>
<time>2023-03-18T04:00:53Z</time>
</trkpt>
<trkpt lat="24.4162204" lon="121.1118282">
<ele>1782.40</ele>
<time>2023-03-18T04:01:03Z</time>
</trkpt>
<trkpt lat="24.4162708" lon="121.1118667">
<ele>1780.19</ele>
<time>2023-03-18T04:01:11Z</time>
</trkpt>
<trkpt lat="24.4163191" lon="121.1118849">
<ele>1780.12</ele>
<time>2023-03-18T04:01:21Z</time>
</trkpt>
<trkpt lat="24.4163632" lon="121.1118976">
<ele>1778.54</ele>
<time>2023-03-18T04:01:27Z</time>
</trkpt>
<trkpt lat="24.4164087" lon="121.1118940">
<ele>1776.38</ele>
<time>2023-03-18T04:01:33Z</time>
</trkpt>
<trkpt lat="24.4164098" lon="121.1119563">
<ele>1773.05</ele>
<time>2023-03-18T04:01:49Z</time>
</trkpt>
<trkpt lat="24.4164019" lon="121.1120136">
<ele>1771.85</ele>
<time>2023-03-18T04:01:57Z</time>
</trkpt>
<trkpt lat="24.4164197" lon="121.1120606">
<ele>1767.22</ele>
<time>2023-03-18T04:02:11Z</time>
</trkpt>
<trkpt lat="24.4164193" lon="121.1120109">
<ele>1765.08</ele>
<time>2023-03-18T04:02:29Z</time>
</trkpt>
<trkpt lat="24.4164304" lon="121.1120718">
<ele>1761.11</ele>
<time>2023-03-18T04:02:55Z</time>
</trkpt>
<trkpt lat="24.4164619" lon="121.1121230">
<ele>1761.11</ele>
<time>2023-03-18T04:03:01Z</time>
</trkpt>
<trkpt lat="24.4164801" lon="121.1121800">
<ele>1761.83</ele>
<time>2023-03-18T04:03:07Z</time>
</trkpt>
<trkpt lat="24.4165318" lon="121.1121907">
<ele>1762.68</ele>
<time>2023-03-18T04:03:19Z</time>
</trkpt>
<trkpt lat="24.4165131" lon="121.1122452">
<ele>1761.91</ele>
<time>2023-03-18T04:03:35Z</time>
</trkpt>
<trkpt lat="24.4165697" lon="121.1122527">
<ele>1758.58</ele>
<time>2023-03-18T04:03:43Z</time>
</trkpt>
<trkpt lat="24.4166202" lon="121.1122796">
<ele>1754.83</ele>
<time>2023-03-18T04:03:57Z</time>
</trkpt>
<trkpt lat="24.4166693" lon="121.1122987">
<ele>1752.06</ele>
<time>2023-03-18T04:04:05Z</time>
</trkpt>
<trkpt lat="24.4166062" lon="121.1122826">
<ele>1749.88</ele>
<time>2023-03-18T04:04:25Z</time>
</trkpt>
<trkpt lat="24.4165672" lon="121.1122484">
<ele>1748.36</ele>
<time>2023-03-18T04:04:45Z</time>
</trkpt>
<trkpt lat="24.4166163" lon="121.1122375">
<ele>1750.18</ele>
<time>2023-03-18T04:04:53Z</time>
</trkpt>
<trkpt lat="24.4165927" lon="121.1122825">
<ele>1749.14</ele>
<time>2023-03-18T04:05:05Z</time>
</trkpt>
<trkpt lat="24.4165587" lon="121.1122497">
<ele>1749.00</ele>
<time>2023-03-18T04:06:05Z</time>
</trkpt>
<trkpt lat="24.4165115" lon="121.1122028">
<ele>1748.77</ele>
<time>2023-03-18T04:06:17Z</time>
</trkpt>
<trkpt lat="24.4164819" lon="121.1122617">
<ele>1746.94</ele>
<time>2023-03-18T04:07:33Z</time>
</trkpt>
<trkpt lat="24.4164681" lon="121.1123179">
<ele>1747.82</ele>
<time>2023-03-18T04:07:37Z</time>
</trkpt>
<trkpt lat="24.4164633" lon="121.1123700">
<ele>1744.13</ele>
<time>2023-03-18T04:08:09Z</time>
</trkpt>
<trkpt lat="24.4164251" lon="121.1124053">
<ele>1742.56</ele>
<time>2023-03-18T04:08:17Z</time>
</trkpt>
<trkpt lat="24.4164281" lon="121.1124551">
<ele>1735.26</ele>
<time>2023-03-18T04:08:37Z</time>
</trkpt>
<trkpt lat="24.4164479" lon="121.1125154">
<ele>1735.09</ele>
<time>2023-03-18T04:08:45Z</time>
</trkpt>
<trkpt lat="24.4164503" lon="121.1125718">
<ele>1736.10</ele>
<time>2023-03-18T04:08:53Z</time>
</trkpt>
<trkpt lat="24.4164614" lon="121.1126263">
<ele>1733.80</ele>
<time>2023-03-18T04:08:59Z</time>
</trkpt>
<trkpt lat="24.4164505" lon="121.1126816">
<ele>1734.18</ele>
<time>2023-03-18T04:09:05Z</time>
</trkpt>
<trkpt lat="24.4164345" lon="121.1127295">
<ele>1735.28</ele>
<time>2023-03-18T04:09:27Z</time>
</trkpt>
<trkpt lat="24.4164284" lon="121.1127828">
<ele>1736.00</ele>
<time>2023-03-18T04:09:43Z</time>
</trkpt>
<trkpt lat="24.4164365" lon="121.1127214">
<ele>1733.07</ele>
<time>2023-03-18T04:10:03Z</time>
</trkpt>
<trkpt lat="24.4164254" lon="121.1126569">
<ele>1730.21</ele>
<time>2023-03-18T04:10:09Z</time>
</trkpt>
<trkpt lat="24.4164135" lon="121.1126064">
<ele>1730.48</ele>
<time>2023-03-18T04:10:21Z</time>
</trkpt>
<trkpt lat="24.4163756" lon="121.1126359">
<ele>1733.19</ele>
<time>2023-03-18T04:10:37Z</time>
</trkpt>
<trkpt lat="24.4163164" lon="121.1126011">
<ele>1731.02</ele>
<time>2023-03-18T04:11:07Z</time>
</trkpt>
<trkpt lat="24.4163117" lon="121.1126519">
<ele>1735.47</ele>
<time>2023-03-18T04:11:41Z</time>
</trkpt>
<trkpt lat="24.4162786" lon="121.1126115">
<ele>1736.23</ele>
<time>2023-03-18T04:11:51Z</time>
</trkpt>
<trkpt lat="24.4162414" lon="121.1125784">
<ele>1735.69</ele>
<time>2023-03-18T04:11:57Z</time>
</trkpt>
<trkpt lat="24.4162190" lon="121.1126294">
<ele>1738.47</ele>
<time>2023-03-18T04:12:11Z</time>
</trkpt>
<trkpt lat="24.4161692" lon="121.1126449">
<ele>1740.35</ele>
<time>2023-03-18T04:12:21Z</time>
</trkpt>
<trkpt lat="24.4161259" lon="121.1126628">
<ele>1737.60</ele>
<time>2023-03-18T04:12:29Z</time>
</trkpt>
<trkpt lat="24.4160742" lon="121.1126684">
<ele>1739.07</ele>
<time>2023-03-18T04:12:39Z</time>
</trkpt>
<trkpt lat="24.4160281" lon="121.1126492">
<ele>1739.90</ele>
<time>2023-03-18T04:12:45Z</time>
</trkpt>
<trkpt lat="24.4159746" lon="121.1126659">
<ele>1739.19</ele>
<time>2023-03-18T04:12:51Z</time>
</trkpt>
<trkpt lat="24.4159255" lon="121.1126562">
<ele>1735.56</ele>
<time>2023-03-18T04:12:59Z</time>
</trkpt>
<trkpt lat="24.4158750" lon="121.1126443">
<ele>1729.94</ele>
<time>2023-03-18T04:13:13Z</time>
</trkpt>
<trkpt lat="24.4158262" lon="121.1126456">
<ele>1725.25</ele>
<time>2023-03-18T04:13:31Z</time>
</trkpt>
<trkpt lat="24.4158143" lon="121.1127212">
<ele>1721.87</ele>
<time>2023-03-18T04:13:49Z</time>
</trkpt>
<trkpt lat="24.4157574" lon="121.1127429">
<ele>1719.62</ele>
<time>2023-03-18T04:13:55Z</time>
</trkpt>
<trkpt lat="24.4157119" lon="121.1127819">
<ele>1713.83</ele>
<time>2023-03-18T04:14:29Z</time>
</trkpt>
<trkpt lat="24.4156798" lon="121.1128305">
<ele>1712.91</ele>
<time>2023-03-18T04:14:37Z</time>
</trkpt>
<trkpt lat="24.4156367" lon="121.1128749">
<ele>1709.80</ele>
<time>2023-03-18T04:14:45Z</time>
</trkpt>
<trkpt lat="24.4156136" lon="121.1129181">
<ele>1709.54</ele>
<time>2023-03-18T04:14:49Z</time>
</trkpt>
<trkpt lat="24.4155642" lon="121.1129506">
<ele>1703.48</ele>
<time>2023-03-18T04:15:11Z</time>
</trkpt>
<trkpt lat="24.4154948" lon="121.1129809">
<ele>1705.48</ele>
<time>2023-03-18T04:15:18Z</time>
</trkpt>
<trkpt lat="24.4154864" lon="121.1130309">
<ele>1704.48</ele>
<time>2023-03-18T04:15:28Z</time>
</trkpt>
<trkpt lat="24.4154397" lon="121.1130709">
<ele>1698.73</ele>
<time>2023-03-18T04:15:52Z</time>
</trkpt>
<trkpt lat="24.4154283" lon="121.1131249">
<ele>1699.67</ele>
<time>2023-03-18T04:16:04Z</time>
</trkpt>
<trkpt lat="24.4153978" lon="121.1131723">
<ele>1699.42</ele>
<time>2023-03-18T04:16:36Z</time>
</trkpt>
<trkpt lat="24.4154458" lon="121.1131669">
<ele>1692.64</ele>
<time>2023-03-18T04:17:40Z</time>
</trkpt>
<trkpt lat="24.4154442" lon="121.1132193">
<ele>1685.69</ele>
<time>2023-03-18T04:17:58Z</time>
</trkpt>
<trkpt lat="24.4154160" lon="121.1132674">
<ele>1681.15</ele>
<time>2023-03-18T04:18:38Z</time>
</trkpt>
<trkpt lat="24.4153681" lon="121.1132664">
<ele>1683.09</ele>
<time>2023-03-18T04:18:58Z</time>
</trkpt>
<trkpt lat="24.4153320" lon="121.1132963">
<ele>1680.70</ele>
<time>2023-03-18T04:19:02Z</time>
</trkpt>
<trkpt lat="24.4153951" lon="121.1133235">
<ele>1678.31</ele>
<time>2023-03-18T04:19:28Z</time>
</trkpt>
<trkpt lat="24.4154410" lon="121.1132983">
<ele>1675.29</ele>
<time>2023-03-18T04:19:32Z</time>
</trkpt>
<trkpt lat="24.4154547" lon="121.1133536">
<ele>1678.15</ele>
<time>2023-03-18T04:19:44Z</time>
</trkpt>
<trkpt lat="24.4155044" lon="121.1133245">
<ele>1676.68</ele>
<time>2023-03-18T04:19:48Z</time>
</trkpt>
<trkpt lat="24.4154363" lon="121.1133191">
<ele>1673.08</ele>
<time>2023-03-18T04:19:56Z</time>
</trkpt>
<trkpt lat="24.4153982" lon="121.1133636">
<ele>1672.29</ele>
<time>2023-03-18T04:20:20Z</time>
</trkpt>
<trkpt lat="24.4153975" lon="121.1134165">
<ele>1667.93</ele>
<time>2023-03-18T04:20:30Z</time>
</trkpt>
<trkpt lat="24.4153970" lon="121.1134662">
<ele>1666.50</ele>
<time>2023-03-18T04:20:40Z</time>
</trkpt>
<trkpt lat="24.4154448" lon="121.1134784">
<ele>1662.06</ele>
<time>2023-03-18T04:20:56Z</time>
</trkpt>
<trkpt lat="24.4154303" lon="121.1135316">
<ele>1661.15</ele>
<time>2023-03-18T04:21:04Z</time>
</trkpt>
<trkpt lat="24.4154336" lon="121.1135891">
<ele>1659.96</ele>
<time>2023-03-18T04:21:14Z</time>
</trkpt>
<trkpt lat="24.4154693" lon="121.1135579">
<ele>1660.40</ele>
<time>2023-03-18T04:21:46Z</time>
</trkpt>
<trkpt lat="24.4155150" lon="121.1135816">
<ele>1661.32</ele>
<time>2023-03-18T04:22:34Z</time>
</trkpt>
<trkpt lat="24.4155658" lon="121.1135858">
<ele>1660.29</ele>
<time>2023-03-18T04:23:14Z</time>
</trkpt>
<trkpt lat="24.4156845" lon="121.1136063">
<ele>1674.82</ele>
<time>2023-03-18T04:23:38Z</time>
</trkpt>
<trkpt lat="24.4156887" lon="121.1136559">
<ele>1663.87</ele>
<time>2023-03-18T04:24:31Z</time>
</trkpt>
<trkpt lat="24.4157328" lon="121.1136805">
<ele>1662.19</ele>
<time>2023-03-18T04:24:39Z</time>
</trkpt>
<trkpt lat="24.4156949" lon="121.1137116">
<ele>1655.67</ele>
<time>2023-03-18T04:25:46Z</time>
</trkpt>
<trkpt lat="24.4156696" lon="121.1137524">
<ele>1651.79</ele>
<time>2023-03-18T04:25:54Z</time>
</trkpt>
<trkpt lat="24.4156575" lon="121.1136992">
<ele>1650.07</ele>
<time>2023-03-18T04:26:10Z</time>
</trkpt>
<trkpt lat="24.4156993" lon="121.1136618">
<ele>1651.28</ele>
<time>2023-03-18T04:26:14Z</time>
</trkpt>
<trkpt lat="24.4157478" lon="121.1136653">
<ele>1653.62</ele>
<time>2023-03-18T04:26:22Z</time>
</trkpt>
<trkpt lat="24.4157900" lon="121.1137045">
<ele>1657.03</ele>
<time>2023-03-18T04:26:32Z</time>
</trkpt>
<trkpt lat="24.4158173" lon="121.1137547">
<ele>1657.30</ele>
<time>2023-03-18T04:26:42Z</time>
</trkpt>
<trkpt lat="24.4158630" lon="121.1137441">
<ele>1658.41</ele>
<time>2023-03-18T04:26:48Z</time>
</trkpt>
<trkpt lat="24.4159132" lon="121.1137436">
<ele>1658.00</ele>
<time>2023-03-18T04:26:54Z</time>
</trkpt>
<trkpt lat="24.4159208" lon="121.1136899">
<ele>1657.33</ele>
<time>2023-03-18T04:26:58Z</time>
</trkpt>
<trkpt lat="24.4159699" lon="121.1137082">
<ele>1654.01</ele>
<time>2023-03-18T04:27:18Z</time>
</trkpt>
<trkpt lat="24.4160218" lon="121.1137094">
<ele>1648.63</ele>
<time>2023-03-18T04:27:34Z</time>
</trkpt>
<trkpt lat="24.4160603" lon="121.1137350">
<ele>1649.66</ele>
<time>2023-03-18T04:27:38Z</time>
</trkpt>
<trkpt lat="24.4161067" lon="121.1137319">
<ele>1647.79</ele>
<time>2023-03-18T04:27:44Z</time>
</trkpt>
<trkpt lat="24.4161429" lon="121.1137859">
<ele>1651.45</ele>
<time>2023-03-18T04:28:00Z</time>
</trkpt>
<trkpt lat="24.4161458" lon="121.1138452">
<ele>1655.28</ele>
<time>2023-03-18T04:28:12Z</time>
</trkpt>
<trkpt lat="24.4161281" lon="121.1138938">
<ele>1654.69</ele>
<time>2023-03-18T04:28:22Z</time>
</trkpt>
<trkpt lat="24.4161564" lon="121.1139386">
<ele>1657.57</ele>
<time>2023-03-18T04:28:30Z</time>
</trkpt>
<trkpt lat="24.4161898" lon="121.1139900">
<ele>1651.40</ele>
<time>2023-03-18T04:28:48Z</time>
</trkpt>
<trkpt lat="24.4162295" lon="121.1140172">
<ele>1650.77</ele>
<time>2023-03-18T04:29:04Z</time>
</trkpt>
<trkpt lat="24.4162767" lon="121.1140446">
<ele>1651.60</ele>
<time>2023-03-18T04:29:10Z</time>
</trkpt>
<trkpt lat="24.4163197" lon="121.1140651">
<ele>1653.92</ele>
<time>2023-03-18T04:29:16Z</time>
</trkpt>
<trkpt lat="24.4163683" lon="121.1140755">
<ele>1648.59</ele>
<time>2023-03-18T04:29:52Z</time>
</trkpt>
<trkpt lat="24.4164079" lon="121.1141062">
<ele>1648.36</ele>
<time>2023-03-18T04:30:06Z</time>
</trkpt>
<trkpt lat="24.4164569" lon="121.1141247">
<ele>1647.48</ele>
<time>2023-03-18T04:30:10Z</time>
</trkpt>
<trkpt lat="24.4165123" lon="121.1141358">
<ele>1648.56</ele>
<time>2023-03-18T04:30:14Z</time>
</trkpt>
<trkpt lat="24.4165600" lon="121.1141446">
<ele>1651.55</ele>
<time>2023-03-18T04:30:20Z</time>
</trkpt>
<trkpt lat="24.4165744" lon="121.1141983">
<ele>1655.11</ele>
<time>2023-03-18T04:30:38Z</time>
</trkpt>
<trkpt lat="24.4165501" lon="121.1142439">
<ele>1650.33</ele>
<time>2023-03-18T04:30:44Z</time>
</trkpt>
<trkpt lat="24.4164779" lon="121.1142301">
<ele>1657.01</ele>
<time>2023-03-18T04:31:09Z</time>
</trkpt>
<trkpt lat="24.4164357" lon="121.1141961">
<ele>1657.50</ele>
<time>2023-03-18T04:32:56Z</time>
</trkpt>
<trkpt lat="24.4164951" lon="121.1141859">
<ele>1652.83</ele>
<time>2023-03-18T04:33:16Z</time>
</trkpt>
<trkpt lat="24.4165280" lon="121.1142250">
<ele>1645.38</ele>
<time>2023-03-18T04:33:26Z</time>
</trkpt>
<trkpt lat="24.4164863" lon="121.1142010">
<ele>1642.68</ele>
<time>2023-03-18T04:33:32Z</time>
</trkpt>
<trkpt lat="24.4164626" lon="121.1142487">
<ele>1646.02</ele>
<time>2023-03-18T04:33:38Z</time>
</trkpt>
<trkpt lat="24.4164883" lon="121.1142898">
<ele>1648.76</ele>
<time>2023-03-18T04:34:55Z</time>
</trkpt>
<trkpt lat="24.4164553" lon="121.1142556">
<ele>1647.69</ele>
<time>2023-03-18T04:35:28Z</time>
</trkpt>
<trkpt lat="24.4164901" lon="121.1141988">
<ele>1652.29</ele>
<time>2023-03-18T04:35:40Z</time>
</trkpt>
<trkpt lat="24.4164697" lon="121.1142440">
<ele>1647.18</ele>
<time>2023-03-18T04:36:28Z</time>
</trkpt>
<trkpt lat="24.4164494" lon="121.1141993">
<ele>1663.18</ele>
<time>2023-03-18T04:38:14Z</time>
</trkpt>
<trkpt lat="24.4164952" lon="121.1142208">
<ele>1667.62</ele>
<time>2023-03-18T04:38:53Z</time>
</trkpt>
<trkpt lat="24.4164521" lon="121.1142048">
<ele>1668.96</ele>
<time>2023-03-18T04:39:15Z</time>
</trkpt>
<trkpt lat="24.4164597" lon="121.1141543">
<ele>1680.66</ele>
<time>2023-03-18T04:39:51Z</time>
</trkpt>
<trkpt lat="24.4164583" lon="121.1142073">
<ele>1687.43</ele>
<time>2023-03-18T04:41:09Z</time>
</trkpt>
<trkpt lat="24.4164753" lon="121.1141578">
<ele>1697.69</ele>
<time>2023-03-18T04:41:19Z</time>
</trkpt>
<trkpt lat="24.4165152" lon="121.1141835">
<ele>1708.08</ele>
<time>2023-03-18T04:42:04Z</time>
</trkpt>
<trkpt lat="24.4164685" lon="121.1141819">
<ele>1705.13</ele>
<time>2023-03-18T04:42:38Z</time>
</trkpt>
<trkpt lat="24.4164778" lon="121.1141204">
<ele>1706.63</ele>
<time>2023-03-18T04:42:48Z</time>
</trkpt>
<trkpt lat="24.4165275" lon="121.1141013">
<ele>1712.35</ele>
<time>2023-03-18T04:43:16Z</time>
</trkpt>
<trkpt lat="24.4165244" lon="121.1141567">
<ele>1709.15</ele>
<time>2023-03-18T04:43:48Z</time>
</trkpt>
<trkpt lat="24.4164797" lon="121.1141463">
<ele>1693.44</ele>
<time>2023-03-18T04:44:16Z</time>
</trkpt>
<trkpt lat="24.4164798" lon="121.1142033">
<ele>1691.64</ele>
<time>2023-03-18T04:44:26Z</time>
</trkpt>
<trkpt lat="24.4164320" lon="121.1141853">
<ele>1680.79</ele>
<time>2023-03-18T04:45:21Z</time>
</trkpt>
<trkpt lat="24.4164473" lon="121.1141339">
<ele>1679.66</ele>
<time>2023-03-18T04:45:31Z</time>
</trkpt>
<trkpt lat="24.4164799" lon="121.1140972">
<ele>1679.72</ele>
<time>2023-03-18T04:45:39Z</time>
</trkpt>
<trkpt lat="24.4164816" lon="121.1141585">
<ele>1677.94</ele>
<time>2023-03-18T04:46:03Z</time>
</trkpt>
<trkpt lat="24.4165387" lon="121.1142020">
<ele>1669.06</ele>
<time>2023-03-18T04:46:53Z</time>
</trkpt>
<trkpt lat="24.4165838" lon="121.1141840">
<ele>1670.58</ele>
<time>2023-03-18T04:47:07Z</time>
</trkpt>
<trkpt lat="24.4165332" lon="121.1141900">
<ele>1666.05</ele>
<time>2023-03-18T04:47:27Z</time>
</trkpt>
<trkpt lat="24.4164848" lon="121.1142088">
<ele>1668.58</ele>
<time>2023-03-18T04:47:33Z</time>
</trkpt>
<trkpt lat="24.4164615" lon="121.1141623">
<ele>1662.51</ele>
<time>2023-03-18T04:48:05Z</time>
</trkpt>
<trkpt lat="24.4165100" lon="121.1141536">
<ele>1661.77</ele>
<time>2023-03-18T04:48:23Z</time>
</trkpt>
<trkpt lat="24.4164847" lon="121.1142065">
<ele>1658.71</ele>
<time>2023-03-18T04:48:55Z</time>
</trkpt>
<trkpt lat="24.4164416" lon="121.1141781">
<ele>1657.82</ele>
<time>2023-03-18T04:49:27Z</time>
</trkpt>
<trkpt lat="24.4164176" lon="121.1141305">
<ele>1650.46</ele>
<time>2023-03-18T04:49:39Z</time>
</trkpt>
<trkpt lat="24.4163725" lon="121.1141267">
<ele>1654.06</ele>
<time>2023-03-18T04:49:59Z</time>
</trkpt>
<trkpt lat="24.4163386" lon="121.1140908">
<ele>1655.31</ele>
<time>2023-03-18T04:50:05Z</time>
</trkpt>
<trkpt lat="24.4163143" lon="121.1140482">
<ele>1655.46</ele>
<time>2023-03-18T04:50:39Z</time>
</trkpt>
<trkpt lat="24.4162715" lon="121.1140115">
<ele>1661.23</ele>
<time>2023-03-18T04:50:47Z</time>
</trkpt>
<trkpt lat="24.4162467" lon="121.1139689">
<ele>1662.01</ele>
<time>2023-03-18T04:50:53Z</time>
</trkpt>
<trkpt lat="24.4162919" lon="121.1139720">
<ele>1673.11</ele>
<time>2023-03-18T04:51:16Z</time>
</trkpt>
<trkpt lat="24.4162311" lon="121.1139867">
<ele>1665.72</ele>
<time>2023-03-18T04:51:50Z</time>
</trkpt>
<trkpt lat="24.4162071" lon="121.1139443">
<ele>1663.37</ele>
<time>2023-03-18T04:51:58Z</time>
</trkpt>
<trkpt lat="24.4161569" lon="121.1139340">
<ele>1664.27</ele>
<time>2023-03-18T04:52:14Z</time>
</trkpt>
<trkpt lat="24.4161065" lon="121.1138858">
<ele>1662.42</ele>
<time>2023-03-18T04:52:22Z</time>
</trkpt>
<trkpt lat="24.4160806" lon="121.1138394">
<ele>1655.11</ele>
<time>2023-03-18T04:52:30Z</time>
</trkpt>
<trkpt lat="24.4160980" lon="121.1137882">
<ele>1653.96</ele>
<time>2023-03-18T04:52:38Z</time>
</trkpt>
<trkpt lat="24.4160992" lon="121.1137238">
<ele>1657.30</ele>
<time>2023-03-18T04:52:44Z</time>
</trkpt>
<trkpt lat="24.4160519" lon="121.1136907">
<ele>1658.12</ele>
<time>2023-03-18T04:53:00Z</time>
</trkpt>
<trkpt lat="24.4159903" lon="121.1137049">
<ele>1654.56</ele>
<time>2023-03-18T04:53:10Z</time>
</trkpt>
<trkpt lat="24.4159693" lon="121.1137504">
<ele>1651.42</ele>
<time>2023-03-18T04:53:14Z</time>
</trkpt>
<trkpt lat="24.4159211" lon="121.1137489">
<ele>1651.53</ele>
<time>2023-03-18T04:53:24Z</time>
</trkpt>
<trkpt lat="24.4158792" lon="121.1137700">
<ele>1649.83</ele>
<time>2023-03-18T04:53:52Z</time>
</trkpt>
<trkpt lat="24.4158458" lon="121.1138131">
<ele>1649.71</ele>
<time>2023-03-18T04:53:58Z</time>
</trkpt>
<trkpt lat="24.4158198" lon="121.1137546">
<ele>1650.65</ele>
<time>2023-03-18T04:54:12Z</time>
</trkpt>
<trkpt lat="24.4158001" lon="121.1137070">
<ele>1653.21</ele>
<time>2023-03-18T04:54:18Z</time>
</trkpt>
<trkpt lat="24.4157676" lon="121.1136589">
<ele>1657.26</ele>
<time>2023-03-18T04:54:24Z</time>
</trkpt>
<trkpt lat="24.4157194" lon="121.1136444">
<ele>1659.26</ele>
<time>2023-03-18T04:54:34Z</time>
</trkpt>
<trkpt lat="24.4156742" lon="121.1136443">
<ele>1657.08</ele>
<time>2023-03-18T04:54:42Z</time>
</trkpt>
<trkpt lat="24.4157064" lon="121.1136865">
<ele>1660.34</ele>
<time>2023-03-18T04:54:48Z</time>
</trkpt>
<trkpt lat="24.4157297" lon="121.1137335">
<ele>1662.48</ele>
<time>2023-03-18T04:54:54Z</time>
</trkpt>
<trkpt lat="24.4156837" lon="121.1137160">
<ele>1660.01</ele>
<time>2023-03-18T04:55:02Z</time>
</trkpt>
<trkpt lat="24.4156416" lon="121.1136715">
<ele>1662.92</ele>
<time>2023-03-18T04:55:10Z</time>
</trkpt>
<trkpt lat="24.4156237" lon="121.1136236">
<ele>1660.71</ele>
<time>2023-03-18T04:55:14Z</time>
</trkpt>
<trkpt lat="24.4155871" lon="121.1135776">
<ele>1660.50</ele>
<time>2023-03-18T04:55:32Z</time>
</trkpt>
<trkpt lat="24.4155419" lon="121.1135968">
<ele>1660.33</ele>
<time>2023-03-18T04:55:42Z</time>
</trkpt>
<trkpt lat="24.4154987" lon="121.1135746">
<ele>1663.76</ele>
<time>2023-03-18T04:55:58Z</time>
</trkpt>
<trkpt lat="24.4154625" lon="121.1135261">
<ele>1666.32</ele>
<time>2023-03-18T04:56:10Z</time>
</trkpt>
<trkpt lat="24.4154077" lon="121.1135824">
<ele>1659.13</ele>
<time>2023-03-18T04:56:24Z</time>
</trkpt>
<trkpt lat="24.4154248" lon="121.1136360">
<ele>1661.86</ele>
<time>2023-03-18T04:56:32Z</time>
</trkpt>
<trkpt lat="24.4154565" lon="121.1135939">
<ele>1663.83</ele>
<time>2023-03-18T04:56:36Z</time>
</trkpt>
<trkpt lat="24.4154666" lon="121.1135448">
<ele>1679.60</ele>
<time>2023-03-18T05:02:56Z</time>
</trkpt>
<trkpt lat="24.4154302" lon="121.1135749">
<ele>1678.23</ele>
<time>2023-03-18T05:07:38Z</time>
</trkpt>
<trkpt lat="24.4154312" lon="121.1135230">
<ele>1674.44</ele>
<time>2023-03-18T05:08:48Z</time>
</trkpt>
<trkpt lat="24.4154204" lon="121.1135711">
<ele>1676.87</ele>
<time>2023-03-18T05:14:30Z</time>
</trkpt>
<trkpt lat="24.4154600" lon="121.1135419">
<ele>1669.11</ele>
<time>2023-03-18T05:21:02Z</time>
</trkpt>
<trkpt lat="24.4155050" lon="121.1135056">
<ele>1666.17</ele>
<time>2023-03-18T05:21:16Z</time>
</trkpt>
<trkpt lat="24.4154915" lon="121.1134481">
<ele>1664.70</ele>
<time>2023-03-18T05:21:28Z</time>
</trkpt>
<trkpt lat="24.4154855" lon="121.1133980">
<ele>1663.48</ele>
<time>2023-03-18T05:21:40Z</time>
</trkpt>
<trkpt lat="24.4154578" lon="121.1133567">
<ele>1663.81</ele>
<time>2023-03-18T05:21:48Z</time>
</trkpt>
<trkpt lat="24.4154753" lon="121.1133062">
<ele>1665.21</ele>
<time>2023-03-18T05:22:14Z</time>
</trkpt>
<trkpt lat="24.4155354" lon="121.1133286">
<ele>1678.11</ele>
<time>2023-03-18T05:22:24Z</time>
</trkpt>
<trkpt lat="24.4154911" lon="121.1133097">
<ele>1675.58</ele>
<time>2023-03-18T05:22:51Z</time>
</trkpt>
<trkpt lat="24.4154843" lon="121.1132429">
<ele>1683.74</ele>
<time>2023-03-18T05:23:49Z</time>
</trkpt>
<trkpt lat="24.4155090" lon="121.1131916">
<ele>1683.48</ele>
<time>2023-03-18T05:23:57Z</time>
</trkpt>
<trkpt lat="24.4154720" lon="121.1131264">
<ele>1689.10</ele>
<time>2023-03-18T05:24:09Z</time>
</trkpt>
<trkpt lat="24.4154590" lon="121.1130696">
<ele>1690.26</ele>
<time>2023-03-18T05:24:21Z</time>
</trkpt>
<trkpt lat="24.4155158" lon="121.1130599">
<ele>1694.08</ele>
<time>2023-03-18T05:24:51Z</time>
</trkpt>
<trkpt lat="24.4155413" lon="121.1130168">
<ele>1702.69</ele>
<time>2023-03-18T05:25:05Z</time>
</trkpt>
<trkpt lat="24.4155854" lon="121.1129802">
<ele>1696.10</ele>
<time>2023-03-18T05:26:05Z</time>
</trkpt>
<trkpt lat="24.4156066" lon="121.1129335">
<ele>1705.87</ele>
<time>2023-03-18T05:26:25Z</time>
</trkpt>
<trkpt lat="24.4156491" lon="121.1128893">
<ele>1713.55</ele>
<time>2023-03-18T05:26:43Z</time>
</trkpt>
<trkpt lat="24.4156956" lon="121.1128829">
<ele>1714.18</ele>
<time>2023-03-18T05:26:51Z</time>
</trkpt>
<trkpt lat="24.4157396" lon="121.1128685">
<ele>1719.24</ele>
<time>2023-03-18T05:27:09Z</time>
</trkpt>
<trkpt lat="24.4157645" lon="121.1128223">
<ele>1714.60</ele>
<time>2023-03-18T05:27:23Z</time>
</trkpt>
<trkpt lat="24.4158071" lon="121.1127927">
<ele>1709.99</ele>
<time>2023-03-18T05:27:45Z</time>
</trkpt>
<trkpt lat="24.4158006" lon="121.1127402">
<ele>1713.58</ele>
<time>2023-03-18T05:28:09Z</time>
</trkpt>
<trkpt lat="24.4158471" lon="121.1127413">
<ele>1715.28</ele>
<time>2023-03-18T05:28:21Z</time>
</trkpt>
<trkpt lat="24.4158810" lon="121.1127019">
<ele>1713.81</ele>
<time>2023-03-18T05:28:35Z</time>
</trkpt>
<trkpt lat="24.4159067" lon="121.1126593">
<ele>1716.15</ele>
<time>2023-03-18T05:28:51Z</time>
</trkpt>
<trkpt lat="24.4159522" lon="121.1126518">
<ele>1721.32</ele>
<time>2023-03-18T05:29:03Z</time>
</trkpt>
<trkpt lat="24.4160037" lon="121.1126385">
<ele>1725.43</ele>
<time>2023-03-18T05:29:21Z</time>
</trkpt>
<trkpt lat="24.4160422" lon="121.1126664">
<ele>1729.45</ele>
<time>2023-03-18T05:29:29Z</time>
</trkpt>
<trkpt lat="24.4160958" lon="121.1126541">
<ele>1729.31</ele>
<time>2023-03-18T05:29:43Z</time>
</trkpt>
<trkpt lat="24.4161265" lon="121.1126136">
<ele>1734.98</ele>
<time>2023-03-18T05:30:05Z</time>
</trkpt>
<trkpt lat="24.4161830" lon="121.1125916">
<ele>1740.39</ele>
<time>2023-03-18T05:31:03Z</time>
</trkpt>
<trkpt lat="24.4162335" lon="121.1126147">
<ele>1741.21</ele>
<time>2023-03-18T05:31:11Z</time>
</trkpt>
<trkpt lat="24.4162970" lon="121.1126003">
<ele>1741.40</ele>
<time>2023-03-18T05:31:17Z</time>
</trkpt>
<trkpt lat="24.4163410" lon="121.1126259">
<ele>1736.27</ele>
<time>2023-03-18T05:31:25Z</time>
</trkpt>
<trkpt lat="24.4163802" lon="121.1126535">
<ele>1734.81</ele>
<time>2023-03-18T05:31:31Z</time>
</trkpt>
<trkpt lat="24.4164322" lon="121.1126516">
<ele>1732.50</ele>
<time>2023-03-18T05:31:37Z</time>
</trkpt>
<trkpt lat="24.4164756" lon="121.1126317">
<ele>1730.06</ele>
<time>2023-03-18T05:31:43Z</time>
</trkpt>
<trkpt lat="24.4165183" lon="121.1126042">
<ele>1727.55</ele>
<time>2023-03-18T05:31:51Z</time>
</trkpt>
<trkpt lat="24.4164874" lon="121.1125478">
<ele>1726.91</ele>
<time>2023-03-18T05:31:59Z</time>
</trkpt>
<trkpt lat="24.4165299" lon="121.1124918">
<ele>1732.42</ele>
<time>2023-03-18T05:32:09Z</time>
</trkpt>
<trkpt lat="24.4165063" lon="121.1124486">
<ele>1736.10</ele>
<time>2023-03-18T05:32:17Z</time>
</trkpt>
<trkpt lat="24.4164783" lon="121.1124073">
<ele>1738.44</ele>
<time>2023-03-18T05:32:31Z</time>
</trkpt>
<trkpt lat="24.4165299" lon="121.1123969">
<ele>1736.62</ele>
<time>2023-03-18T05:32:47Z</time>
</trkpt>
<trkpt lat="24.4165421" lon="121.1123462">
<ele>1738.34</ele>
<time>2023-03-18T05:33:01Z</time>
</trkpt>
<trkpt lat="24.4165069" lon="121.1123151">
<ele>1745.43</ele>
<time>2023-03-18T05:33:29Z</time>
</trkpt>
<trkpt lat="24.4165386" lon="121.1122758">
<ele>1747.60</ele>
<time>2023-03-18T05:33:39Z</time>
</trkpt>
<trkpt lat="24.4165859" lon="121.1122435">
<ele>1749.03</ele>
<time>2023-03-18T05:33:51Z</time>
</trkpt>
<trkpt lat="24.4165464" lon="121.1122154">
<ele>1751.01</ele>
<time>2023-03-18T05:34:01Z</time>
</trkpt>
<trkpt lat="24.4165383" lon="121.1121549">
<ele>1750.30</ele>
<time>2023-03-18T05:34:13Z</time>
</trkpt>
<trkpt lat="24.4164963" lon="121.1121275">
<ele>1752.98</ele>
<time>2023-03-18T05:34:25Z</time>
</trkpt>
<trkpt lat="24.4164683" lon="121.1120808">
<ele>1751.75</ele>
<time>2023-03-18T05:34:33Z</time>
</trkpt>
<trkpt lat="24.4164699" lon="121.1120288">
<ele>1753.82</ele>
<time>2023-03-18T05:34:43Z</time>
</trkpt>
<trkpt lat="24.4164728" lon="121.1119741">
<ele>1756.29</ele>
<time>2023-03-18T05:34:57Z</time>
</trkpt>
<trkpt lat="24.4164615" lon="121.1119263">
<ele>1758.83</ele>
<time>2023-03-18T05:35:11Z</time>
</trkpt>
<trkpt lat="24.4164467" lon="121.1118715">
<ele>1759.08</ele>
<time>2023-03-18T05:35:19Z</time>
</trkpt>
<trkpt lat="24.4164125" lon="121.1118223">
<ele>1761.62</ele>
<time>2023-03-18T05:35:43Z</time>
</trkpt>
<trkpt lat="24.4164049" lon="121.1117662">
<ele>1764.98</ele>
<time>2023-03-18T05:35:57Z</time>
</trkpt>
<trkpt lat="24.4163683" lon="121.1118038">
<ele>1764.39</ele>
<time>2023-03-18T05:36:03Z</time>
</trkpt>
<trkpt lat="24.4163503" lon="121.1118749">
<ele>1768.31</ele>
<time>2023-03-18T05:36:09Z</time>
</trkpt>
<trkpt lat="24.4163181" lon="121.1119188">
<ele>1773.59</ele>
<time>2023-03-18T05:36:19Z</time>
</trkpt>
<trkpt lat="24.4162675" lon="121.1119140">
<ele>1776.14</ele>
<time>2023-03-18T05:36:31Z</time>
</trkpt>
<trkpt lat="24.4162291" lon="121.1118587">
<ele>1775.40</ele>
<time>2023-03-18T05:36:39Z</time>
</trkpt>
<trkpt lat="24.4162197" lon="121.1118009">
<ele>1775.09</ele>
<time>2023-03-18T05:36:45Z</time>
</trkpt>
<trkpt lat="24.4161929" lon="121.1117474">
<ele>1774.42</ele>
<time>2023-03-18T05:36:53Z</time>
</trkpt>
<trkpt lat="24.4161483" lon="121.1117290">
<ele>1777.07</ele>
<time>2023-03-18T05:37:07Z</time>
</trkpt>
<trkpt lat="24.4160978" lon="121.1117441">
<ele>1779.73</ele>
<time>2023-03-18T05:37:19Z</time>
</trkpt>
<trkpt lat="24.4160461" lon="121.1117610">
<ele>1782.16</ele>
<time>2023-03-18T05:37:29Z</time>
</trkpt>
<trkpt lat="24.4160546" lon="121.1117120">
<ele>1776.12</ele>
<time>2023-03-18T05:37:39Z</time>
</trkpt>
<trkpt lat="24.4160021" lon="121.1117182">
<ele>1775.10</ele>
<time>2023-03-18T05:37:49Z</time>
</trkpt>
<trkpt lat="24.4159461" lon="121.1117205">
<ele>1776.50</ele>
<time>2023-03-18T05:37:59Z</time>
</trkpt>
<trkpt lat="24.4159382" lon="121.1116628">
<ele>1781.34</ele>
<time>2023-03-18T05:38:25Z</time>
</trkpt>
<trkpt lat="24.4158901" lon="121.1116574">
<ele>1783.87</ele>
<time>2023-03-18T05:38:41Z</time>
</trkpt>
<trkpt lat="24.4159034" lon="121.1115901">
<ele>1782.69</ele>
<time>2023-03-18T05:38:59Z</time>
</trkpt>
<trkpt lat="24.4159354" lon="121.1115437">
<ele>1781.72</ele>
<time>2023-03-18T05:39:11Z</time>
</trkpt>
<trkpt lat="24.4159906" lon="121.1115539">
<ele>1783.49</ele>
<time>2023-03-18T05:39:25Z</time>
</trkpt>
<trkpt lat="24.4160357" lon="121.1115488">
<ele>1786.79</ele>
<time>2023-03-18T05:39:35Z</time>
</trkpt>
<trkpt lat="24.4160073" lon="121.1115008">
<ele>1791.46</ele>
<time>2023-03-18T05:39:55Z</time>
</trkpt>
<trkpt lat="24.4159736" lon="121.1114640">
<ele>1796.66</ele>
<time>2023-03-18T05:40:13Z</time>
</trkpt>
<trkpt lat="24.4159924" lon="121.1114183">
<ele>1796.81</ele>
<time>2023-03-18T05:40:27Z</time>
</trkpt>
<trkpt lat="24.4159536" lon="121.1113870">
<ele>1800.30</ele>
<time>2023-03-18T05:40:35Z</time>
</trkpt>
<trkpt lat="24.4159804" lon="121.1114324">
<ele>1801.36</ele>
<time>2023-03-18T05:40:53Z</time>
</trkpt>
<trkpt lat="24.4160313" lon="121.1114536">
<ele>1801.14</ele>
<time>2023-03-18T05:40:59Z</time>
</trkpt>
<trkpt lat="24.4160839" lon="121.1114539">
<ele>1802.01</ele>
<time>2023-03-18T05:41:07Z</time>
</trkpt>
<trkpt lat="24.4161155" lon="121.1114067">
<ele>1806.31</ele>
<time>2023-03-18T05:41:37Z</time>
</trkpt>
<trkpt lat="24.4160740" lon="121.1113687">
<ele>1808.77</ele>
<time>2023-03-18T05:41:49Z</time>
</trkpt>
<trkpt lat="24.4160525" lon="121.1113215">
<ele>1810.52</ele>
<time>2023-03-18T05:41:57Z</time>
</trkpt>
<trkpt lat="24.4160038" lon="121.1113233">
<ele>1815.32</ele>
<time>2023-03-18T05:42:11Z</time>
</trkpt>
<trkpt lat="24.4159557" lon="121.1113035">
<ele>1815.11</ele>
<time>2023-03-18T05:42:19Z</time>
</trkpt>
<trkpt lat="24.4159104" lon="121.1112655">
<ele>1815.18</ele>
<time>2023-03-18T05:42:49Z</time>
</trkpt>
<trkpt lat="24.4158657" lon="121.1112405">
<ele>1812.93</ele>
<time>2023-03-18T05:43:06Z</time>
</trkpt>
<trkpt lat="24.4158516" lon="121.1111799">
<ele>1810.79</ele>
<time>2023-03-18T05:43:14Z</time>
</trkpt>
<trkpt lat="24.4158030" lon="121.1111620">
<ele>1818.28</ele>
<time>2023-03-18T05:43:44Z</time>
</trkpt>
<trkpt lat="24.4157657" lon="121.1112077">
<ele>1818.02</ele>
<time>2023-03-18T05:43:54Z</time>
</trkpt>
<trkpt lat="24.4157086" lon="121.1112177">
<ele>1818.23</ele>
<time>2023-03-18T05:44:04Z</time>
</trkpt>
<trkpt lat="24.4156806" lon="121.1111680">
<ele>1816.71</ele>
<time>2023-03-18T05:44:10Z</time>
</trkpt>
<trkpt lat="24.4156304" lon="121.1111795">
<ele>1811.94</ele>
<time>2023-03-18T05:44:28Z</time>
</trkpt>
<trkpt lat="24.4155867" lon="121.1112087">
<ele>1811.51</ele>
<time>2023-03-18T05:44:36Z</time>
</trkpt>
<trkpt lat="24.4155397" lon="121.1112089">
<ele>1817.00</ele>
<time>2023-03-18T05:44:50Z</time>
</trkpt>
<trkpt lat="24.4155295" lon="121.1111206">
<ele>1814.33</ele>
<time>2023-03-18T05:45:00Z</time>
</trkpt>
<trkpt lat="24.4155211" lon="121.1110694">
<ele>1815.54</ele>
<time>2023-03-18T05:45:26Z</time>
</trkpt>
<trkpt lat="24.4154729" lon="121.1110918">
<ele>1823.37</ele>
<time>2023-03-18T05:46:06Z</time>
</trkpt>
<trkpt lat="24.4154753" lon="121.1110233">
<ele>1823.33</ele>
<time>2023-03-18T05:46:14Z</time>
</trkpt>
<trkpt lat="24.4154570" lon="121.1109762">
<ele>1823.99</ele>
<time>2023-03-18T05:46:20Z</time>
</trkpt>
<trkpt lat="24.4154136" lon="121.1109404">
<ele>1821.66</ele>
<time>2023-03-18T05:46:30Z</time>
</trkpt>
<trkpt lat="24.4153670" lon="121.1109276">
<ele>1824.63</ele>
<time>2023-03-18T05:46:52Z</time>
</trkpt>
<trkpt lat="24.4153274" lon="121.1108981">
<ele>1823.97</ele>
<time>2023-03-18T05:47:02Z</time>
</trkpt>
<trkpt lat="24.4152862" lon="121.1108711">
<ele>1822.71</ele>
<time>2023-03-18T05:47:12Z</time>
</trkpt>
<trkpt lat="24.4152496" lon="121.1108411">
<ele>1827.10</ele>
<time>2023-03-18T05:47:32Z</time>
</trkpt>
<trkpt lat="24.4152051" lon="121.1108090">
<ele>1828.23</ele>
<time>2023-03-18T05:47:40Z</time>
</trkpt>
<trkpt lat="24.4151581" lon="121.1108019">
<ele>1828.21</ele>
<time>2023-03-18T05:48:00Z</time>
</trkpt>
<trkpt lat="24.4151129" lon="121.1107776">
<ele>1827.83</ele>
<time>2023-03-18T05:48:18Z</time>
</trkpt>
<trkpt lat="24.4150807" lon="121.1107414">
<ele>1820.11</ele>
<time>2023-03-18T05:48:28Z</time>
</trkpt>
<trkpt lat="24.4150590" lon="121.1106938">
<ele>1818.98</ele>
<time>2023-03-18T05:48:40Z</time>
</trkpt>
<trkpt lat="24.4150522" lon="121.1107453">
<ele>1822.42</ele>
<time>2023-03-18T05:48:46Z</time>
</trkpt>
<trkpt lat="24.4150035" lon="121.1107303">
<ele>1822.36</ele>
<time>2023-03-18T05:48:56Z</time>
</trkpt>
<trkpt lat="24.4149855" lon="121.1106793">
<ele>1826.31</ele>
<time>2023-03-18T05:49:24Z</time>
</trkpt>
<trkpt lat="24.4149321" lon="121.1106817">
<ele>1824.76</ele>
<time>2023-03-18T05:49:34Z</time>
</trkpt>
<trkpt lat="24.4148895" lon="121.1107072">
<ele>1826.55</ele>
<time>2023-03-18T05:49:46Z</time>
</trkpt>
<trkpt lat="24.4148365" lon="121.1107289">
<ele>1828.91</ele>
<time>2023-03-18T05:50:20Z</time>
</trkpt>
<trkpt lat="24.4147947" lon="121.1107816">
<ele>1831.38</ele>
<time>2023-03-18T05:50:30Z</time>
</trkpt>
<trkpt lat="24.4148008" lon="121.1108427">
<ele>1835.03</ele>
<time>2023-03-18T05:50:36Z</time>
</trkpt>
<trkpt lat="24.4148117" lon="121.1109006">
<ele>1841.46</ele>
<time>2023-03-18T05:50:48Z</time>
</trkpt>
<trkpt lat="24.4147669" lon="121.1109160">
<ele>1844.89</ele>
<time>2023-03-18T05:51:10Z</time>
</trkpt>
<trkpt lat="24.4147408" lon="121.1109589">
<ele>1845.48</ele>
<time>2023-03-18T05:51:18Z</time>
</trkpt>
<trkpt lat="24.4147060" lon="121.1109158">
<ele>1844.02</ele>
<time>2023-03-18T05:51:32Z</time>
</trkpt>
<trkpt lat="24.4146624" lon="121.1108963">
<ele>1844.35</ele>
<time>2023-03-18T05:51:44Z</time>
</trkpt>
<trkpt lat="24.4146633" lon="121.1108461">
<ele>1839.73</ele>
<time>2023-03-18T05:51:56Z</time>
</trkpt>
<trkpt lat="24.4146662" lon="121.1107858">
<ele>1840.93</ele>
<time>2023-03-18T05:52:14Z</time>
</trkpt>
<trkpt lat="24.4146530" lon="121.1107379">
<ele>1850.52</ele>
<time>2023-03-18T05:52:42Z</time>
</trkpt>
<trkpt lat="24.4146042" lon="121.1107466">
<ele>1851.96</ele>
<time>2023-03-18T05:53:08Z</time>
</trkpt>
<trkpt lat="24.4145615" lon="121.1107669">
<ele>1855.59</ele>
<time>2023-03-18T05:53:20Z</time>
</trkpt>
<trkpt lat="24.4145183" lon="121.1107961">
<ele>1860.22</ele>
<time>2023-03-18T05:53:34Z</time>
</trkpt>
<trkpt lat="24.4145081" lon="121.1107413">
<ele>1865.00</ele>
<time>2023-03-18T05:54:04Z</time>
</trkpt>
<trkpt lat="24.4144696" lon="121.1106982">
<ele>1865.45</ele>
<time>2023-03-18T05:54:12Z</time>
</trkpt>
<trkpt lat="24.4144348" lon="121.1107358">
<ele>1870.23</ele>
<time>2023-03-18T05:54:20Z</time>
</trkpt>
<trkpt lat="24.4143857" lon="121.1107512">
<ele>1874.19</ele>
<time>2023-03-18T05:54:36Z</time>
</trkpt>
<trkpt lat="24.4143433" lon="121.1107281">
<ele>1877.95</ele>
<time>2023-03-18T05:54:46Z</time>
</trkpt>
<trkpt lat="24.4142992" lon="121.1107607">
<ele>1877.67</ele>
<time>2023-03-18T05:54:58Z</time>
</trkpt>
<trkpt lat="24.4142913" lon="121.1107092">
<ele>1878.23</ele>
<time>2023-03-18T05:55:06Z</time>
</trkpt>
<trkpt lat="24.4142866" lon="121.1106545">
<ele>1876.08</ele>
<time>2023-03-18T05:55:18Z</time>
</trkpt>
<trkpt lat="24.4142748" lon="121.1106035">
<ele>1878.11</ele>
<time>2023-03-18T05:55:24Z</time>
</trkpt>
<trkpt lat="24.4142450" lon="121.1105584">
<ele>1879.27</ele>
<time>2023-03-18T05:55:34Z</time>
</trkpt>
<trkpt lat="24.4141995" lon="121.1105480">
<ele>1882.20</ele>
<time>2023-03-18T05:55:54Z</time>
</trkpt>
<trkpt lat="24.4141908" lon="121.1104942">
<ele>1882.42</ele>
<time>2023-03-18T05:56:04Z</time>
</trkpt>
<trkpt lat="24.4141691" lon="121.1104435">
<ele>1885.04</ele>
<time>2023-03-18T05:56:14Z</time>
</trkpt>
<trkpt lat="24.4141507" lon="121.1103965">
<ele>1883.66</ele>
<time>2023-03-18T05:56:46Z</time>
</trkpt>
<trkpt lat="24.4141411" lon="121.1103403">
<ele>1883.54</ele>
<time>2023-03-18T05:56:54Z</time>
</trkpt>
<trkpt lat="24.4141063" lon="121.1103726">
<ele>1888.83</ele>
<time>2023-03-18T05:57:02Z</time>
</trkpt>
<trkpt lat="24.4141000" lon="121.1103234">
<ele>1892.90</ele>
<time>2023-03-18T05:57:12Z</time>
</trkpt>
<trkpt lat="24.4141001" lon="121.1102447">
<ele>1896.29</ele>
<time>2023-03-18T05:57:56Z</time>
</trkpt>
<trkpt lat="24.4141262" lon="121.1101891">
<ele>1893.55</ele>
<time>2023-03-18T05:58:02Z</time>
</trkpt>
<trkpt lat="24.4141035" lon="121.1101419">
<ele>1889.16</ele>
<time>2023-03-18T05:58:10Z</time>
</trkpt>
<trkpt lat="24.4141074" lon="121.1100888">
<ele>1888.33</ele>
<time>2023-03-18T05:58:18Z</time>
</trkpt>
<trkpt lat="24.4141360" lon="121.1100389">
<ele>1883.82</ele>
<time>2023-03-18T05:58:32Z</time>
</trkpt>
<trkpt lat="24.4141506" lon="121.1100917">
<ele>1890.44</ele>
<time>2023-03-18T05:58:38Z</time>
</trkpt>
<trkpt lat="24.4141509" lon="121.1100320">
<ele>1899.79</ele>
<time>2023-03-18T05:58:54Z</time>
</trkpt>
<trkpt lat="24.4141297" lon="121.1099881">
<ele>1905.90</ele>
<time>2023-03-18T05:59:14Z</time>
</trkpt>
<trkpt lat="24.4141424" lon="121.1099321">
<ele>1910.25</ele>
<time>2023-03-18T05:59:36Z</time>
</trkpt>
<trkpt lat="24.4141174" lon="121.1098908">
<ele>1909.74</ele>
<time>2023-03-18T05:59:50Z</time>
</trkpt>
<trkpt lat="24.4140903" lon="121.1098513">
<ele>1910.97</ele>
<time>2023-03-18T06:00:28Z</time>
</trkpt>
<trkpt lat="24.4140616" lon="121.1098111">
<ele>1914.46</ele>
<time>2023-03-18T06:00:40Z</time>
</trkpt>
<trkpt lat="24.4140830" lon="121.1098588">
<ele>1916.07</ele>
<time>2023-03-18T06:00:44Z</time>
</trkpt>
<trkpt lat="24.4140378" lon="121.1098694">
<ele>1922.33</ele>
<time>2023-03-18T06:01:18Z</time>
</trkpt>
<trkpt lat="24.4139886" lon="121.1098860">
<ele>1924.78</ele>
<time>2023-03-18T06:01:32Z</time>
</trkpt>
<trkpt lat="24.4139437" lon="121.1098969">
<ele>1935.27</ele>
<time>2023-03-18T06:01:54Z</time>
</trkpt>
<trkpt lat="24.4138995" lon="121.1097559">
<ele>1935.96</ele>
<time>2023-03-18T06:02:02Z</time>
</trkpt>
<trkpt lat="24.4139745" lon="121.1097734">
<ele>1934.66</ele>
<time>2023-03-18T06:02:08Z</time>
</trkpt>
<trkpt lat="24.4139806" lon="121.1097174">
<ele>1930.53</ele>
<time>2023-03-18T06:03:04Z</time>
</trkpt>
<trkpt lat="24.4139872" lon="121.1097799">
<ele>1934.10</ele>
<time>2023-03-18T06:03:18Z</time>
</trkpt>
<trkpt lat="24.4139462" lon="121.1097466">
<ele>1937.33</ele>
<time>2023-03-18T06:03:38Z</time>
</trkpt>
<trkpt lat="24.4139009" lon="121.1097470">
<ele>1938.27</ele>
<time>2023-03-18T06:03:46Z</time>
</trkpt>
<trkpt lat="24.4138790" lon="121.1096989">
<ele>1941.17</ele>
<time>2023-03-18T06:04:02Z</time>
</trkpt>
<trkpt lat="24.4138294" lon="121.1096672">
<ele>1948.69</ele>
<time>2023-03-18T06:04:56Z</time>
</trkpt>
<trkpt lat="24.4137839" lon="121.1096201">
<ele>1953.64</ele>
<time>2023-03-18T06:06:40Z</time>
</trkpt>
<trkpt lat="24.4137402" lon="121.1095600">
<ele>1957.94</ele>
<time>2023-03-18T06:06:44Z</time>
</trkpt>
<trkpt lat="24.4136889" lon="121.1094936">
<ele>1965.40</ele>
<time>2023-03-18T06:07:38Z</time>
</trkpt>
<trkpt lat="24.4136579" lon="121.1094513">
<ele>1968.13</ele>
<time>2023-03-18T06:07:42Z</time>
</trkpt>
<trkpt lat="24.4136280" lon="121.1093932">
<ele>1972.62</ele>
<time>2023-03-18T06:07:48Z</time>
</trkpt>
<trkpt lat="24.4136016" lon="121.1093431">
<ele>1974.64</ele>
<time>2023-03-18T06:08:02Z</time>
</trkpt>
<trkpt lat="24.4135548" lon="121.1093701">
<ele>1975.74</ele>
<time>2023-03-18T06:09:34Z</time>
</trkpt>
<trkpt lat="24.4134990" lon="121.1093935">
<ele>1976.68</ele>
<time>2023-03-18T06:09:40Z</time>
</trkpt>
<trkpt lat="24.4134491" lon="121.1094134">
<ele>1980.45</ele>
<time>2023-03-18T06:09:44Z</time>
</trkpt>
<trkpt lat="24.4133930" lon="121.1094008">
<ele>1974.25</ele>
<time>2023-03-18T06:10:08Z</time>
</trkpt>
<trkpt lat="24.4133351" lon="121.1093927">
<ele>1976.51</ele>
<time>2023-03-18T06:10:14Z</time>
</trkpt>
<trkpt lat="24.4132867" lon="121.1094119">
<ele>1978.16</ele>
<time>2023-03-18T06:10:22Z</time>
</trkpt>
<trkpt lat="24.4132396" lon="121.1093831">
<ele>1978.62</ele>
<time>2023-03-18T06:10:34Z</time>
</trkpt>
<trkpt lat="24.4132380" lon="121.1094379">
<ele>1977.34</ele>
<time>2023-03-18T06:10:52Z</time>
</trkpt>
<trkpt lat="24.4132089" lon="121.1094802">
<ele>1975.47</ele>
<time>2023-03-18T06:10:58Z</time>
</trkpt>
<trkpt lat="24.4131651" lon="121.1094920">
<ele>1973.02</ele>
<time>2023-03-18T06:11:06Z</time>
</trkpt>
<trkpt lat="24.4131646" lon="121.1095481">
<ele>1972.63</ele>
<time>2023-03-18T06:11:12Z</time>
</trkpt>
<trkpt lat="24.4131274" lon="121.1095837">
<ele>1972.13</ele>
<time>2023-03-18T06:11:20Z</time>
</trkpt>
<trkpt lat="24.4130813" lon="121.1095766">
<ele>1972.33</ele>
<time>2023-03-18T06:11:30Z</time>
</trkpt>
<trkpt lat="24.4130468" lon="121.1095350">
<ele>1972.74</ele>
<time>2023-03-18T06:11:40Z</time>
</trkpt>
<trkpt lat="24.4130003" lon="121.1095392">
<ele>1974.81</ele>
<time>2023-03-18T06:11:54Z</time>
</trkpt>
<trkpt lat="24.4129600" lon="121.1095168">
<ele>1973.12</ele>
<time>2023-03-18T06:12:04Z</time>
</trkpt>
<trkpt lat="24.4129323" lon="121.1095605">
<ele>1973.96</ele>
<time>2023-03-18T06:12:12Z</time>
</trkpt>
<trkpt lat="24.4128844" lon="121.1095371">
<ele>1974.42</ele>
<time>2023-03-18T06:12:48Z</time>
</trkpt>
<trkpt lat="24.4128374" lon="121.1095583">
<ele>1978.76</ele>
<time>2023-03-18T06:12:54Z</time>
</trkpt>
<trkpt lat="24.4128026" lon="121.1095916">
<ele>1983.95</ele>
<time>2023-03-18T06:13:12Z</time>
</trkpt>
<trkpt lat="24.4127547" lon="121.1095897">
<ele>1985.02</ele>
<time>2023-03-18T06:13:18Z</time>
</trkpt>
<trkpt lat="24.4127005" lon="121.1095682">
<ele>1983.30</ele>
<time>2023-03-18T06:13:34Z</time>
</trkpt>
<trkpt lat="24.4126463" lon="121.1095828">
<ele>1987.71</ele>
<time>2023-03-18T06:13:44Z</time>
</trkpt>
<trkpt lat="24.4126190" lon="121.1096283">
<ele>1988.95</ele>
<time>2023-03-18T06:13:51Z</time>
</trkpt>
<trkpt lat="24.4126165" lon="121.1095787">
<ele>1987.57</ele>
<time>2023-03-18T06:14:00Z</time>
</trkpt>
<trkpt lat="24.4125648" lon="121.1096007">
<ele>1990.92</ele>
<time>2023-03-18T06:14:18Z</time>
</trkpt>
<trkpt lat="24.4125801" lon="121.1095423">
<ele>1992.22</ele>
<time>2023-03-18T06:14:30Z</time>
</trkpt>
<trkpt lat="24.4125892" lon="121.1094925">
<ele>1994.11</ele>
<time>2023-03-18T06:14:43Z</time>
</trkpt>
<trkpt lat="24.4126356" lon="121.1094934">
<ele>1994.33</ele>
<time>2023-03-18T06:14:51Z</time>
</trkpt>
<trkpt lat="24.4126379" lon="121.1094406">
<ele>1995.12</ele>
<time>2023-03-18T06:14:57Z</time>
</trkpt>
<trkpt lat="24.4126021" lon="121.1094093">
<ele>1996.25</ele>
<time>2023-03-18T06:15:03Z</time>
</trkpt>
<trkpt lat="24.4125588" lon="121.1093960">
<ele>1996.54</ele>
<time>2023-03-18T06:15:11Z</time>
</trkpt>
<trkpt lat="24.4125140" lon="121.1094274">
<ele>1994.74</ele>
<time>2023-03-18T06:15:19Z</time>
</trkpt>
<trkpt lat="24.4124620" lon="121.1094663">
<ele>1994.78</ele>
<time>2023-03-18T06:15:29Z</time>
</trkpt>
<trkpt lat="24.4124250" lon="121.1094320">
<ele>2000.20</ele>
<time>2023-03-18T06:15:49Z</time>
</trkpt>
<trkpt lat="24.4123809" lon="121.1093906">
<ele>2005.97</ele>
<time>2023-03-18T06:16:03Z</time>
</trkpt>
<trkpt lat="24.4123604" lon="121.1093315">
<ele>2005.52</ele>
<time>2023-03-18T06:16:19Z</time>
</trkpt>
<trkpt lat="24.4124069" lon="121.1093195">
<ele>2006.93</ele>
<time>2023-03-18T06:16:33Z</time>
</trkpt>
<trkpt lat="24.4123722" lon="121.1093539">
<ele>2014.91</ele>
<time>2023-03-18T06:16:51Z</time>
</trkpt>
<trkpt lat="24.4123297" lon="121.1093332">
<ele>2019.28</ele>
<time>2023-03-18T06:16:57Z</time>
</trkpt>
<trkpt lat="24.4123142" lon="121.1092826">
<ele>2017.42</ele>
<time>2023-03-18T06:17:05Z</time>
</trkpt>
<trkpt lat="24.4123385" lon="121.1092379">
<ele>2017.15</ele>
<time>2023-03-18T06:17:13Z</time>
</trkpt>
<trkpt lat="24.4122947" lon="121.1092530">
<ele>2020.17</ele>
<time>2023-03-18T06:17:25Z</time>
</trkpt>
<trkpt lat="24.4122774" lon="121.1092059">
<ele>2026.15</ele>
<time>2023-03-18T06:17:37Z</time>
</trkpt>
<trkpt lat="24.4122728" lon="121.1091535">
<ele>2026.77</ele>
<time>2023-03-18T06:18:01Z</time>
</trkpt>
<trkpt lat="24.4123179" lon="121.1091497">
<ele>2025.57</ele>
<time>2023-03-18T06:18:11Z</time>
</trkpt>
<trkpt lat="24.4123662" lon="121.1091262">
<ele>2029.15</ele>
<time>2023-03-18T06:18:23Z</time>
</trkpt>
<trkpt lat="24.4123746" lon="121.1090737">
<ele>2029.84</ele>
<time>2023-03-18T06:18:33Z</time>
</trkpt>
<trkpt lat="24.4123996" lon="121.1090229">
<ele>2032.10</ele>
<time>2023-03-18T06:18:45Z</time>
</trkpt>
<trkpt lat="24.4123463" lon="121.1090231">
<ele>2035.83</ele>
<time>2023-03-18T06:19:11Z</time>
</trkpt>
<trkpt lat="24.4122970" lon="121.1090179">
<ele>2036.52</ele>
<time>2023-03-18T06:19:19Z</time>
</trkpt>
<trkpt lat="24.4122472" lon="121.1090209">
<ele>2039.33</ele>
<time>2023-03-18T06:19:35Z</time>
</trkpt>
<trkpt lat="24.4121992" lon="121.1090215">
<ele>2038.51</ele>
<time>2023-03-18T06:19:43Z</time>
</trkpt>
<trkpt lat="24.4121650" lon="121.1089856">
<ele>2038.71</ele>
<time>2023-03-18T06:19:55Z</time>
</trkpt>
<trkpt lat="24.4121290" lon="121.1090190">
<ele>2041.42</ele>
<time>2023-03-18T06:20:03Z</time>
</trkpt>
<trkpt lat="24.4120869" lon="121.1089779">
<ele>2041.85</ele>
<time>2023-03-18T06:20:11Z</time>
</trkpt>
<trkpt lat="24.4121023" lon="121.1089225">
<ele>2038.20</ele>
<time>2023-03-18T06:20:17Z</time>
</trkpt>
<trkpt lat="24.4120596" lon="121.1089591">
<ele>2045.02</ele>
<time>2023-03-18T06:20:29Z</time>
</trkpt>
<trkpt lat="24.4120245" lon="121.1089246">
<ele>2047.80</ele>
<time>2023-03-18T06:20:41Z</time>
</trkpt>
<trkpt lat="24.4120382" lon="121.1088765">
<ele>2043.56</ele>
<time>2023-03-18T06:20:51Z</time>
</trkpt>
<trkpt lat="24.4120113" lon="121.1088342">
<ele>2040.27</ele>
<time>2023-03-18T06:21:15Z</time>
</trkpt>
<trkpt lat="24.4120196" lon="121.1087800">
<ele>2041.88</ele>
<time>2023-03-18T06:21:33Z</time>
</trkpt>
<trkpt lat="24.4119727" lon="121.1087719">
<ele>2052.04</ele>
<time>2023-03-18T06:22:09Z</time>
</trkpt>
<trkpt lat="24.4119733" lon="121.1087165">
<ele>2050.62</ele>
<time>2023-03-18T06:22:25Z</time>
</trkpt>
<trkpt lat="24.4119930" lon="121.1086651">
<ele>2052.08</ele>
<time>2023-03-18T06:22:41Z</time>
</trkpt>
<trkpt lat="24.4120125" lon="121.1086199">
<ele>2056.38</ele>
<time>2023-03-18T06:22:55Z</time>
</trkpt>
<trkpt lat="24.4120101" lon="121.1085694">
<ele>2058.70</ele>
<time>2023-03-18T06:23:03Z</time>
</trkpt>
<trkpt lat="24.4120465" lon="121.1085383">
<ele>2059.45</ele>
<time>2023-03-18T06:23:21Z</time>
</trkpt>
<trkpt lat="24.4120143" lon="121.1084924">
<ele>2064.34</ele>
<time>2023-03-18T06:23:31Z</time>
</trkpt>
<trkpt lat="24.4120402" lon="121.1084502">
<ele>2064.52</ele>
<time>2023-03-18T06:23:41Z</time>
</trkpt>
<trkpt lat="24.4120592" lon="121.1084024">
<ele>2063.25</ele>
<time>2023-03-18T06:23:57Z</time>
</trkpt>
<trkpt lat="24.4120758" lon="121.1083515">
<ele>2063.77</ele>
<time>2023-03-18T06:24:07Z</time>
</trkpt>
<trkpt lat="24.4120866" lon="121.1083024">
<ele>2067.22</ele>
<time>2023-03-18T06:24:19Z</time>
</trkpt>
<trkpt lat="24.4121128" lon="121.1082496">
<ele>2064.50</ele>
<time>2023-03-18T06:24:33Z</time>
</trkpt>
<trkpt lat="24.4121603" lon="121.1082426">
<ele>2069.79</ele>
<time>2023-03-18T06:24:51Z</time>
</trkpt>
<trkpt lat="24.4121463" lon="121.1081801">
<ele>2072.37</ele>
<time>2023-03-18T06:25:07Z</time>
</trkpt>
<trkpt lat="24.4121322" lon="121.1081304">
<ele>2072.43</ele>
<time>2023-03-18T06:25:21Z</time>
</trkpt>
<trkpt lat="24.4120974" lon="121.1080940">
<ele>2079.33</ele>
<time>2023-03-18T06:25:33Z</time>
</trkpt>
<trkpt lat="24.4121180" lon="121.1080442">
<ele>2081.30</ele>
<time>2023-03-18T06:25:53Z</time>
</trkpt>
<trkpt lat="24.4121649" lon="121.1080018">
<ele>2079.86</ele>
<time>2023-03-18T06:26:05Z</time>
</trkpt>
<trkpt lat="24.4122185" lon="121.1079895">
<ele>2080.90</ele>
<time>2023-03-18T06:26:19Z</time>
</trkpt>
<trkpt lat="24.4122144" lon="121.1079344">
<ele>2083.01</ele>
<time>2023-03-18T06:26:33Z</time>
</trkpt>
<trkpt lat="24.4122144" lon="121.1078797">
<ele>2086.25</ele>
<time>2023-03-18T06:26:47Z</time>
</trkpt>
<trkpt lat="24.4122215" lon="121.1078193">
<ele>2090.48</ele>
<time>2023-03-18T06:27:13Z</time>
</trkpt>
<trkpt lat="24.4122559" lon="121.1077846">
<ele>2086.45</ele>
<time>2023-03-18T06:27:21Z</time>
</trkpt>
<trkpt lat="24.4123049" lon="121.1077534">
<ele>2086.41</ele>
<time>2023-03-18T06:27:31Z</time>
</trkpt>
<trkpt lat="24.4123497" lon="121.1077714">
<ele>2089.38</ele>
<time>2023-03-18T06:27:41Z</time>
</trkpt>
<trkpt lat="24.4123301" lon="121.1078255">
<ele>2093.84</ele>
<time>2023-03-18T06:27:49Z</time>
</trkpt>
<trkpt lat="24.4123441" lon="121.1077735">
<ele>2096.54</ele>
<time>2023-03-18T06:27:59Z</time>
</trkpt>
<trkpt lat="24.4123521" lon="121.1077238">
<ele>2100.88</ele>
<time>2023-03-18T06:28:09Z</time>
</trkpt>
<trkpt lat="24.4123856" lon="121.1076814">
<ele>2098.16</ele>
<time>2023-03-18T06:28:17Z</time>
</trkpt>
<trkpt lat="24.4124124" lon="121.1076396">
<ele>2106.14</ele>
<time>2023-03-18T06:29:05Z</time>
</trkpt>
<trkpt lat="24.4123999" lon="121.1075812">
<ele>2107.50</ele>
<time>2023-03-18T06:29:15Z</time>
</trkpt>
<trkpt lat="24.4124211" lon="121.1075303">
<ele>2110.87</ele>
<time>2023-03-18T06:29:29Z</time>
</trkpt>
<trkpt lat="24.4124714" lon="121.1075382">
<ele>2111.12</ele>
<time>2023-03-18T06:29:41Z</time>
</trkpt>
<trkpt lat="24.4125150" lon="121.1075777">
<ele>2114.93</ele>
<time>2023-03-18T06:29:49Z</time>
</trkpt>
<trkpt lat="24.4125303" lon="121.1075176">
<ele>2115.22</ele>
<time>2023-03-18T06:30:03Z</time>
</trkpt>
<trkpt lat="24.4125247" lon="121.1074632">
<ele>2117.96</ele>
<time>2023-03-18T06:30:17Z</time>
</trkpt>
<trkpt lat="24.4125615" lon="121.1074277">
<ele>2119.96</ele>
<time>2023-03-18T06:30:29Z</time>
</trkpt>
<trkpt lat="24.4126054" lon="121.1073988">
<ele>2123.18</ele>
<time>2023-03-18T06:30:49Z</time>
</trkpt>
<trkpt lat="24.4126308" lon="121.1073522">
<ele>2124.43</ele>
<time>2023-03-18T06:31:03Z</time>
</trkpt>
<trkpt lat="24.4126488" lon="121.1072959">
<ele>2125.61</ele>
<time>2023-03-18T06:31:19Z</time>
</trkpt>
<trkpt lat="24.4126825" lon="121.1072541">
<ele>2126.63</ele>
<time>2023-03-18T06:31:33Z</time>
</trkpt>
<trkpt lat="24.4127069" lon="121.1072063">
<ele>2126.14</ele>
<time>2023-03-18T06:31:45Z</time>
</trkpt>
<trkpt lat="24.4127244" lon="121.1071546">
<ele>2128.33</ele>
<time>2023-03-18T06:31:59Z</time>
</trkpt>
<trkpt lat="24.4127623" lon="121.1071260">
<ele>2133.70</ele>
<time>2023-03-18T06:32:15Z</time>
</trkpt>
<trkpt lat="24.4127573" lon="121.1070765">
<ele>2136.63</ele>
<time>2023-03-18T06:32:21Z</time>
</trkpt>
<trkpt lat="24.4127756" lon="121.1070278">
<ele>2137.45</ele>
<time>2023-03-18T06:32:37Z</time>
</trkpt>
<trkpt lat="24.4127747" lon="121.1069661">
<ele>2141.77</ele>
<time>2023-03-18T06:32:47Z</time>
</trkpt>
<trkpt lat="24.4127691" lon="121.1069145">
<ele>2145.78</ele>
<time>2023-03-18T06:32:59Z</time>
</trkpt>
<trkpt lat="24.4127947" lon="121.1068722">
<ele>2147.97</ele>
<time>2023-03-18T06:33:09Z</time>
</trkpt>
<trkpt lat="24.4128032" lon="121.1068207">
<ele>2147.08</ele>
<time>2023-03-18T06:33:27Z</time>
</trkpt>
<trkpt lat="24.4128410" lon="121.1067829">
<ele>2147.23</ele>
<time>2023-03-18T06:33:45Z</time>
</trkpt>
<trkpt lat="24.4128755" lon="121.1067432">
<ele>2144.91</ele>
<time>2023-03-18T06:33:55Z</time>
</trkpt>
<trkpt lat="24.4129310" lon="121.1067389">
<ele>2148.78</ele>
<time>2023-03-18T06:34:55Z</time>
</trkpt>
<trkpt lat="24.4129485" lon="121.1066877">
<ele>2149.71</ele>
<time>2023-03-18T06:35:01Z</time>
</trkpt>
<trkpt lat="24.4129457" lon="121.1066367">
<ele>2149.47</ele>
<time>2023-03-18T06:35:11Z</time>
</trkpt>
<trkpt lat="24.4129242" lon="121.1065892">
<ele>2151.58</ele>
<time>2023-03-18T06:35:21Z</time>
</trkpt>
<trkpt lat="24.4129729" lon="121.1065609">
<ele>2154.37</ele>
<time>2023-03-18T06:35:35Z</time>
</trkpt>
<trkpt lat="24.4130081" lon="121.1065239">
<ele>2155.56</ele>
<time>2023-03-18T06:35:51Z</time>
</trkpt>
<trkpt lat="24.4130148" lon="121.1064704">
<ele>2157.87</ele>
<time>2023-03-18T06:35:59Z</time>
</trkpt>
<trkpt lat="24.4129950" lon="121.1064139">
<ele>2161.15</ele>
<time>2023-03-18T06:36:07Z</time>
</trkpt>
<trkpt lat="24.4130349" lon="121.1063883">
<ele>2157.44</ele>
<time>2023-03-18T06:36:19Z</time>
</trkpt>
<trkpt lat="24.4130823" lon="121.1063991">
<ele>2160.14</ele>
<time>2023-03-18T06:36:33Z</time>
</trkpt>
<trkpt lat="24.4131322" lon="121.1064086">
<ele>2163.18</ele>
<time>2023-03-18T06:36:47Z</time>
</trkpt>
<trkpt lat="24.4130950" lon="121.1063762">
<ele>2165.41</ele>
<time>2023-03-18T06:37:25Z</time>
</trkpt>
<trkpt lat="24.4131166" lon="121.1063318">
<ele>2167.21</ele>
<time>2023-03-18T06:37:57Z</time>
</trkpt>
<trkpt lat="24.4131685" lon="121.1062995">
<ele>2169.62</ele>
<time>2023-03-18T06:38:09Z</time>
</trkpt>
<trkpt lat="24.4131766" lon="121.1062448">
<ele>2168.54</ele>
<time>2023-03-18T06:38:19Z</time>
</trkpt>
<trkpt lat="24.4132064" lon="121.1061974">
<ele>2169.67</ele>
<time>2023-03-18T06:38:35Z</time>
</trkpt>
<trkpt lat="24.4131846" lon="121.1061501">
<ele>2168.70</ele>
<time>2023-03-18T06:38:47Z</time>
</trkpt>
<trkpt lat="24.4132138" lon="121.1061113">
<ele>2173.34</ele>
<time>2023-03-18T06:38:59Z</time>
</trkpt>
<trkpt lat="24.4131931" lon="121.1060640">
<ele>2176.67</ele>
<time>2023-03-18T06:39:09Z</time>
</trkpt>
<trkpt lat="24.4132148" lon="121.1060187">
<ele>2176.95</ele>
<time>2023-03-18T06:39:17Z</time>
</trkpt>
<trkpt lat="24.4132661" lon="121.1060086">
<ele>2178.95</ele>
<time>2023-03-18T06:39:25Z</time>
</trkpt>
<trkpt lat="24.4132957" lon="121.1059654">
<ele>2184.60</ele>
<time>2023-03-18T06:39:39Z</time>
</trkpt>
<trkpt lat="24.4133094" lon="121.1059173">
<ele>2183.10</ele>
<time>2023-03-18T06:39:49Z</time>
</trkpt>
<trkpt lat="24.4133216" lon="121.1058541">
<ele>2178.15</ele>
<time>2023-03-18T06:39:59Z</time>
</trkpt>
<trkpt lat="24.4133572" lon="121.1058095">
<ele>2173.09</ele>
<time>2023-03-18T06:40:07Z</time>
</trkpt>
<trkpt lat="24.4133848" lon="121.1057609">
<ele>2170.76</ele>
<time>2023-03-18T06:40:19Z</time>
</trkpt>
<trkpt lat="24.4134205" lon="121.1057138">
<ele>2174.02</ele>
<time>2023-03-18T06:40:29Z</time>
</trkpt>
<trkpt lat="24.4134291" lon="121.1056607">
<ele>2176.42</ele>
<time>2023-03-18T06:40:41Z</time>
</trkpt>
<trkpt lat="24.4134325" lon="121.1056083">
<ele>2179.34</ele>
<time>2023-03-18T06:40:53Z</time>
</trkpt>
<trkpt lat="24.4134414" lon="121.1055596">
<ele>2183.38</ele>
<time>2023-03-18T06:41:01Z</time>
</trkpt>
<trkpt lat="24.4134148" lon="121.1055154">
<ele>2180.06</ele>
<time>2023-03-18T06:41:11Z</time>
</trkpt>
<trkpt lat="24.4134540" lon="121.1054679">
<ele>2178.23</ele>
<time>2023-03-18T06:41:21Z</time>
</trkpt>
<trkpt lat="24.4135017" lon="121.1054548">
<ele>2177.96</ele>
<time>2023-03-18T06:41:37Z</time>
</trkpt>
<trkpt lat="24.4135497" lon="121.1054474">
<ele>2183.43</ele>
<time>2023-03-18T06:42:01Z</time>
</trkpt>
<trkpt lat="24.4135851" lon="121.1054167">
<ele>2184.19</ele>
<time>2023-03-18T06:42:19Z</time>
</trkpt>
<trkpt lat="24.4136447" lon="121.1054279">
<ele>2186.18</ele>
<time>2023-03-18T06:42:25Z</time>
</trkpt>
<trkpt lat="24.4136942" lon="121.1054068">
<ele>2190.22</ele>
<time>2023-03-18T06:42:33Z</time>
</trkpt>
<trkpt lat="24.4137422" lon="121.1053982">
<ele>2190.34</ele>
<time>2023-03-18T06:42:41Z</time>
</trkpt>
<trkpt lat="24.4138093" lon="121.1054026">
<ele>2187.68</ele>
<time>2023-03-18T06:42:51Z</time>
</trkpt>
<trkpt lat="24.4138582" lon="121.1053848">
<ele>2185.40</ele>
<time>2023-03-18T06:42:59Z</time>
</trkpt>
<trkpt lat="24.4138685" lon="121.1054378">
<ele>2182.80</ele>
<time>2023-03-18T06:43:07Z</time>
</trkpt>
<trkpt lat="24.4138772" lon="121.1054962">
<ele>2180.37</ele>
<time>2023-03-18T06:43:13Z</time>
</trkpt>
<trkpt lat="24.4139352" lon="121.1055086">
<ele>2178.56</ele>
<time>2023-03-18T06:43:19Z</time>
</trkpt>
<trkpt lat="24.4139784" lon="121.1055250">
<ele>2176.55</ele>
<time>2023-03-18T06:43:25Z</time>
</trkpt>
<trkpt lat="24.4140257" lon="121.1054971">
<ele>2177.59</ele>
<time>2023-03-18T06:43:31Z</time>
</trkpt>
<trkpt lat="24.4140630" lon="121.1055259">
<ele>2175.74</ele>
<time>2023-03-18T06:43:37Z</time>
</trkpt>
<trkpt lat="24.4141093" lon="121.1055149">
<ele>2174.79</ele>
<time>2023-03-18T06:43:47Z</time>
</trkpt>
<trkpt lat="24.4141565" lon="121.1054702">
<ele>2173.57</ele>
<time>2023-03-18T06:43:55Z</time>
</trkpt>
<trkpt lat="24.4142122" lon="121.1054857">
<ele>2171.46</ele>
<time>2023-03-18T06:44:03Z</time>
</trkpt>
<trkpt lat="24.4142583" lon="121.1054561">
<ele>2169.98</ele>
<time>2023-03-18T06:44:11Z</time>
</trkpt>
<trkpt lat="24.4143160" lon="121.1054576">
<ele>2170.73</ele>
<time>2023-03-18T06:44:19Z</time>
</trkpt>
<trkpt lat="24.4143630" lon="121.1054397">
<ele>2172.79</ele>
<time>2023-03-18T06:44:27Z</time>
</trkpt>
<trkpt lat="24.4143965" lon="121.1054774">
<ele>2173.01</ele>
<time>2023-03-18T06:44:35Z</time>
</trkpt>
<trkpt lat="24.4144224" lon="121.1055236">
<ele>2175.00</ele>
<time>2023-03-18T06:44:45Z</time>
</trkpt>
<trkpt lat="24.4144722" lon="121.1055173">
<ele>2172.87</ele>
<time>2023-03-18T06:44:53Z</time>
</trkpt>
<trkpt lat="24.4145151" lon="121.1054861">
<ele>2170.90</ele>
<time>2023-03-18T06:45:01Z</time>
</trkpt>
<trkpt lat="24.4145466" lon="121.1054378">
<ele>2171.96</ele>
<time>2023-03-18T06:45:09Z</time>
</trkpt>
<trkpt lat="24.4145921" lon="121.1054841">
<ele>2169.35</ele>
<time>2023-03-18T06:45:17Z</time>
</trkpt>
<trkpt lat="24.4146217" lon="121.1055260">
<ele>2167.66</ele>
<time>2023-03-18T06:45:25Z</time>
</trkpt>
<trkpt lat="24.4146660" lon="121.1055511">
<ele>2170.95</ele>
<time>2023-03-18T06:45:33Z</time>
</trkpt>
<trkpt lat="24.4147062" lon="121.1055838">
<ele>2171.79</ele>
<time>2023-03-18T06:45:41Z</time>
</trkpt>
<trkpt lat="24.4147521" lon="121.1056096">
<ele>2171.89</ele>
<time>2023-03-18T06:45:49Z</time>
</trkpt>
<trkpt lat="24.4148103" lon="121.1056246">
<ele>2172.42</ele>
<time>2023-03-18T06:45:57Z</time>
</trkpt>
<trkpt lat="24.4148358" lon="121.1055670">
<ele>2170.84</ele>
<time>2023-03-18T06:46:07Z</time>
</trkpt>
<trkpt lat="24.4148726" lon="121.1055225">
<ele>2171.94</ele>
<time>2023-03-18T06:46:15Z</time>
</trkpt>
<trkpt lat="24.4149221" lon="121.1055035">
<ele>2163.15</ele>
<time>2023-03-18T06:46:25Z</time>
</trkpt>
<trkpt lat="24.4149561" lon="121.1054665">
<ele>2162.43</ele>
<time>2023-03-18T06:46:31Z</time>
</trkpt>
<trkpt lat="24.4149982" lon="121.1054348">
<ele>2160.94</ele>
<time>2023-03-18T06:46:45Z</time>
</trkpt>
<trkpt lat="24.4150312" lon="121.1054688">
<ele>2159.09</ele>
<time>2023-03-18T06:46:49Z</time>
</trkpt>
<trkpt lat="24.4150772" lon="121.1055094">
<ele>2157.62</ele>
<time>2023-03-18T06:46:57Z</time>
</trkpt>
<trkpt lat="24.4151215" lon="121.1055220">
<ele>2155.40</ele>
<time>2023-03-18T06:47:03Z</time>
</trkpt>
<trkpt lat="24.4151367" lon="121.1055807">
<ele>2155.53</ele>
<time>2023-03-18T06:47:11Z</time>
</trkpt>
<trkpt lat="24.4151912" lon="121.1056149">
<ele>2154.24</ele>
<time>2023-03-18T06:47:19Z</time>
</trkpt>
<trkpt lat="24.4152356" lon="121.1056325">
<ele>2154.77</ele>
<time>2023-03-18T06:47:25Z</time>
</trkpt>
<trkpt lat="24.4152684" lon="121.1056689">
<ele>2152.42</ele>
<time>2023-03-18T06:47:31Z</time>
</trkpt>
<trkpt lat="24.4153086" lon="121.1056373">
<ele>2151.19</ele>
<time>2023-03-18T06:47:43Z</time>
</trkpt>
<trkpt lat="24.4153219" lon="121.1056990">
<ele>2147.57</ele>
<time>2023-03-18T06:47:49Z</time>
</trkpt>
<trkpt lat="24.4153315" lon="121.1056443">
<ele>2146.81</ele>
<time>2023-03-18T06:47:55Z</time>
</trkpt>
<trkpt lat="24.4153855" lon="121.1057226">
<ele>2140.95</ele>
<time>2023-03-18T06:48:08Z</time>
</trkpt>
<trkpt lat="24.4154180" lon="121.1056702">
<ele>2140.82</ele>
<time>2023-03-18T06:48:12Z</time>
</trkpt>
<trkpt lat="24.4154274" lon="121.1057243">
<ele>2138.16</ele>
<time>2023-03-18T06:48:17Z</time>
</trkpt>
<trkpt lat="24.4154533" lon="121.1057671">
<ele>2138.88</ele>
<time>2023-03-18T06:48:30Z</time>
</trkpt>
<trkpt lat="24.4155067" lon="121.1057819">
<ele>2137.51</ele>
<time>2023-03-18T06:48:33Z</time>
</trkpt>
<trkpt lat="24.4155453" lon="121.1058123">
<ele>2136.61</ele>
<time>2023-03-18T06:48:51Z</time>
</trkpt>
<trkpt lat="24.4155688" lon="121.1058649">
<ele>2128.09</ele>
<time>2023-03-18T06:49:04Z</time>
</trkpt>
<trkpt lat="24.4156036" lon="121.1059011">
<ele>2126.70</ele>
<time>2023-03-18T06:49:14Z</time>
</trkpt>
<trkpt lat="24.4156470" lon="121.1058783">
<ele>2128.59</ele>
<time>2023-03-18T06:49:28Z</time>
</trkpt>
<trkpt lat="24.4156927" lon="121.1059243">
<ele>2124.44</ele>
<time>2023-03-18T06:49:40Z</time>
</trkpt>
<trkpt lat="24.4157462" lon="121.1059470">
<ele>2122.53</ele>
<time>2023-03-18T06:49:56Z</time>
</trkpt>
<trkpt lat="24.4157842" lon="121.1059159">
<ele>2119.65</ele>
<time>2023-03-18T06:50:06Z</time>
</trkpt>
<trkpt lat="24.4158335" lon="121.1059419">
<ele>2113.13</ele>
<time>2023-03-18T06:50:14Z</time>
</trkpt>
<trkpt lat="24.4158705" lon="121.1059096">
<ele>2116.93</ele>
<time>2023-03-18T06:50:22Z</time>
</trkpt>
<trkpt lat="24.4159251" lon="121.1059030">
<ele>2116.77</ele>
<time>2023-03-18T06:50:28Z</time>
</trkpt>
<trkpt lat="24.4159701" lon="121.1059000">
<ele>2112.71</ele>
<time>2023-03-18T06:50:36Z</time>
</trkpt>
<trkpt lat="24.4160055" lon="121.1058663">
<ele>2112.94</ele>
<time>2023-03-18T06:50:42Z</time>
</trkpt>
<trkpt lat="24.4160394" lon="121.1059088">
<ele>2109.35</ele>
<time>2023-03-18T06:50:46Z</time>
</trkpt>
<trkpt lat="24.4160946" lon="121.1059150">
<ele>2107.41</ele>
<time>2023-03-18T06:50:51Z</time>
</trkpt>
<trkpt lat="24.4161399" lon="121.1059688">
<ele>2106.39</ele>
<time>2023-03-18T06:50:56Z</time>
</trkpt>
<trkpt lat="24.4161785" lon="121.1060146">
<ele>2107.02</ele>
<time>2023-03-18T06:51:01Z</time>
</trkpt>
<trkpt lat="24.4162027" lon="121.1060678">
<ele>2107.11</ele>
<time>2023-03-18T06:51:06Z</time>
</trkpt>
<trkpt lat="24.4162456" lon="121.1060929">
<ele>2108.27</ele>
<time>2023-03-18T06:51:12Z</time>
</trkpt>
<trkpt lat="24.4162863" lon="121.1061290">
<ele>2106.10</ele>
<time>2023-03-18T06:51:20Z</time>
</trkpt>
<trkpt lat="24.4163309" lon="121.1061508">
<ele>2106.04</ele>
<time>2023-03-18T06:51:28Z</time>
</trkpt>
<trkpt lat="24.4163803" lon="121.1061677">
<ele>2107.67</ele>
<time>2023-03-18T06:51:38Z</time>
</trkpt>
<trkpt lat="24.4164232" lon="121.1062073">
<ele>2106.07</ele>
<time>2023-03-18T06:51:48Z</time>
</trkpt>
<trkpt lat="24.4164740" lon="121.1062325">
<ele>2105.72</ele>
<time>2023-03-18T06:51:54Z</time>
</trkpt>
<trkpt lat="24.4165229" lon="121.1062122">
<ele>2105.93</ele>
<time>2023-03-18T06:52:04Z</time>
</trkpt>
<trkpt lat="24.4165689" lon="121.1062363">
<ele>2101.99</ele>
<time>2023-03-18T06:52:10Z</time>
</trkpt>
<trkpt lat="24.4165978" lon="121.1062809">
<ele>2100.42</ele>
<time>2023-03-18T06:52:16Z</time>
</trkpt>
<trkpt lat="24.4166420" lon="121.1063013">
<ele>2100.11</ele>
<time>2023-03-18T06:52:22Z</time>
</trkpt>
<trkpt lat="24.4167123" lon="121.1063114">
<ele>2101.66</ele>
<time>2023-03-18T06:52:30Z</time>
</trkpt>
<trkpt lat="24.4167577" lon="121.1063464">
<ele>2097.01</ele>
<time>2023-03-18T06:52:38Z</time>
</trkpt>
<trkpt lat="24.4168042" lon="121.1063791">
<ele>2095.89</ele>
<time>2023-03-18T06:52:44Z</time>
</trkpt>
<trkpt lat="24.4168492" lon="121.1064002">
<ele>2093.98</ele>
<time>2023-03-18T06:52:56Z</time>
</trkpt>
<trkpt lat="24.4168864" lon="121.1063526">
<ele>2089.17</ele>
<time>2023-03-18T06:53:14Z</time>
</trkpt>
<trkpt lat="24.4169328" lon="121.1063675">
<ele>2079.24</ele>
<time>2023-03-18T06:53:30Z</time>
</trkpt>
<trkpt lat="24.4169800" lon="121.1063872">
<ele>2081.38</ele>
<time>2023-03-18T06:53:34Z</time>
</trkpt>
<trkpt lat="24.4170081" lon="121.1063482">
<ele>2079.27</ele>
<time>2023-03-18T06:53:52Z</time>
</trkpt>
<trkpt lat="24.4170567" lon="121.1063434">
<ele>2078.06</ele>
<time>2023-03-18T06:54:02Z</time>
</trkpt>
<trkpt lat="24.4170657" lon="121.1063965">
<ele>2073.74</ele>
<time>2023-03-18T06:54:20Z</time>
</trkpt>
<trkpt lat="24.4170125" lon="121.1063734">
<ele>2060.41</ele>
<time>2023-03-18T06:54:26Z</time>
</trkpt>
<trkpt lat="24.4170574" lon="121.1063948">
<ele>2061.77</ele>
<time>2023-03-18T06:54:34Z</time>
</trkpt>
<trkpt lat="24.4171171" lon="121.1063912">
<ele>2063.52</ele>
<time>2023-03-18T06:54:38Z</time>
</trkpt>
<trkpt lat="24.4171552" lon="121.1063537">
<ele>2063.15</ele>
<time>2023-03-18T06:54:44Z</time>
</trkpt>
<trkpt lat="24.4171978" lon="121.1063800">
<ele>2061.86</ele>
<time>2023-03-18T06:54:50Z</time>
</trkpt>
<trkpt lat="24.4172433" lon="121.1064148">
<ele>2063.18</ele>
<time>2023-03-18T06:54:56Z</time>
</trkpt>
<trkpt lat="24.4172925" lon="121.1063993">
<ele>2061.62</ele>
<time>2023-03-18T06:55:08Z</time>
</trkpt>
<trkpt lat="24.4173477" lon="121.1063633">
<ele>2057.36</ele>
<time>2023-03-18T06:55:18Z</time>
</trkpt>
<trkpt lat="24.4174049" lon="121.1063770">
<ele>2058.08</ele>
<time>2023-03-18T06:55:22Z</time>
</trkpt>
<trkpt lat="24.4174515" lon="121.1064022">
<ele>2056.00</ele>
<time>2023-03-18T06:55:28Z</time>
</trkpt>
<trkpt lat="24.4175003" lon="121.1063674">
<ele>2056.61</ele>
<time>2023-03-18T06:55:34Z</time>
</trkpt>
<trkpt lat="24.4175439" lon="121.1063952">
<ele>2056.59</ele>
<time>2023-03-18T06:55:42Z</time>
</trkpt>
<trkpt lat="24.4175724" lon="121.1064569">
<ele>2057.90</ele>
<time>2023-03-18T06:55:52Z</time>
</trkpt>
<trkpt lat="24.4176082" lon="121.1064954">
<ele>2057.67</ele>
<time>2023-03-18T06:55:58Z</time>
</trkpt>
<trkpt lat="24.4176510" lon="121.1065126">
<ele>2057.24</ele>
<time>2023-03-18T06:56:04Z</time>
</trkpt>
<trkpt lat="24.4176955" lon="121.1065339">
<ele>2057.28</ele>
<time>2023-03-18T06:56:12Z</time>
</trkpt>
<trkpt lat="24.4177089" lon="121.1065991">
<ele>2056.58</ele>
<time>2023-03-18T06:56:18Z</time>
</trkpt>
<trkpt lat="24.4177429" lon="121.1066368">
<ele>2055.75</ele>
<time>2023-03-18T06:56:24Z</time>
</trkpt>
<trkpt lat="24.4177731" lon="121.1065893">
<ele>2053.64</ele>
<time>2023-03-18T06:56:32Z</time>
</trkpt>
<trkpt lat="24.4177960" lon="121.1065457">
<ele>2051.35</ele>
<time>2023-03-18T06:56:38Z</time>
</trkpt>
<trkpt lat="24.4178337" lon="121.1065810">
<ele>2047.58</ele>
<time>2023-03-18T06:56:48Z</time>
</trkpt>
<trkpt lat="24.4178833" lon="121.1065297">
<ele>2050.98</ele>
<time>2023-03-18T06:56:54Z</time>
</trkpt>
<trkpt lat="24.4179297" lon="121.1065350">
<ele>2046.54</ele>
<time>2023-03-18T06:57:00Z</time>
</trkpt>
<trkpt lat="24.4179724" lon="121.1064986">
<ele>2049.47</ele>
<time>2023-03-18T06:57:06Z</time>
</trkpt>
<trkpt lat="24.4180217" lon="121.1065118">
<ele>2046.61</ele>
<time>2023-03-18T06:57:12Z</time>
</trkpt>
<trkpt lat="24.4180599" lon="121.1065642">
<ele>2046.36</ele>
<time>2023-03-18T06:57:20Z</time>
</trkpt>
<trkpt lat="24.4181023" lon="121.1065911">
<ele>2044.71</ele>
<time>2023-03-18T06:57:26Z</time>
</trkpt>
<trkpt lat="24.4181483" lon="121.1066161">
<ele>2044.02</ele>
<time>2023-03-18T06:57:32Z</time>
</trkpt>
<trkpt lat="24.4181993" lon="121.1066267">
<ele>2043.83</ele>
<time>2023-03-18T06:57:40Z</time>
</trkpt>
<trkpt lat="24.4182737" lon="121.1066531">
<ele>2043.55</ele>
<time>2023-03-18T06:57:50Z</time>
</trkpt>
<trkpt lat="24.4183190" lon="121.1066388">
<ele>2040.79</ele>
<time>2023-03-18T06:57:58Z</time>
</trkpt>
<trkpt lat="24.4183652" lon="121.1066236">
<ele>2036.92</ele>
<time>2023-03-18T06:58:06Z</time>
</trkpt>
<trkpt lat="24.4184183" lon="121.1065947">
<ele>2037.58</ele>
<time>2023-03-18T06:58:14Z</time>
</trkpt>
<trkpt lat="24.4184626" lon="121.1065767">
<ele>2036.61</ele>
<time>2023-03-18T06:58:20Z</time>
</trkpt>
<trkpt lat="24.4185044" lon="121.1065417">
<ele>2034.29</ele>
<time>2023-03-18T06:58:32Z</time>
</trkpt>
<trkpt lat="24.4185594" lon="121.1065233">
<ele>2032.64</ele>
<time>2023-03-18T06:58:38Z</time>
</trkpt>
<trkpt lat="24.4186120" lon="121.1065155">
<ele>2031.53</ele>
<time>2023-03-18T06:58:46Z</time>
</trkpt>
<trkpt lat="24.4186622" lon="121.1065315">
<ele>2029.54</ele>
<time>2023-03-18T06:58:52Z</time>
</trkpt>
<trkpt lat="24.4187178" lon="121.1065089">
<ele>2029.77</ele>
<time>2023-03-18T06:59:04Z</time>
</trkpt>
<trkpt lat="24.4187691" lon="121.1065495">
<ele>2027.65</ele>
<time>2023-03-18T06:59:10Z</time>
</trkpt>
<trkpt lat="24.4188222" lon="121.1065353">
<ele>2025.85</ele>
<time>2023-03-18T06:59:18Z</time>
</trkpt>
<trkpt lat="24.4188658" lon="121.1065205">
<ele>2026.49</ele>
<time>2023-03-18T06:59:24Z</time>
</trkpt>
<trkpt lat="24.4189181" lon="121.1065359">
<ele>2025.84</ele>
<time>2023-03-18T06:59:30Z</time>
</trkpt>
<trkpt lat="24.4189772" lon="121.1065555">
<ele>2025.17</ele>
<time>2023-03-18T06:59:38Z</time>
</trkpt>
<trkpt lat="24.4190366" lon="121.1065558">
<ele>2024.42</ele>
<time>2023-03-18T06:59:46Z</time>
</trkpt>
<trkpt lat="24.4190797" lon="121.1065262">
<ele>2024.10</ele>
<time>2023-03-18T06:59:50Z</time>
</trkpt>
<trkpt lat="24.4191066" lon="121.1065700">
<ele>2022.46</ele>
<time>2023-03-18T06:59:54Z</time>
</trkpt>
<trkpt lat="24.4191233" lon="121.1066347">
<ele>2022.35</ele>
<time>2023-03-18T07:00:00Z</time>
</trkpt>
<trkpt lat="24.4191683" lon="121.1066161">
<ele>2019.47</ele>
<time>2023-03-18T07:00:16Z</time>
</trkpt>
<trkpt lat="24.4192188" lon="121.1065986">
<ele>2017.95</ele>
<time>2023-03-18T07:00:30Z</time>
</trkpt>
<trkpt lat="24.4192744" lon="121.1065791">
<ele>2014.72</ele>
<time>2023-03-18T07:00:38Z</time>
</trkpt>
<trkpt lat="24.4193071" lon="121.1065450">
<ele>2012.99</ele>
<time>2023-03-18T07:00:48Z</time>
</trkpt>
<trkpt lat="24.4193487" lon="121.1065820">
<ele>2010.50</ele>
<time>2023-03-18T07:00:56Z</time>
</trkpt>
<trkpt lat="24.4194030" lon="121.1065968">
<ele>2011.35</ele>
<time>2023-03-18T07:01:04Z</time>
</trkpt>
<trkpt lat="24.4194650" lon="121.1066047">
<ele>2007.26</ele>
<time>2023-03-18T07:01:18Z</time>
</trkpt>
<trkpt lat="24.4195155" lon="121.1066161">
<ele>2006.01</ele>
<time>2023-03-18T07:01:24Z</time>
</trkpt>
<trkpt lat="24.4195763" lon="121.1065867">
<ele>2007.42</ele>
<time>2023-03-18T07:01:30Z</time>
</trkpt>
<trkpt lat="24.4195887" lon="121.1066491">
<ele>2008.00</ele>
<time>2023-03-18T07:01:40Z</time>
</trkpt>
<trkpt lat="24.4195378" lon="121.1066808">
<ele>2008.27</ele>
<time>2023-03-18T07:01:44Z</time>
</trkpt>
<trkpt lat="24.4195925" lon="121.1066933">
<ele>2005.27</ele>
<time>2023-03-18T07:02:00Z</time>
</trkpt>
<trkpt lat="24.4196457" lon="121.1067120">
<ele>2005.07</ele>
<time>2023-03-18T07:02:08Z</time>
</trkpt>
<trkpt lat="24.4196905" lon="121.1067492">
<ele>2006.51</ele>
<time>2023-03-18T07:02:18Z</time>
</trkpt>
<trkpt lat="24.4197435" lon="121.1067423">
<ele>2005.16</ele>
<time>2023-03-18T07:02:24Z</time>
</trkpt>
<trkpt lat="24.4198056" lon="121.1067469">
<ele>2003.47</ele>
<time>2023-03-18T07:02:32Z</time>
</trkpt>
<trkpt lat="24.4198440" lon="121.1067118">
<ele>2002.81</ele>
<time>2023-03-18T07:02:42Z</time>
</trkpt>
<trkpt lat="24.4198833" lon="121.1066822">
<ele>2002.07</ele>
<time>2023-03-18T07:02:52Z</time>
</trkpt>
<trkpt lat="24.4199211" lon="121.1067286">
<ele>1995.97</ele>
<time>2023-03-18T07:03:04Z</time>
</trkpt>
<trkpt lat="24.4199748" lon="121.1067318">
<ele>1994.77</ele>
<time>2023-03-18T07:03:14Z</time>
</trkpt>
<trkpt lat="24.4199989" lon="121.1066833">
<ele>1995.27</ele>
<time>2023-03-18T07:03:24Z</time>
</trkpt>
<trkpt lat="24.4200419" lon="121.1066563">
<ele>1987.98</ele>
<time>2023-03-18T07:03:38Z</time>
</trkpt>
<trkpt lat="24.4200860" lon="121.1066740">
<ele>1984.86</ele>
<time>2023-03-18T07:03:46Z</time>
</trkpt>
<trkpt lat="24.4201368" lon="121.1066695">
<ele>1983.27</ele>
<time>2023-03-18T07:03:52Z</time>
</trkpt>
<trkpt lat="24.4201768" lon="121.1067006">
<ele>1982.06</ele>
<time>2023-03-18T07:04:00Z</time>
</trkpt>
<trkpt lat="24.4201969" lon="121.1067631">
<ele>1982.10</ele>
<time>2023-03-18T07:04:06Z</time>
</trkpt>
<trkpt lat="24.4201953" lon="121.1068311">
<ele>1978.26</ele>
<time>2023-03-18T07:04:24Z</time>
</trkpt>
<trkpt lat="24.4202191" lon="121.1068756">
<ele>1977.13</ele>
<time>2023-03-18T07:04:30Z</time>
</trkpt>
<trkpt lat="24.4202526" lon="121.1068396">
<ele>1976.10</ele>
<time>2023-03-18T07:04:50Z</time>
</trkpt>
<trkpt lat="24.4202865" lon="121.1068963">
<ele>1974.49</ele>
<time>2023-03-18T07:05:08Z</time>
</trkpt>
<trkpt lat="24.4203446" lon="121.1068996">
<ele>1973.31</ele>
<time>2023-03-18T07:05:14Z</time>
</trkpt>
<trkpt lat="24.4204054" lon="121.1069128">
<ele>1966.02</ele>
<time>2023-03-18T07:05:24Z</time>
</trkpt>
<trkpt lat="24.4204324" lon="121.1069540">
<ele>1964.34</ele>
<time>2023-03-18T07:05:30Z</time>
</trkpt>
<trkpt lat="24.4204887" lon="121.1069747">
<ele>1961.81</ele>
<time>2023-03-18T07:05:38Z</time>
</trkpt>
<trkpt lat="24.4205389" lon="121.1069958">
<ele>1959.18</ele>
<time>2023-03-18T07:05:46Z</time>
</trkpt>
<trkpt lat="24.4205769" lon="121.1070317">
<ele>1958.16</ele>
<time>2023-03-18T07:05:52Z</time>
</trkpt>
<trkpt lat="24.4206141" lon="121.1070646">
<ele>1958.19</ele>
<time>2023-03-18T07:05:58Z</time>
</trkpt>
<trkpt lat="24.4206533" lon="121.1070972">
<ele>1957.72</ele>
<time>2023-03-18T07:06:04Z</time>
</trkpt>
<trkpt lat="24.4207052" lon="121.1071193">
<ele>1958.10</ele>
<time>2023-03-18T07:06:12Z</time>
</trkpt>
<trkpt lat="24.4207631" lon="121.1071334">
<ele>1958.78</ele>
<time>2023-03-18T07:06:18Z</time>
</trkpt>
<trkpt lat="24.4208110" lon="121.1071230">
<ele>1959.24</ele>
<time>2023-03-18T07:06:26Z</time>
</trkpt>
<trkpt lat="24.4208535" lon="121.1071404">
<ele>1960.79</ele>
<time>2023-03-18T07:06:34Z</time>
</trkpt>
<trkpt lat="24.4208966" lon="121.1071779">
<ele>1961.33</ele>
<time>2023-03-18T07:06:42Z</time>
</trkpt>
<trkpt lat="24.4209388" lon="121.1071554">
<ele>1958.53</ele>
<time>2023-03-18T07:07:04Z</time>
</trkpt>
<trkpt lat="24.4209861" lon="121.1071636">
<ele>1959.56</ele>
<time>2023-03-18T07:07:10Z</time>
</trkpt>
<trkpt lat="24.4210079" lon="121.1072228">
<ele>1959.90</ele>
<time>2023-03-18T07:07:14Z</time>
</trkpt>
<trkpt lat="24.4210210" lon="121.1072891">
<ele>1961.13</ele>
<time>2023-03-18T07:07:20Z</time>
</trkpt>
<trkpt lat="24.4210475" lon="121.1073384">
<ele>1959.35</ele>
<time>2023-03-18T07:07:30Z</time>
</trkpt>
<trkpt lat="24.4210514" lon="121.1072798">
<ele>1958.48</ele>
<time>2023-03-18T07:07:48Z</time>
</trkpt>
<trkpt lat="24.4210713" lon="121.1072188">
<ele>1960.23</ele>
<time>2023-03-18T07:07:54Z</time>
</trkpt>
<trkpt lat="24.4210622" lon="121.1071665">
<ele>1963.33</ele>
<time>2023-03-18T07:08:00Z</time>
</trkpt>
<trkpt lat="24.4210306" lon="121.1071184">
<ele>1966.11</ele>
<time>2023-03-18T07:08:06Z</time>
</trkpt>
<trkpt lat="24.4210684" lon="121.1071510">
<ele>1961.71</ele>
<time>2023-03-18T07:08:20Z</time>
</trkpt>
<trkpt lat="24.4211284" lon="121.1071704">
<ele>1959.91</ele>
<time>2023-03-18T07:08:26Z</time>
</trkpt>
<trkpt lat="24.4211771" lon="121.1071946">
<ele>1959.81</ele>
<time>2023-03-18T07:08:32Z</time>
</trkpt>
<trkpt lat="24.4212040" lon="121.1071461">
<ele>1958.44</ele>
<time>2023-03-18T07:08:38Z</time>
</trkpt>
<trkpt lat="24.4212534" lon="121.1070995">
<ele>1956.30</ele>
<time>2023-03-18T07:08:44Z</time>
</trkpt>
<trkpt lat="24.4212933" lon="121.1070593">
<ele>1956.46</ele>
<time>2023-03-18T07:08:50Z</time>
</trkpt>
<trkpt lat="24.4213216" lon="121.1070140">
<ele>1952.33</ele>
<time>2023-03-18T07:09:00Z</time>
</trkpt>
<trkpt lat="24.4213670" lon="121.1070062">
<ele>1953.22</ele>
<time>2023-03-18T07:09:14Z</time>
</trkpt>
<trkpt lat="24.4213784" lon="121.1070642">
<ele>1951.81</ele>
<time>2023-03-18T07:09:20Z</time>
</trkpt>
<trkpt lat="24.4213836" lon="121.1071190">
<ele>1952.47</ele>
<time>2023-03-18T07:09:28Z</time>
</trkpt>
<trkpt lat="24.4214220" lon="121.1071490">
<ele>1953.41</ele>
<time>2023-03-18T07:09:38Z</time>
</trkpt>
<trkpt lat="24.4214655" lon="121.1071631">
<ele>1953.10</ele>
<time>2023-03-18T07:09:50Z</time>
</trkpt>
<trkpt lat="24.4215176" lon="121.1071332">
<ele>1952.52</ele>
<time>2023-03-18T07:09:58Z</time>
</trkpt>
<trkpt lat="24.4215600" lon="121.1071567">
<ele>1956.00</ele>
<time>2023-03-18T07:10:08Z</time>
</trkpt>
<trkpt lat="24.4215532" lon="121.1071014">
<ele>1960.53</ele>
<time>2023-03-18T07:10:14Z</time>
</trkpt>
<trkpt lat="24.4214973" lon="121.1070974">
<ele>1962.29</ele>
<time>2023-03-18T07:10:18Z</time>
</trkpt>
<trkpt lat="24.4214671" lon="121.1071353">
<ele>1960.94</ele>
<time>2023-03-18T07:10:24Z</time>
</trkpt>
<trkpt lat="24.4215305" lon="121.1071446">
<ele>1961.06</ele>
<time>2023-03-18T07:10:38Z</time>
</trkpt>
<trkpt lat="24.4215737" lon="121.1071641">
<ele>1958.43</ele>
<time>2023-03-18T07:10:44Z</time>
</trkpt>
<trkpt lat="24.4215933" lon="121.1072154">
<ele>1956.77</ele>
<time>2023-03-18T07:10:52Z</time>
</trkpt>
<trkpt lat="24.4216118" lon="121.1072653">
<ele>1956.44</ele>
<time>2023-03-18T07:10:58Z</time>
</trkpt>
<trkpt lat="24.4216046" lon="121.1073152">
<ele>1958.39</ele>
<time>2023-03-18T07:11:24Z</time>
</trkpt>
<trkpt lat="24.4216463" lon="121.1073419">
<ele>1956.98</ele>
<time>2023-03-18T07:11:28Z</time>
</trkpt>
<trkpt lat="24.4216934" lon="121.1073525">
<ele>1957.12</ele>
<time>2023-03-18T07:11:36Z</time>
</trkpt>
<trkpt lat="24.4217294" lon="121.1073196">
<ele>1960.05</ele>
<time>2023-03-18T07:11:46Z</time>
</trkpt>
<trkpt lat="24.4217793" lon="121.1073341">
<ele>1958.84</ele>
<time>2023-03-18T07:11:52Z</time>
</trkpt>
<trkpt lat="24.4218059" lon="121.1073781">
<ele>1958.55</ele>
<time>2023-03-18T07:12:00Z</time>
</trkpt>
<trkpt lat="24.4218597" lon="121.1073720">
<ele>1957.75</ele>
<time>2023-03-18T07:12:08Z</time>
</trkpt>
<trkpt lat="24.4219112" lon="121.1073896">
<ele>1957.44</ele>
<time>2023-03-18T07:12:16Z</time>
</trkpt>
<trkpt lat="24.4219490" lon="121.1074392">
<ele>1958.30</ele>
<time>2023-03-18T07:12:24Z</time>
</trkpt>
<trkpt lat="24.4219938" lon="121.1074272">
<ele>1960.27</ele>
<time>2023-03-18T07:12:32Z</time>
</trkpt>
<trkpt lat="24.4220422" lon="121.1074268">
<ele>1961.11</ele>
<time>2023-03-18T07:12:43Z</time>
</trkpt>
<trkpt lat="24.4220434" lon="121.1074892">
<ele>1957.10</ele>
<time>2023-03-18T07:21:41Z</time>
</trkpt>
<trkpt lat="24.4220239" lon="121.1075525">
<ele>1956.36</ele>
<time>2023-03-18T07:21:49Z</time>
</trkpt>
<trkpt lat="24.4220647" lon="121.1075923">
<ele>1956.59</ele>
<time>2023-03-18T07:21:53Z</time>
</trkpt>
<trkpt lat="24.4221249" lon="121.1076303">
<ele>1954.70</ele>
<time>2023-03-18T07:21:59Z</time>
</trkpt>
<trkpt lat="24.4221757" lon="121.1076542">
<ele>1952.39</ele>
<time>2023-03-18T07:22:09Z</time>
</trkpt>
<trkpt lat="24.4222100" lon="121.1076192">
<ele>1944.81</ele>
<time>2023-03-18T07:22:15Z</time>
</trkpt>
<trkpt lat="24.4222471" lon="121.1076617">
<ele>1942.20</ele>
<time>2023-03-18T07:22:23Z</time>
</trkpt>
<trkpt lat="24.4222548" lon="121.1077231">
<ele>1942.45</ele>
<time>2023-03-18T07:22:27Z</time>
</trkpt>
<trkpt lat="24.4222885" lon="121.1077563">
<ele>1943.43</ele>
<time>2023-03-18T07:22:33Z</time>
</trkpt>
<trkpt lat="24.4223286" lon="121.1077177">
<ele>1937.50</ele>
<time>2023-03-18T07:22:41Z</time>
</trkpt>
<trkpt lat="24.4223747" lon="121.1077441">
<ele>1934.58</ele>
<time>2023-03-18T07:22:47Z</time>
</trkpt>
<trkpt lat="24.4224174" lon="121.1077186">
<ele>1933.26</ele>
<time>2023-03-18T07:22:55Z</time>
</trkpt>
<trkpt lat="24.4224712" lon="121.1076939">
<ele>1930.61</ele>
<time>2023-03-18T07:23:01Z</time>
</trkpt>
<trkpt lat="24.4225199" lon="121.1076779">
<ele>1928.90</ele>
<time>2023-03-18T07:23:05Z</time>
</trkpt>
<trkpt lat="24.4225770" lon="121.1076792">
<ele>1926.06</ele>
<time>2023-03-18T07:23:09Z</time>
</trkpt>
<trkpt lat="24.4226564" lon="121.1076917">
<ele>1925.01</ele>
<time>2023-03-18T07:23:15Z</time>
</trkpt>
<trkpt lat="24.4227124" lon="121.1077131">
<ele>1925.19</ele>
<time>2023-03-18T07:23:21Z</time>
</trkpt>
<trkpt lat="24.4227631" lon="121.1077397">
<ele>1921.69</ele>
<time>2023-03-18T07:23:29Z</time>
</trkpt>
<trkpt lat="24.4227947" lon="121.1077842">
<ele>1918.22</ele>
<time>2023-03-18T07:23:41Z</time>
</trkpt>
<trkpt lat="24.4228444" lon="121.1077847">
<ele>1917.49</ele>
<time>2023-03-18T07:23:47Z</time>
</trkpt>
<trkpt lat="24.4228963" lon="121.1077897">
<ele>1914.40</ele>
<time>2023-03-18T07:23:53Z</time>
</trkpt>
<trkpt lat="24.4229433" lon="121.1077999">
<ele>1914.16</ele>
<time>2023-03-18T07:23:57Z</time>
</trkpt>
<trkpt lat="24.4229917" lon="121.1078173">
<ele>1914.84</ele>
<time>2023-03-18T07:24:05Z</time>
</trkpt>
<trkpt lat="24.4230385" lon="121.1078258">
<ele>1916.73</ele>
<time>2023-03-18T07:24:13Z</time>
</trkpt>
<trkpt lat="24.4230648" lon="121.1078670">
<ele>1925.11</ele>
<time>2023-03-18T07:24:27Z</time>
</trkpt>
<trkpt lat="24.4231135" lon="121.1078775">
<ele>1922.92</ele>
<time>2023-03-18T07:24:39Z</time>
</trkpt>
<trkpt lat="24.4231503" lon="121.1079098">
<ele>1923.01</ele>
<time>2023-03-18T07:24:45Z</time>
</trkpt>
<trkpt lat="24.4231886" lon="121.1079417">
<ele>1923.58</ele>
<time>2023-03-18T07:24:51Z</time>
</trkpt>
<trkpt lat="24.4232254" lon="121.1079825">
<ele>1922.17</ele>
<time>2023-03-18T07:25:01Z</time>
</trkpt>
<trkpt lat="24.4232597" lon="121.1080201">
<ele>1922.80</ele>
<time>2023-03-18T07:25:09Z</time>
</trkpt>
<trkpt lat="24.4233044" lon="121.1080558">
<ele>1919.71</ele>
<time>2023-03-18T07:25:21Z</time>
</trkpt>
<trkpt lat="24.4233549" lon="121.1080479">
<ele>1919.51</ele>
<time>2023-03-18T07:26:15Z</time>
</trkpt>
<trkpt lat="24.4233961" lon="121.1080866">
<ele>1917.99</ele>
<time>2023-03-18T07:26:23Z</time>
</trkpt>
<trkpt lat="24.4234431" lon="121.1080929">
<ele>1915.26</ele>
<time>2023-03-18T07:26:33Z</time>
</trkpt>
<trkpt lat="24.4234665" lon="121.1081399">
<ele>1913.70</ele>
<time>2023-03-18T07:26:39Z</time>
</trkpt>
<trkpt lat="24.4234451" lon="121.1082012">
<ele>1913.92</ele>
<time>2023-03-18T07:26:47Z</time>
</trkpt>
<trkpt lat="24.4234232" lon="121.1082475">
<ele>1912.42</ele>
<time>2023-03-18T07:26:55Z</time>
</trkpt>
<trkpt lat="24.4234370" lon="121.1083006">
<ele>1916.42</ele>
<time>2023-03-18T07:27:01Z</time>
</trkpt>
<trkpt lat="24.4234835" lon="121.1083197">
<ele>1915.30</ele>
<time>2023-03-18T07:27:07Z</time>
</trkpt>
<trkpt lat="24.4235407" lon="121.1083240">
<ele>1914.23</ele>
<time>2023-03-18T07:27:13Z</time>
</trkpt>
<trkpt lat="24.4235872" lon="121.1083293">
<ele>1914.89</ele>
<time>2023-03-18T07:27:19Z</time>
</trkpt>
<trkpt lat="24.4236336" lon="121.1083581">
<ele>1912.88</ele>
<time>2023-03-18T07:27:25Z</time>
</trkpt>
<trkpt lat="24.4236845" lon="121.1083633">
<ele>1912.26</ele>
<time>2023-03-18T07:27:33Z</time>
</trkpt>
<trkpt lat="24.4237319" lon="121.1083488">
<ele>1909.30</ele>
<time>2023-03-18T07:27:39Z</time>
</trkpt>
<trkpt lat="24.4237782" lon="121.1083394">
<ele>1907.54</ele>
<time>2023-03-18T07:27:45Z</time>
</trkpt>
<trkpt lat="24.4238369" lon="121.1083157">
<ele>1903.72</ele>
<time>2023-03-18T07:27:53Z</time>
</trkpt>
<trkpt lat="24.4238328" lon="121.1083850">
<ele>1904.86</ele>
<time>2023-03-18T07:27:57Z</time>
</trkpt>
<trkpt lat="24.4238811" lon="121.1083612">
<ele>1900.64</ele>
<time>2023-03-18T07:28:03Z</time>
</trkpt>
<trkpt lat="24.4239225" lon="121.1083391">
<ele>1898.65</ele>
<time>2023-03-18T07:28:09Z</time>
</trkpt>
<trkpt lat="24.4239756" lon="121.1083281">
<ele>1898.60</ele>
<time>2023-03-18T07:28:15Z</time>
</trkpt>
<trkpt lat="24.4240244" lon="121.1083096">
<ele>1895.13</ele>
<time>2023-03-18T07:28:25Z</time>
</trkpt>
<trkpt lat="24.4240727" lon="121.1083053">
<ele>1893.86</ele>
<time>2023-03-18T07:28:31Z</time>
</trkpt>
<trkpt lat="24.4241285" lon="121.1083231">
<ele>1893.25</ele>
<time>2023-03-18T07:28:39Z</time>
</trkpt>
<trkpt lat="24.4241755" lon="121.1083391">
<ele>1889.82</ele>
<time>2023-03-18T07:28:47Z</time>
</trkpt>
<trkpt lat="24.4242331" lon="121.1083374">
<ele>1888.14</ele>
<time>2023-03-18T07:28:55Z</time>
</trkpt>
<trkpt lat="24.4242825" lon="121.1083396">
<ele>1888.62</ele>
<time>2023-03-18T07:29:03Z</time>
</trkpt>
<trkpt lat="24.4242759" lon="121.1083907">
<ele>1890.52</ele>
<time>2023-03-18T07:29:15Z</time>
</trkpt>
<trkpt lat="24.4243170" lon="121.1084423">
<ele>1890.04</ele>
<time>2023-03-18T07:29:23Z</time>
</trkpt>
<trkpt lat="24.4243753" lon="121.1084598">
<ele>1889.20</ele>
<time>2023-03-18T07:29:29Z</time>
</trkpt>
<trkpt lat="24.4244281" lon="121.1084785">
<ele>1888.91</ele>
<time>2023-03-18T07:29:35Z</time>
</trkpt>
<trkpt lat="24.4244855" lon="121.1084731">
<ele>1889.38</ele>
<time>2023-03-18T07:29:41Z</time>
</trkpt>
<trkpt lat="24.4245252" lon="121.1085129">
<ele>1890.48</ele>
<time>2023-03-18T07:29:51Z</time>
</trkpt>
<trkpt lat="24.4245347" lon="121.1085804">
<ele>1888.19</ele>
<time>2023-03-18T07:30:01Z</time>
</trkpt>
<trkpt lat="24.4245421" lon="121.1086383">
<ele>1885.07</ele>
<time>2023-03-18T07:30:07Z</time>
</trkpt>
<trkpt lat="24.4245610" lon="121.1086964">
<ele>1883.52</ele>
<time>2023-03-18T07:30:13Z</time>
</trkpt>
<trkpt lat="24.4246011" lon="121.1087408">
<ele>1880.71</ele>
<time>2023-03-18T07:30:17Z</time>
</trkpt>
<trkpt lat="24.4246601" lon="121.1087634">
<ele>1878.90</ele>
<time>2023-03-18T07:30:23Z</time>
</trkpt>
<trkpt lat="24.4246868" lon="121.1088052">
<ele>1878.42</ele>
<time>2023-03-18T07:30:31Z</time>
</trkpt>
<trkpt lat="24.4246840" lon="121.1088560">
<ele>1880.45</ele>
<time>2023-03-18T07:30:37Z</time>
</trkpt>
<trkpt lat="24.4246417" lon="121.1088835">
<ele>1883.94</ele>
<time>2023-03-18T07:30:43Z</time>
</trkpt>
<trkpt lat="24.4246546" lon="121.1089335">
<ele>1883.15</ele>
<time>2023-03-18T07:30:49Z</time>
</trkpt>
<trkpt lat="24.4247013" lon="121.1089577">
<ele>1883.56</ele>
<time>2023-03-18T07:30:53Z</time>
</trkpt>
<trkpt lat="24.4247481" lon="121.1089778">
<ele>1881.56</ele>
<time>2023-03-18T07:30:57Z</time>
</trkpt>
<trkpt lat="24.4247938" lon="121.1090052">
<ele>1880.51</ele>
<time>2023-03-18T07:31:01Z</time>
</trkpt>
<trkpt lat="24.4248391" lon="121.1090422">
<ele>1880.54</ele>
<time>2023-03-18T07:31:05Z</time>
</trkpt>
<trkpt lat="24.4248634" lon="121.1090990">
<ele>1878.99</ele>
<time>2023-03-18T07:31:13Z</time>
</trkpt>
<trkpt lat="24.4248887" lon="121.1091431">
<ele>1878.87</ele>
<time>2023-03-18T07:31:19Z</time>
</trkpt>
<trkpt lat="24.4249366" lon="121.1091250">
<ele>1875.93</ele>
<time>2023-03-18T07:31:25Z</time>
</trkpt>
<trkpt lat="24.4249857" lon="121.1091277">
<ele>1874.56</ele>
<time>2023-03-18T07:31:31Z</time>
</trkpt>
<trkpt lat="24.4250462" lon="121.1091283">
<ele>1874.26</ele>
<time>2023-03-18T07:31:39Z</time>
</trkpt>
<trkpt lat="24.4250989" lon="121.1091554">
<ele>1876.08</ele>
<time>2023-03-18T07:31:47Z</time>
</trkpt>
<trkpt lat="24.4251484" lon="121.1091292">
<ele>1876.35</ele>
<time>2023-03-18T07:31:57Z</time>
</trkpt>
<trkpt lat="24.4252228" lon="121.1091265">
<ele>1878.17</ele>
<time>2023-03-18T07:32:06Z</time>
</trkpt>
<trkpt lat="24.4252422" lon="121.1091754">
<ele>1877.96</ele>
<time>2023-03-18T07:32:37Z</time>
</trkpt>
<trkpt lat="24.4253039" lon="121.1091691">
<ele>1873.51</ele>
<time>2023-03-18T07:32:55Z</time>
</trkpt>
<trkpt lat="24.4253570" lon="121.1091661">
<ele>1873.18</ele>
<time>2023-03-18T07:33:01Z</time>
</trkpt>
<trkpt lat="24.4254082" lon="121.1091528">
<ele>1871.06</ele>
<time>2023-03-18T07:33:07Z</time>
</trkpt>
<trkpt lat="24.4253891" lon="121.1091996">
<ele>1871.44</ele>
<time>2023-03-18T07:33:19Z</time>
</trkpt>
<trkpt lat="24.4254047" lon="121.1091402">
<ele>1870.85</ele>
<time>2023-03-18T07:33:31Z</time>
</trkpt>
<trkpt lat="24.4254217" lon="121.1090854">
<ele>1871.29</ele>
<time>2023-03-18T07:33:37Z</time>
</trkpt>
<trkpt lat="24.4254732" lon="121.1091080">
<ele>1867.77</ele>
<time>2023-03-18T07:33:49Z</time>
</trkpt>
<trkpt lat="24.4255097" lon="121.1091554">
<ele>1865.29</ele>
<time>2023-03-18T07:33:55Z</time>
</trkpt>
<trkpt lat="24.4255625" lon="121.1091791">
<ele>1863.90</ele>
<time>2023-03-18T07:34:01Z</time>
</trkpt>
<trkpt lat="24.4256150" lon="121.1091830">
<ele>1863.94</ele>
<time>2023-03-18T07:34:07Z</time>
</trkpt>
<trkpt lat="24.4256550" lon="121.1092298">
<ele>1864.77</ele>
<time>2023-03-18T07:34:19Z</time>
</trkpt>
<trkpt lat="24.4257149" lon="121.1092372">
<ele>1863.22</ele>
<time>2023-03-18T07:34:29Z</time>
</trkpt>
<trkpt lat="24.4257706" lon="121.1092439">
<ele>1862.66</ele>
<time>2023-03-18T07:34:35Z</time>
</trkpt>
<trkpt lat="24.4258206" lon="121.1092170">
<ele>1862.09</ele>
<time>2023-03-18T07:34:41Z</time>
</trkpt>
<trkpt lat="24.4258726" lon="121.1092508">
<ele>1863.02</ele>
<time>2023-03-18T07:34:47Z</time>
</trkpt>
<trkpt lat="24.4259047" lon="121.1092870">
<ele>1863.31</ele>
<time>2023-03-18T07:34:57Z</time>
</trkpt>
<trkpt lat="24.4259637" lon="121.1092750">
<ele>1864.09</ele>
<time>2023-03-18T07:35:03Z</time>
</trkpt>
<trkpt lat="24.4260048" lon="121.1092499">
<ele>1862.44</ele>
<time>2023-03-18T07:35:07Z</time>
</trkpt>
<trkpt lat="24.4260581" lon="121.1092479">
<ele>1862.75</ele>
<time>2023-03-18T07:35:11Z</time>
</trkpt>
<trkpt lat="24.4261137" lon="121.1092475">
<ele>1864.48</ele>
<time>2023-03-18T07:35:17Z</time>
</trkpt>
<trkpt lat="24.4261542" lon="121.1092872">
<ele>1866.53</ele>
<time>2023-03-18T07:35:27Z</time>
</trkpt>
<trkpt lat="24.4261906" lon="121.1093236">
<ele>1860.97</ele>
<time>2023-03-18T07:35:37Z</time>
</trkpt>
<trkpt lat="24.4262414" lon="121.1093157">
<ele>1860.89</ele>
<time>2023-03-18T07:35:43Z</time>
</trkpt>
<trkpt lat="24.4262843" lon="121.1093310">
<ele>1859.58</ele>
<time>2023-03-18T07:35:49Z</time>
</trkpt>
<trkpt lat="24.4263291" lon="121.1093481">
<ele>1860.58</ele>
<time>2023-03-18T07:35:55Z</time>
</trkpt>
<trkpt lat="24.4263782" lon="121.1093387">
<ele>1861.13</ele>
<time>2023-03-18T07:36:03Z</time>
</trkpt>
<trkpt lat="24.4264238" lon="121.1093131">
<ele>1858.98</ele>
<time>2023-03-18T07:36:09Z</time>
</trkpt>
<trkpt lat="24.4264646" lon="121.1093374">
<ele>1859.34</ele>
<time>2023-03-18T07:36:17Z</time>
</trkpt>
<trkpt lat="24.4265021" lon="121.1093675">
<ele>1861.75</ele>
<time>2023-03-18T07:36:33Z</time>
</trkpt>
<trkpt lat="24.4265456" lon="121.1093394">
<ele>1859.52</ele>
<time>2023-03-18T07:37:17Z</time>
</trkpt>
<trkpt lat="24.4265840" lon="121.1093129">
<ele>1857.10</ele>
<time>2023-03-18T07:37:23Z</time>
</trkpt>
<trkpt lat="24.4266228" lon="121.1092751">
<ele>1856.28</ele>
<time>2023-03-18T07:37:33Z</time>
</trkpt>
<trkpt lat="24.4266680" lon="121.1092683">
<ele>1855.55</ele>
<time>2023-03-18T07:37:39Z</time>
</trkpt>
<trkpt lat="24.4267180" lon="121.1092607">
<ele>1854.89</ele>
<time>2023-03-18T07:37:51Z</time>
</trkpt>
<trkpt lat="24.4267674" lon="121.1092631">
<ele>1854.41</ele>
<time>2023-03-18T07:37:57Z</time>
</trkpt>
<trkpt lat="24.4268087" lon="121.1092838">
<ele>1854.19</ele>
<time>2023-03-18T07:38:05Z</time>
</trkpt>
<trkpt lat="24.4268284" lon="121.1093368">
<ele>1853.93</ele>
<time>2023-03-18T07:38:11Z</time>
</trkpt>
<trkpt lat="24.4268706" lon="121.1093821">
<ele>1855.36</ele>
<time>2023-03-18T07:38:23Z</time>
</trkpt>
<trkpt lat="24.4269132" lon="121.1093599">
<ele>1851.03</ele>
<time>2023-03-18T07:38:35Z</time>
</trkpt>
<trkpt lat="24.4269644" lon="121.1093577">
<ele>1846.43</ele>
<time>2023-03-18T07:38:49Z</time>
</trkpt>
<trkpt lat="24.4270099" lon="121.1093236">
<ele>1844.51</ele>
<time>2023-03-18T07:39:03Z</time>
</trkpt>
<trkpt lat="24.4270668" lon="121.1093067">
<ele>1837.18</ele>
<time>2023-03-18T07:39:11Z</time>
</trkpt>
<trkpt lat="24.4270818" lon="121.1093576">
<ele>1841.82</ele>
<time>2023-03-18T07:39:23Z</time>
</trkpt>
<trkpt lat="24.4270750" lon="121.1094101">
<ele>1844.28</ele>
<time>2023-03-18T07:39:29Z</time>
</trkpt>
<trkpt lat="24.4270611" lon="121.1094593">
<ele>1850.14</ele>
<time>2023-03-18T07:41:27Z</time>
</trkpt>
<trkpt lat="24.4270984" lon="121.1094995">
<ele>1847.74</ele>
<time>2023-03-18T07:41:37Z</time>
</trkpt>
<trkpt lat="24.4271438" lon="121.1094605">
<ele>1844.61</ele>
<time>2023-03-18T07:41:45Z</time>
</trkpt>
<trkpt lat="24.4271842" lon="121.1094385">
<ele>1840.46</ele>
<time>2023-03-18T07:41:55Z</time>
</trkpt>
<trkpt lat="24.4272297" lon="121.1094444">
<ele>1840.38</ele>
<time>2023-03-18T07:42:05Z</time>
</trkpt>
<trkpt lat="24.4272439" lon="121.1093969">
<ele>1839.84</ele>
<time>2023-03-18T07:42:13Z</time>
</trkpt>
<trkpt lat="24.4272931" lon="121.1094065">
<ele>1835.85</ele>
<time>2023-03-18T07:42:25Z</time>
</trkpt>
<trkpt lat="24.4273798" lon="121.1093611">
<ele>1837.60</ele>
<time>2023-03-18T07:42:29Z</time>
</trkpt>
<trkpt lat="24.4274186" lon="121.1093352">
<ele>1825.17</ele>
<time>2023-03-18T07:42:53Z</time>
</trkpt>
<trkpt lat="24.4274790" lon="121.1092993">
<ele>1824.54</ele>
<time>2023-03-18T07:42:57Z</time>
</trkpt>
<trkpt lat="24.4275170" lon="121.1092715">
<ele>1814.89</ele>
<time>2023-03-18T07:43:07Z</time>
</trkpt>
<trkpt lat="24.4275728" lon="121.1092820">
<ele>1815.09</ele>
<time>2023-03-18T07:43:17Z</time>
</trkpt>
<trkpt lat="24.4276266" lon="121.1092435">
<ele>1819.68</ele>
<time>2023-03-18T07:43:27Z</time>
</trkpt>
<trkpt lat="24.4276122" lon="121.1092988">
<ele>1821.29</ele>
<time>2023-03-18T07:43:33Z</time>
</trkpt>
<trkpt lat="24.4276734" lon="121.1093126">
<ele>1820.06</ele>
<time>2023-03-18T07:43:39Z</time>
</trkpt>
<trkpt lat="24.4277281" lon="121.1093338">
<ele>1820.25</ele>
<time>2023-03-18T07:43:41Z</time>
</trkpt>
<trkpt lat="24.4277904" lon="121.1093379">
<ele>1823.02</ele>
<time>2023-03-18T07:43:47Z</time>
</trkpt>
<trkpt lat="24.4278444" lon="121.1093056">
<ele>1823.37</ele>
<time>2023-03-18T07:43:51Z</time>
</trkpt>
<trkpt lat="24.4278970" lon="121.1093050">
<ele>1825.09</ele>
<time>2023-03-18T07:44:11Z</time>
</trkpt>
<trkpt lat="24.4279357" lon="121.1093375">
<ele>1827.05</ele>
<time>2023-03-18T07:44:13Z</time>
</trkpt>
<trkpt lat="24.4279817" lon="121.1093868">
<ele>1828.41</ele>
<time>2023-03-18T07:44:16Z</time>
</trkpt>
<trkpt lat="24.4280330" lon="121.1094011">
<ele>1828.20</ele>
<time>2023-03-18T07:44:29Z</time>
</trkpt>
<trkpt lat="24.4280808" lon="121.1094403">
<ele>1828.53</ele>
<time>2023-03-18T07:44:38Z</time>
</trkpt>
<trkpt lat="24.4281206" lon="121.1094872">
<ele>1834.08</ele>
<time>2023-03-18T07:44:53Z</time>
</trkpt>
<trkpt lat="24.4281421" lon="121.1095404">
<ele>1835.05</ele>
<time>2023-03-18T07:45:04Z</time>
</trkpt>
<trkpt lat="24.4281480" lon="121.1095998">
<ele>1835.47</ele>
<time>2023-03-18T07:45:12Z</time>
</trkpt>
<trkpt lat="24.4281882" lon="121.1096226">
<ele>1830.06</ele>
<time>2023-03-18T07:45:20Z</time>
</trkpt>
<trkpt lat="24.4282358" lon="121.1095918">
<ele>1827.83</ele>
<time>2023-03-18T07:45:25Z</time>
</trkpt>
<trkpt lat="24.4282994" lon="121.1095978">
<ele>1827.49</ele>
<time>2023-03-18T07:45:33Z</time>
</trkpt>
<trkpt lat="24.4283580" lon="121.1095822">
<ele>1830.23</ele>
<time>2023-03-18T07:45:40Z</time>
</trkpt>
<trkpt lat="24.4284300" lon="121.1095942">
<ele>1829.08</ele>
<time>2023-03-18T07:45:48Z</time>
</trkpt>
<trkpt lat="24.4284735" lon="121.1095790">
<ele>1829.67</ele>
<time>2023-03-18T07:45:56Z</time>
</trkpt>
<trkpt lat="24.4285211" lon="121.1095820">
<ele>1826.83</ele>
<time>2023-03-18T07:46:02Z</time>
</trkpt>
<trkpt lat="24.4285689" lon="121.1095763">
<ele>1826.40</ele>
<time>2023-03-18T07:46:08Z</time>
</trkpt>
<trkpt lat="24.4286305" lon="121.1095777">
<ele>1825.07</ele>
<time>2023-03-18T07:46:14Z</time>
</trkpt>
<trkpt lat="24.4286845" lon="121.1095841">
<ele>1826.98</ele>
<time>2023-03-18T07:46:22Z</time>
</trkpt>
<trkpt lat="24.4287321" lon="121.1096012">
<ele>1829.49</ele>
<time>2023-03-18T07:46:30Z</time>
</trkpt>
<trkpt lat="24.4287874" lon="121.1095982">
<ele>1827.71</ele>
<time>2023-03-18T07:46:38Z</time>
</trkpt>
<trkpt lat="24.4288253" lon="121.1095705">
<ele>1827.14</ele>
<time>2023-03-18T07:46:42Z</time>
</trkpt>
<trkpt lat="24.4288862" lon="121.1095585">
<ele>1824.14</ele>
<time>2023-03-18T07:46:48Z</time>
</trkpt>
<trkpt lat="24.4289459" lon="121.1095436">
<ele>1823.64</ele>
<time>2023-03-18T07:46:54Z</time>
</trkpt>
<trkpt lat="24.4289926" lon="121.1095536">
<ele>1823.22</ele>
<time>2023-03-18T07:46:58Z</time>
</trkpt>
<trkpt lat="24.4290484" lon="121.1095717">
<ele>1822.93</ele>
<time>2023-03-18T07:47:04Z</time>
</trkpt>
<trkpt lat="24.4291044" lon="121.1095778">
<ele>1823.65</ele>
<time>2023-03-18T07:47:12Z</time>
</trkpt>
<trkpt lat="24.4291369" lon="121.1096134">
<ele>1824.21</ele>
<time>2023-03-18T07:47:16Z</time>
</trkpt>
<trkpt lat="24.4291821" lon="121.1096530">
<ele>1824.44</ele>
<time>2023-03-18T07:47:24Z</time>
</trkpt>
<trkpt lat="24.4292202" lon="121.1096903">
<ele>1824.21</ele>
<time>2023-03-18T07:47:30Z</time>
</trkpt>
<trkpt lat="24.4292481" lon="121.1097330">
<ele>1829.20</ele>
<time>2023-03-18T07:47:34Z</time>
</trkpt>
<trkpt lat="24.4292746" lon="121.1098099">
<ele>1830.59</ele>
<time>2023-03-18T07:47:42Z</time>
</trkpt>
<trkpt lat="24.4293254" lon="121.1097801">
<ele>1831.71</ele>
<time>2023-03-18T07:47:48Z</time>
</trkpt>
<trkpt lat="24.4293811" lon="121.1097887">
<ele>1831.25</ele>
<time>2023-03-18T07:47:58Z</time>
</trkpt>
<trkpt lat="24.4294258" lon="121.1097954">
<ele>1827.29</ele>
<time>2023-03-18T07:48:06Z</time>
</trkpt>
<trkpt lat="24.4294695" lon="121.1097802">
<ele>1826.00</ele>
<time>2023-03-18T07:48:12Z</time>
</trkpt>
<trkpt lat="24.4295186" lon="121.1098019">
<ele>1826.84</ele>
<time>2023-03-18T07:48:20Z</time>
</trkpt>
<trkpt lat="24.4295796" lon="121.1097934">
<ele>1824.80</ele>
<time>2023-03-18T07:48:28Z</time>
</trkpt>
<trkpt lat="24.4296280" lon="121.1098085">
<ele>1825.50</ele>
<time>2023-03-18T07:48:34Z</time>
</trkpt>
<trkpt lat="24.4296679" lon="121.1098326">
<ele>1827.89</ele>
<time>2023-03-18T07:48:40Z</time>
</trkpt>
<trkpt lat="24.4297144" lon="121.1098198">
<ele>1827.32</ele>
<time>2023-03-18T07:48:46Z</time>
</trkpt>
<trkpt lat="24.4297612" lon="121.1097979">
<ele>1826.59</ele>
<time>2023-03-18T07:48:54Z</time>
</trkpt>
<trkpt lat="24.4298102" lon="121.1098050">
<ele>1825.90</ele>
<time>2023-03-18T07:49:00Z</time>
</trkpt>
<trkpt lat="24.4298537" lon="121.1097917">
<ele>1827.61</ele>
<time>2023-03-18T07:49:06Z</time>
</trkpt>
<trkpt lat="24.4299073" lon="121.1097670">
<ele>1828.63</ele>
<time>2023-03-18T07:49:14Z</time>
</trkpt>
<trkpt lat="24.4299505" lon="121.1097446">
<ele>1829.59</ele>
<time>2023-03-18T07:49:20Z</time>
</trkpt>
<trkpt lat="24.4300036" lon="121.1097375">
<ele>1832.42</ele>
<time>2023-03-18T07:49:32Z</time>
</trkpt>
<trkpt lat="24.4300476" lon="121.1097065">
<ele>1830.49</ele>
<time>2023-03-18T07:49:38Z</time>
</trkpt>
<trkpt lat="24.4301004" lon="121.1096859">
<ele>1831.58</ele>
<time>2023-03-18T07:49:46Z</time>
</trkpt>
<trkpt lat="24.4301309" lon="121.1096388">
<ele>1830.60</ele>
<time>2023-03-18T07:49:54Z</time>
</trkpt>
<trkpt lat="24.4301775" lon="121.1096147">
<ele>1830.82</ele>
<time>2023-03-18T07:50:00Z</time>
</trkpt>
<trkpt lat="24.4302333" lon="121.1096088">
<ele>1829.93</ele>
<time>2023-03-18T07:50:10Z</time>
</trkpt>
<trkpt lat="24.4302656" lon="121.1095688">
<ele>1831.20</ele>
<time>2023-03-18T07:50:18Z</time>
</trkpt>
<trkpt lat="24.4303058" lon="121.1095407">
<ele>1830.91</ele>
<time>2023-03-18T07:50:24Z</time>
</trkpt>
<trkpt lat="24.4303402" lon="121.1094882">
<ele>1832.26</ele>
<time>2023-03-18T07:50:32Z</time>
</trkpt>
<trkpt lat="24.4303678" lon="121.1094326">
<ele>1834.22</ele>
<time>2023-03-18T07:50:42Z</time>
</trkpt>
<trkpt lat="24.4303617" lon="121.1094838">
<ele>1833.96</ele>
<time>2023-03-18T07:51:00Z</time>
</trkpt>
<trkpt lat="24.4303460" lon="121.1095323">
<ele>1835.41</ele>
<time>2023-03-18T07:51:06Z</time>
</trkpt>
<trkpt lat="24.4303798" lon="121.1095663">
<ele>1833.84</ele>
<time>2023-03-18T07:51:12Z</time>
</trkpt>
<trkpt lat="24.4304278" lon="121.1095438">
<ele>1834.31</ele>
<time>2023-03-18T07:51:20Z</time>
</trkpt>
<trkpt lat="24.4304715" lon="121.1095661">
<ele>1832.47</ele>
<time>2023-03-18T07:51:32Z</time>
</trkpt>
<trkpt lat="24.4305100" lon="121.1095964">
<ele>1834.10</ele>
<time>2023-03-18T07:51:40Z</time>
</trkpt>
<trkpt lat="24.4305541" lon="121.1096112">
<ele>1833.70</ele>
<time>2023-03-18T07:51:48Z</time>
</trkpt>
<trkpt lat="24.4306051" lon="121.1096030">
<ele>1828.53</ele>
<time>2023-03-18T07:51:54Z</time>
</trkpt>
<trkpt lat="24.4306368" lon="121.1095607">
<ele>1828.60</ele>
<time>2023-03-18T07:52:04Z</time>
</trkpt>
<trkpt lat="24.4306691" lon="121.1095097">
<ele>1830.88</ele>
<time>2023-03-18T07:52:14Z</time>
</trkpt>
<trkpt lat="24.4307097" lon="121.1094618">
<ele>1830.97</ele>
<time>2023-03-18T07:52:20Z</time>
</trkpt>
<trkpt lat="24.4307621" lon="121.1094821">
<ele>1830.35</ele>
<time>2023-03-18T07:52:28Z</time>
</trkpt>
<trkpt lat="24.4308118" lon="121.1094833">
<ele>1831.32</ele>
<time>2023-03-18T07:52:36Z</time>
</trkpt>
<trkpt lat="24.4308633" lon="121.1094897">
<ele>1831.94</ele>
<time>2023-03-18T07:52:44Z</time>
</trkpt>
<trkpt lat="24.4309204" lon="121.1094883">
<ele>1832.05</ele>
<time>2023-03-18T07:52:50Z</time>
</trkpt>
<trkpt lat="24.4309752" lon="121.1094905">
<ele>1832.20</ele>
<time>2023-03-18T07:52:58Z</time>
</trkpt>
<trkpt lat="24.4310391" lon="121.1094890">
<ele>1831.62</ele>
<time>2023-03-18T07:53:06Z</time>
</trkpt>
<trkpt lat="24.4310788" lon="121.1094522">
<ele>1829.96</ele>
<time>2023-03-18T07:53:10Z</time>
</trkpt>
<trkpt lat="24.4311173" lon="121.1094213">
<ele>1829.58</ele>
<time>2023-03-18T07:53:14Z</time>
</trkpt>
<trkpt lat="24.4311317" lon="121.1093737">
<ele>1831.71</ele>
<time>2023-03-18T07:53:20Z</time>
</trkpt>
<trkpt lat="24.4311757" lon="121.1093629">
<ele>1833.00</ele>
<time>2023-03-18T07:53:24Z</time>
</trkpt>
<trkpt lat="24.4311971" lon="121.1093173">
<ele>1834.14</ele>
<time>2023-03-18T07:53:32Z</time>
</trkpt>
<trkpt lat="24.4312204" lon="121.1092407">
<ele>1832.81</ele>
<time>2023-03-18T07:53:48Z</time>
</trkpt>
<trkpt lat="24.4312616" lon="121.1092019">
<ele>1833.19</ele>
<time>2023-03-18T07:53:54Z</time>
</trkpt>
<trkpt lat="24.4313112" lon="121.1091898">
<ele>1832.24</ele>
<time>2023-03-18T07:54:00Z</time>
</trkpt>
<trkpt lat="24.4313266" lon="121.1091382">
<ele>1837.69</ele>
<time>2023-03-18T07:54:14Z</time>
</trkpt>
<trkpt lat="24.4313807" lon="121.1091074">
<ele>1836.57</ele>
<time>2023-03-18T07:54:22Z</time>
</trkpt>
<trkpt lat="24.4314139" lon="121.1090391">
<ele>1833.34</ele>
<time>2023-03-18T07:54:28Z</time>
</trkpt>
<trkpt lat="24.4314158" lon="121.1089751">
<ele>1831.00</ele>
<time>2023-03-18T07:54:36Z</time>
</trkpt>
<trkpt lat="24.4314603" lon="121.1089490">
<ele>1829.68</ele>
<time>2023-03-18T07:54:42Z</time>
</trkpt>
<trkpt lat="24.4314784" lon="121.1088946">
<ele>1830.50</ele>
<time>2023-03-18T07:54:48Z</time>
</trkpt>
<trkpt lat="24.4314791" lon="121.1088399">
<ele>1829.91</ele>
<time>2023-03-18T07:54:54Z</time>
</trkpt>
<trkpt lat="24.4314794" lon="121.1087831">
<ele>1830.68</ele>
<time>2023-03-18T07:55:00Z</time>
</trkpt>
<trkpt lat="24.4315152" lon="121.1087512">
<ele>1828.78</ele>
<time>2023-03-18T07:55:06Z</time>
</trkpt>
<trkpt lat="24.4315058" lon="121.1087013">
<ele>1831.68</ele>
<time>2023-03-18T07:55:16Z</time>
</trkpt>
<trkpt lat="24.4314688" lon="121.1086664">
<ele>1833.36</ele>
<time>2023-03-18T07:55:26Z</time>
</trkpt>
<trkpt lat="24.4315299" lon="121.1086828">
<ele>1827.84</ele>
<time>2023-03-18T07:55:34Z</time>
</trkpt>
<trkpt lat="24.4315697" lon="121.1086591">
<ele>1827.50</ele>
<time>2023-03-18T07:55:54Z</time>
</trkpt>
<trkpt lat="24.4316193" lon="121.1086559">
<ele>1826.80</ele>
<time>2023-03-18T07:56:04Z</time>
</trkpt>
<trkpt lat="24.4316668" lon="121.1086232">
<ele>1825.21</ele>
<time>2023-03-18T07:56:10Z</time>
</trkpt>
<trkpt lat="24.4316915" lon="121.1085644">
<ele>1823.87</ele>
<time>2023-03-18T07:56:18Z</time>
</trkpt>
<trkpt lat="24.4317274" lon="121.1085267">
<ele>1822.32</ele>
<time>2023-03-18T07:56:26Z</time>
</trkpt>
<trkpt lat="24.4317721" lon="121.1085099">
<ele>1821.65</ele>
<time>2023-03-18T07:56:34Z</time>
</trkpt>
<trkpt lat="24.4317871" lon="121.1084617">
<ele>1820.81</ele>
<time>2023-03-18T07:56:54Z</time>
</trkpt>
<trkpt lat="24.4318279" lon="121.1084335">
<ele>1819.78</ele>
<time>2023-03-18T07:57:06Z</time>
</trkpt>
<trkpt lat="24.4318667" lon="121.1084630">
<ele>1816.34</ele>
<time>2023-03-18T07:57:14Z</time>
</trkpt>
<trkpt lat="24.4319090" lon="121.1084981">
<ele>1812.77</ele>
<time>2023-03-18T07:57:24Z</time>
</trkpt>
<trkpt lat="24.4319115" lon="121.1085508">
<ele>1811.80</ele>
<time>2023-03-18T07:57:32Z</time>
</trkpt>
<trkpt lat="24.4319498" lon="121.1085155">
<ele>1813.15</ele>
<time>2023-03-18T07:57:42Z</time>
</trkpt>
<trkpt lat="24.4319473" lon="121.1084572">
<ele>1810.95</ele>
<time>2023-03-18T07:57:48Z</time>
</trkpt>
<trkpt lat="24.4319630" lon="121.1084034">
<ele>1810.72</ele>
<time>2023-03-18T07:57:54Z</time>
</trkpt>
<trkpt lat="24.4319909" lon="121.1083528">
<ele>1808.37</ele>
<time>2023-03-18T07:58:00Z</time>
</trkpt>
<trkpt lat="24.4320350" lon="121.1083198">
<ele>1807.25</ele>
<time>2023-03-18T07:58:06Z</time>
</trkpt>
<trkpt lat="24.4320803" lon="121.1082946">
<ele>1801.05</ele>
<time>2023-03-18T07:58:16Z</time>
</trkpt>
<trkpt lat="24.4321242" lon="121.1082825">
<ele>1799.79</ele>
<time>2023-03-18T07:58:24Z</time>
</trkpt>
<trkpt lat="24.4321779" lon="121.1082722">
<ele>1795.30</ele>
<time>2023-03-18T07:58:36Z</time>
</trkpt>
<trkpt lat="24.4322230" lon="121.1082282">
<ele>1792.51</ele>
<time>2023-03-18T07:58:46Z</time>
</trkpt>
<trkpt lat="24.4322560" lon="121.1081795">
<ele>1791.91</ele>
<time>2023-03-18T07:58:56Z</time>
</trkpt>
<trkpt lat="24.4323122" lon="121.1081726">
<ele>1791.97</ele>
<time>2023-03-18T07:59:04Z</time>
</trkpt>
<trkpt lat="24.4323461" lon="121.1081369">
<ele>1791.65</ele>
<time>2023-03-18T07:59:10Z</time>
</trkpt>
<trkpt lat="24.4323846" lon="121.1081078">
<ele>1791.20</ele>
<time>2023-03-18T07:59:16Z</time>
</trkpt>
<trkpt lat="24.4324362" lon="121.1080849">
<ele>1790.25</ele>
<time>2023-03-18T07:59:22Z</time>
</trkpt>
<trkpt lat="24.4324548" lon="121.1080268">
<ele>1789.20</ele>
<time>2023-03-18T07:59:32Z</time>
</trkpt>
<trkpt lat="24.4324933" lon="121.1079896">
<ele>1788.01</ele>
<time>2023-03-18T07:59:40Z</time>
</trkpt>
<trkpt lat="24.4325370" lon="121.1079518">
<ele>1785.61</ele>
<time>2023-03-18T07:59:50Z</time>
</trkpt>
<trkpt lat="24.4325754" lon="121.1079070">
<ele>1785.16</ele>
<time>2023-03-18T08:00:00Z</time>
</trkpt>
<trkpt lat="24.4326145" lon="121.1078549">
<ele>1782.19</ele>
<time>2023-03-18T08:00:10Z</time>
</trkpt>
<trkpt lat="24.4326331" lon="121.1078052">
<ele>1780.62</ele>
<time>2023-03-18T08:00:14Z</time>
</trkpt>
<trkpt lat="24.4326761" lon="121.1077882">
<ele>1779.67</ele>
<time>2023-03-18T08:00:20Z</time>
</trkpt>
<trkpt lat="24.4327244" lon="121.1077498">
<ele>1776.21</ele>
<time>2023-03-18T08:00:30Z</time>
</trkpt>
<trkpt lat="24.4327637" lon="121.1077135">
<ele>1773.59</ele>
<time>2023-03-18T08:00:42Z</time>
</trkpt>
<trkpt lat="24.4327440" lon="121.1076686">
<ele>1773.51</ele>
<time>2023-03-18T08:00:52Z</time>
</trkpt>
<trkpt lat="24.4327558" lon="121.1076183">
<ele>1771.65</ele>
<time>2023-03-18T08:01:02Z</time>
</trkpt>
<trkpt lat="24.4328070" lon="121.1076216">
<ele>1770.55</ele>
<time>2023-03-18T08:01:06Z</time>
</trkpt>
<trkpt lat="24.4327927" lon="121.1075669">
<ele>1768.99</ele>
<time>2023-03-18T08:01:10Z</time>
</trkpt>
<trkpt lat="24.4328005" lon="121.1075137">
<ele>1771.53</ele>
<time>2023-03-18T08:01:14Z</time>
</trkpt>
<trkpt lat="24.4327939" lon="121.1074601">
<ele>1773.30</ele>
<time>2023-03-18T08:01:28Z</time>
</trkpt>
<trkpt lat="24.4328170" lon="121.1074079">
<ele>1771.68</ele>
<time>2023-03-18T08:01:34Z</time>
</trkpt>
<trkpt lat="24.4328303" lon="121.1073468">
<ele>1771.37</ele>
<time>2023-03-18T08:01:42Z</time>
</trkpt>
<trkpt lat="24.4328691" lon="121.1073121">
<ele>1770.71</ele>
<time>2023-03-18T08:01:50Z</time>
</trkpt>
<trkpt lat="24.4329055" lon="121.1072794">
<ele>1769.77</ele>
<time>2023-03-18T08:01:56Z</time>
</trkpt>
<trkpt lat="24.4328888" lon="121.1072017">
<ele>1768.70</ele>
<time>2023-03-18T08:02:08Z</time>
</trkpt>
<trkpt lat="24.4328727" lon="121.1071533">
<ele>1771.05</ele>
<time>2023-03-18T08:02:12Z</time>
</trkpt>
<trkpt lat="24.4329039" lon="121.1071125">
<ele>1769.33</ele>
<time>2023-03-18T08:02:18Z</time>
</trkpt>
<trkpt lat="24.4329433" lon="121.1070714">
<ele>1767.96</ele>
<time>2023-03-18T08:02:26Z</time>
</trkpt>
<trkpt lat="24.4329650" lon="121.1070147">
<ele>1766.23</ele>
<time>2023-03-18T08:02:34Z</time>
</trkpt>
<trkpt lat="24.4329973" lon="121.1069751">
<ele>1764.42</ele>
<time>2023-03-18T08:02:40Z</time>
</trkpt>
<trkpt lat="24.4330079" lon="121.1069171">
<ele>1764.91</ele>
<time>2023-03-18T08:02:48Z</time>
</trkpt>
<trkpt lat="24.4330466" lon="121.1068801">
<ele>1764.78</ele>
<time>2023-03-18T08:02:54Z</time>
</trkpt>
<trkpt lat="24.4330734" lon="121.1068279">
<ele>1764.54</ele>
<time>2023-03-18T08:03:00Z</time>
</trkpt>
<trkpt lat="24.4330862" lon="121.1067732">
<ele>1764.52</ele>
<time>2023-03-18T08:03:08Z</time>
</trkpt>
<trkpt lat="24.4330273" lon="121.1067632">
<ele>1764.89</ele>
<time>2023-03-18T08:03:16Z</time>
</trkpt>
<trkpt lat="24.4330373" lon="121.1067107">
<ele>1762.15</ele>
<time>2023-03-18T08:03:28Z</time>
</trkpt>
<trkpt lat="24.4330505" lon="121.1066556">
<ele>1762.41</ele>
<time>2023-03-18T08:03:34Z</time>
</trkpt>
<trkpt lat="24.4330707" lon="121.1066000">
<ele>1759.94</ele>
<time>2023-03-18T08:03:42Z</time>
</trkpt>
<trkpt lat="24.4331114" lon="121.1065531">
<ele>1756.89</ele>
<time>2023-03-18T08:03:50Z</time>
</trkpt>
<trkpt lat="24.4331472" lon="121.1065090">
<ele>1755.23</ele>
<time>2023-03-18T08:03:56Z</time>
</trkpt>
<trkpt lat="24.4331795" lon="121.1064736">
<ele>1755.12</ele>
<time>2023-03-18T08:04:04Z</time>
</trkpt>
<trkpt lat="24.4332221" lon="121.1064579">
<ele>1753.82</ele>
<time>2023-03-18T08:04:28Z</time>
</trkpt>
<trkpt lat="24.4332598" lon="121.1064084">
<ele>1755.50</ele>
<time>2023-03-18T08:04:34Z</time>
</trkpt>
<trkpt lat="24.4332154" lon="121.1063740">
<ele>1756.50</ele>
<time>2023-03-18T08:04:40Z</time>
</trkpt>
<trkpt lat="24.4332309" lon="121.1063184">
<ele>1754.41</ele>
<time>2023-03-18T08:04:48Z</time>
</trkpt>
<trkpt lat="24.4332274" lon="121.1062649">
<ele>1754.14</ele>
<time>2023-03-18T08:04:54Z</time>
</trkpt>
<trkpt lat="24.4332268" lon="121.1062033">
<ele>1753.14</ele>
<time>2023-03-18T08:05:02Z</time>
</trkpt>
<trkpt lat="24.4332205" lon="121.1061443">
<ele>1752.65</ele>
<time>2023-03-18T08:05:08Z</time>
</trkpt>
<trkpt lat="24.4332075" lon="121.1060849">
<ele>1752.29</ele>
<time>2023-03-18T08:05:20Z</time>
</trkpt>
<trkpt lat="24.4332269" lon="121.1060216">
<ele>1753.94</ele>
<time>2023-03-18T08:05:28Z</time>
</trkpt>
<trkpt lat="24.4332451" lon="121.1059501">
<ele>1753.88</ele>
<time>2023-03-18T08:05:34Z</time>
</trkpt>
<trkpt lat="24.4332927" lon="121.1059177">
<ele>1755.34</ele>
<time>2023-03-18T08:05:40Z</time>
</trkpt>
<trkpt lat="24.4333087" lon="121.1058657">
<ele>1754.86</ele>
<time>2023-03-18T08:05:48Z</time>
</trkpt>
<trkpt lat="24.4333162" lon="121.1058165">
<ele>1754.03</ele>
<time>2023-03-18T08:05:54Z</time>
</trkpt>
<trkpt lat="24.4333421" lon="121.1057608">
<ele>1754.72</ele>
<time>2023-03-18T08:06:02Z</time>
</trkpt>
<trkpt lat="24.4333644" lon="121.1057110">
<ele>1755.60</ele>
<time>2023-03-18T08:06:08Z</time>
</trkpt>
<trkpt lat="24.4333596" lon="121.1056566">
<ele>1756.05</ele>
<time>2023-03-18T08:06:14Z</time>
</trkpt>
<trkpt lat="24.4333599" lon="121.1055996">
<ele>1755.02</ele>
<time>2023-03-18T08:06:20Z</time>
</trkpt>
<trkpt lat="24.4334039" lon="121.1055446">
<ele>1754.72</ele>
<time>2023-03-18T08:06:26Z</time>
</trkpt>
<trkpt lat="24.4334490" lon="121.1054969">
<ele>1755.65</ele>
<time>2023-03-18T08:06:32Z</time>
</trkpt>
<trkpt lat="24.4334628" lon="121.1054316">
<ele>1754.25</ele>
<time>2023-03-18T08:06:40Z</time>
</trkpt>
<trkpt lat="24.4334463" lon="121.1053767">
<ele>1755.07</ele>
<time>2023-03-18T08:06:46Z</time>
</trkpt>
<trkpt lat="24.4334680" lon="121.1053279">
<ele>1752.58</ele>
<time>2023-03-18T08:07:02Z</time>
</trkpt>
<trkpt lat="24.4335169" lon="121.1053029">
<ele>1748.80</ele>
<time>2023-03-18T08:07:22Z</time>
</trkpt>
<trkpt lat="24.4335617" lon="121.1052818">
<ele>1747.18</ele>
<time>2023-03-18T08:07:28Z</time>
</trkpt>
<trkpt lat="24.4335563" lon="121.1052165">
<ele>1747.45</ele>
<time>2023-03-18T08:07:38Z</time>
</trkpt>
<trkpt lat="24.4335094" lon="121.1052287">
<ele>1747.15</ele>
<time>2023-03-18T08:07:44Z</time>
</trkpt>
<trkpt lat="24.4335294" lon="121.1051795">
<ele>1744.13</ele>
<time>2023-03-18T08:08:00Z</time>
</trkpt>
<trkpt lat="24.4334906" lon="121.1051416">
<ele>1741.94</ele>
<time>2023-03-18T08:08:14Z</time>
</trkpt>
<trkpt lat="24.4334342" lon="121.1051362">
<ele>1742.75</ele>
<time>2023-03-18T08:08:20Z</time>
</trkpt>
<trkpt lat="24.4334835" lon="121.1051060">
<ele>1736.12</ele>
<time>2023-03-18T08:08:32Z</time>
</trkpt>
<trkpt lat="24.4335283" lon="121.1050615">
<ele>1736.72</ele>
<time>2023-03-18T08:08:40Z</time>
</trkpt>
<trkpt lat="24.4335241" lon="121.1050114">
<ele>1733.65</ele>
<time>2023-03-18T08:09:12Z</time>
</trkpt>
<trkpt lat="24.4335338" lon="121.1049599">
<ele>1729.61</ele>
<time>2023-03-18T08:09:28Z</time>
</trkpt>
<trkpt lat="24.4335063" lon="121.1049067">
<ele>1725.07</ele>
<time>2023-03-18T08:09:40Z</time>
</trkpt>
<trkpt lat="24.4334982" lon="121.1048579">
<ele>1720.64</ele>
<time>2023-03-18T08:09:50Z</time>
</trkpt>
<trkpt lat="24.4335029" lon="121.1048022">
<ele>1718.02</ele>
<time>2023-03-18T08:10:04Z</time>
</trkpt>
<trkpt lat="24.4335298" lon="121.1047609">
<ele>1715.78</ele>
<time>2023-03-18T08:10:14Z</time>
</trkpt>
<trkpt lat="24.4334959" lon="121.1047183">
<ele>1717.52</ele>
<time>2023-03-18T08:10:22Z</time>
</trkpt>
<trkpt lat="24.4335224" lon="121.1047603">
<ele>1702.32</ele>
<time>2023-03-18T08:10:48Z</time>
</trkpt>
<trkpt lat="24.4335223" lon="121.1047036">
<ele>1702.57</ele>
<time>2023-03-18T08:10:52Z</time>
</trkpt>
<trkpt lat="24.4335489" lon="121.1046540">
<ele>1700.58</ele>
<time>2023-03-18T08:11:02Z</time>
</trkpt>
<trkpt lat="24.4335864" lon="121.1046161">
<ele>1701.38</ele>
<time>2023-03-18T08:11:08Z</time>
</trkpt>
<trkpt lat="24.4336251" lon="121.1045894">
<ele>1700.53</ele>
<time>2023-03-18T08:11:18Z</time>
</trkpt>
<trkpt lat="24.4336249" lon="121.1045367">
<ele>1699.88</ele>
<time>2023-03-18T08:11:28Z</time>
</trkpt>
<trkpt lat="24.4336597" lon="121.1044945">
<ele>1695.73</ele>
<time>2023-03-18T08:11:39Z</time>
</trkpt>
<trkpt lat="24.4336876" lon="121.1044490">
<ele>1696.82</ele>
<time>2023-03-18T08:11:47Z</time>
</trkpt>
<trkpt lat="24.4336892" lon="121.1043923">
<ele>1694.32</ele>
<time>2023-03-18T08:12:07Z</time>
</trkpt>
<trkpt lat="24.4336321" lon="121.1043869">
<ele>1691.78</ele>
<time>2023-03-18T08:12:23Z</time>
</trkpt>
<trkpt lat="24.4335970" lon="121.1043501">
<ele>1687.96</ele>
<time>2023-03-18T08:12:37Z</time>
</trkpt>
<trkpt lat="24.4336367" lon="121.1043050">
<ele>1685.50</ele>
<time>2023-03-18T08:12:53Z</time>
</trkpt>
<trkpt lat="24.4336348" lon="121.1042527">
<ele>1682.69</ele>
<time>2023-03-18T08:13:09Z</time>
</trkpt>
<trkpt lat="24.4336280" lon="121.1041982">
<ele>1677.19</ele>
<time>2023-03-18T08:13:22Z</time>
</trkpt>
<trkpt lat="24.4336052" lon="121.1041516">
<ele>1674.93</ele>
<time>2023-03-18T08:13:35Z</time>
</trkpt>
<trkpt lat="24.4335852" lon="121.1041004">
<ele>1669.75</ele>
<time>2023-03-18T08:13:49Z</time>
</trkpt>
<trkpt lat="24.4335569" lon="121.1040560">
<ele>1666.52</ele>
<time>2023-03-18T08:13:59Z</time>
</trkpt>
<trkpt lat="24.4335157" lon="121.1040229">
<ele>1664.65</ele>
<time>2023-03-18T08:14:07Z</time>
</trkpt>
<trkpt lat="24.4335072" lon="121.1039629">
<ele>1663.20</ele>
<time>2023-03-18T08:14:15Z</time>
</trkpt>
<trkpt lat="24.4335598" lon="121.1039876">
<ele>1657.95</ele>
<time>2023-03-18T08:14:33Z</time>
</trkpt>
<trkpt lat="24.4335942" lon="121.1039543">
<ele>1657.52</ele>
<time>2023-03-18T08:14:46Z</time>
</trkpt>
<trkpt lat="24.4335717" lon="121.1039089">
<ele>1654.39</ele>
<time>2023-03-18T08:14:59Z</time>
</trkpt>
<trkpt lat="24.4335528" lon="121.1038570">
<ele>1653.35</ele>
<time>2023-03-18T08:15:13Z</time>
</trkpt>
<trkpt lat="24.4335316" lon="121.1038115">
<ele>1647.48</ele>
<time>2023-03-18T08:15:31Z</time>
</trkpt>
<trkpt lat="24.4335323" lon="121.1037616">
<ele>1647.32</ele>
<time>2023-03-18T08:15:43Z</time>
</trkpt>
<trkpt lat="24.4335699" lon="121.1037216">
<ele>1644.44</ele>
<time>2023-03-18T08:16:01Z</time>
</trkpt>
<trkpt lat="24.4335664" lon="121.1036656">
<ele>1642.09</ele>
<time>2023-03-18T08:16:13Z</time>
</trkpt>
<trkpt lat="24.4335212" lon="121.1036376">
<ele>1637.93</ele>
<time>2023-03-18T08:16:25Z</time>
</trkpt>
<trkpt lat="24.4334892" lon="121.1036002">
<ele>1635.78</ele>
<time>2023-03-18T08:16:35Z</time>
</trkpt>
<trkpt lat="24.4334674" lon="121.1035569">
<ele>1633.18</ele>
<time>2023-03-18T08:16:49Z</time>
</trkpt>
<trkpt lat="24.4334243" lon="121.1035720">
<ele>1631.34</ele>
<time>2023-03-18T08:16:57Z</time>
</trkpt>
<trkpt lat="24.4334239" lon="121.1035101">
<ele>1631.19</ele>
<time>2023-03-18T08:17:05Z</time>
</trkpt>
<trkpt lat="24.4334591" lon="121.1034731">
<ele>1631.64</ele>
<time>2023-03-18T08:17:11Z</time>
</trkpt>
<trkpt lat="24.4334117" lon="121.1034560">
<ele>1629.61</ele>
<time>2023-03-18T08:17:27Z</time>
</trkpt>
<trkpt lat="24.4334579" lon="121.1034643">
<ele>1619.91</ele>
<time>2023-03-18T08:17:41Z</time>
</trkpt>
<trkpt lat="24.4334886" lon="121.1034271">
<ele>1618.14</ele>
<time>2023-03-18T08:18:05Z</time>
</trkpt>
<trkpt lat="24.4334848" lon="121.1033679">
<ele>1611.28</ele>
<time>2023-03-18T08:18:31Z</time>
</trkpt>
<trkpt lat="24.4334802" lon="121.1033088">
<ele>1604.55</ele>
<time>2023-03-18T08:19:05Z</time>
</trkpt>
<trkpt lat="24.4335012" lon="121.1032622">
<ele>1602.85</ele>
<time>2023-03-18T08:19:25Z</time>
</trkpt>
<trkpt lat="24.4334934" lon="121.1032094">
<ele>1603.66</ele>
<time>2023-03-18T08:19:33Z</time>
</trkpt>
<trkpt lat="24.4334474" lon="121.1031803">
<ele>1603.75</ele>
<time>2023-03-18T08:19:45Z</time>
</trkpt>
<trkpt lat="24.4334269" lon="121.1031303">
<ele>1601.06</ele>
<time>2023-03-18T08:20:03Z</time>
</trkpt>
<trkpt lat="24.4334097" lon="121.1030823">
<ele>1598.73</ele>
<time>2023-03-18T08:20:13Z</time>
</trkpt>
<trkpt lat="24.4334088" lon="121.1030239">
<ele>1591.32</ele>
<time>2023-03-18T08:20:31Z</time>
</trkpt>
<trkpt lat="24.4333868" lon="121.1029727">
<ele>1582.77</ele>
<time>2023-03-18T08:20:49Z</time>
</trkpt>
<trkpt lat="24.4333567" lon="121.1029283">
<ele>1580.55</ele>
<time>2023-03-18T08:21:05Z</time>
</trkpt>
<trkpt lat="24.4333460" lon="121.1028677">
<ele>1579.51</ele>
<time>2023-03-18T08:21:15Z</time>
</trkpt>
<trkpt lat="24.4333307" lon="121.1028202">
<ele>1575.42</ele>
<time>2023-03-18T08:21:25Z</time>
</trkpt>
<trkpt lat="24.4332807" lon="121.1027956">
<ele>1570.59</ele>
<time>2023-03-18T08:21:35Z</time>
</trkpt>
<trkpt lat="24.4332593" lon="121.1027456">
<ele>1568.03</ele>
<time>2023-03-18T08:21:53Z</time>
</trkpt>
<trkpt lat="24.4332695" lon="121.1026908">
<ele>1565.02</ele>
<time>2023-03-18T08:22:03Z</time>
</trkpt>
<trkpt lat="24.4332757" lon="121.1026352">
<ele>1565.84</ele>
<time>2023-03-18T08:22:11Z</time>
</trkpt>
<trkpt lat="24.4332666" lon="121.1025842">
<ele>1563.43</ele>
<time>2023-03-18T08:22:23Z</time>
</trkpt>
<trkpt lat="24.4332969" lon="121.1025368">
<ele>1561.90</ele>
<time>2023-03-18T08:22:33Z</time>
</trkpt>
<trkpt lat="24.4333120" lon="121.1024885">
<ele>1558.16</ele>
<time>2023-03-18T08:22:45Z</time>
</trkpt>
<trkpt lat="24.4333103" lon="121.1024316">
<ele>1556.67</ele>
<time>2023-03-18T08:22:55Z</time>
</trkpt>
<trkpt lat="24.4333308" lon="121.1023834">
<ele>1553.34</ele>
<time>2023-03-18T08:23:03Z</time>
</trkpt>
<trkpt lat="24.4333531" lon="121.1023242">
<ele>1549.46</ele>
<time>2023-03-18T08:23:11Z</time>
</trkpt>
<trkpt lat="24.4333758" lon="121.1022673">
<ele>1548.54</ele>
<time>2023-03-18T08:23:17Z</time>
</trkpt>
<trkpt lat="24.4334124" lon="121.1022213">
<ele>1546.19</ele>
<time>2023-03-18T08:23:31Z</time>
</trkpt>
<trkpt lat="24.4334622" lon="121.1022488">
<ele>1544.59</ele>
<time>2023-03-18T08:23:43Z</time>
</trkpt>
<trkpt lat="24.4334856" lon="121.1021801">
<ele>1547.32</ele>
<time>2023-03-18T08:24:33Z</time>
</trkpt>
<trkpt lat="24.4334661" lon="121.1021288">
<ele>1546.50</ele>
<time>2023-03-18T08:24:37Z</time>
</trkpt>
<trkpt lat="24.4334996" lon="121.1020930">
<ele>1546.26</ele>
<time>2023-03-18T08:24:43Z</time>
</trkpt>
<trkpt lat="24.4335183" lon="121.1020307">
<ele>1544.83</ele>
<time>2023-03-18T08:24:51Z</time>
</trkpt>
<trkpt lat="24.4335638" lon="121.1019928">
<ele>1545.21</ele>
<time>2023-03-18T08:25:01Z</time>
</trkpt>
<trkpt lat="24.4336074" lon="121.1019758">
<ele>1544.65</ele>
<time>2023-03-18T08:25:09Z</time>
</trkpt>
<trkpt lat="24.4336393" lon="121.1019379">
<ele>1543.36</ele>
<time>2023-03-18T08:25:17Z</time>
</trkpt>
<trkpt lat="24.4336880" lon="121.1019151">
<ele>1540.34</ele>
<time>2023-03-18T08:25:27Z</time>
</trkpt>
<trkpt lat="24.4337411" lon="121.1018980">
<ele>1539.24</ele>
<time>2023-03-18T08:25:37Z</time>
</trkpt>
<trkpt lat="24.4337868" lon="121.1018884">
<ele>1535.22</ele>
<time>2023-03-18T08:26:11Z</time>
</trkpt>
<trkpt lat="24.4338026" lon="121.1019353">
<ele>1534.41</ele>
<time>2023-03-18T08:26:23Z</time>
</trkpt>
<trkpt lat="24.4338076" lon="121.1018844">
<ele>1529.37</ele>
<time>2023-03-18T08:26:55Z</time>
</trkpt>
<trkpt lat="24.4338445" lon="121.1018411">
<ele>1528.45</ele>
<time>2023-03-18T08:27:03Z</time>
</trkpt>
<trkpt lat="24.4338688" lon="121.1017901">
<ele>1531.13</ele>
<time>2023-03-18T08:27:11Z</time>
</trkpt>
<trkpt lat="24.4339018" lon="121.1017430">
<ele>1521.17</ele>
<time>2023-03-18T08:27:39Z</time>
</trkpt>
<trkpt lat="24.4339305" lon="121.1016986">
<ele>1518.81</ele>
<time>2023-03-18T08:27:55Z</time>
</trkpt>
<trkpt lat="24.4339803" lon="121.1016966">
<ele>1515.39</ele>
<time>2023-03-18T08:28:23Z</time>
</trkpt>
<trkpt lat="24.4340157" lon="121.1016552">
<ele>1512.70</ele>
<time>2023-03-18T08:28:33Z</time>
</trkpt>
<trkpt lat="24.4340032" lon="121.1016069">
<ele>1512.53</ele>
<time>2023-03-18T08:28:55Z</time>
</trkpt>
<trkpt lat="24.4340387" lon="121.1015674">
<ele>1510.83</ele>
<time>2023-03-18T08:29:05Z</time>
</trkpt>
<trkpt lat="24.4340750" lon="121.1015247">
<ele>1508.41</ele>
<time>2023-03-18T08:29:19Z</time>
</trkpt>
<trkpt lat="24.4341123" lon="121.1014862">
<ele>1508.40</ele>
<time>2023-03-18T08:29:39Z</time>
</trkpt>
<trkpt lat="24.4341490" lon="121.1014382">
<ele>1504.71</ele>
<time>2023-03-18T08:29:53Z</time>
</trkpt>
<trkpt lat="24.4341093" lon="121.1013986">
<ele>1505.85</ele>
<time>2023-03-18T08:30:13Z</time>
</trkpt>
<trkpt lat="24.4340595" lon="121.1013911">
<ele>1504.52</ele>
<time>2023-03-18T08:30:27Z</time>
</trkpt>
<trkpt lat="24.4340666" lon="121.1013321">
<ele>1498.95</ele>
<time>2023-03-18T08:30:49Z</time>
</trkpt>
<trkpt lat="24.4340532" lon="121.1012696">
<ele>1497.51</ele>
<time>2023-03-18T08:30:59Z</time>
</trkpt>
<trkpt lat="24.4340722" lon="121.1012179">
<ele>1498.95</ele>
<time>2023-03-18T08:31:05Z</time>
</trkpt>
<trkpt lat="24.4340915" lon="121.1011627">
<ele>1500.26</ele>
<time>2023-03-18T08:31:15Z</time>
</trkpt>
<trkpt lat="24.4340479" lon="121.1011252">
<ele>1486.83</ele>
<time>2023-03-18T08:31:45Z</time>
</trkpt>
<trkpt lat="24.4340535" lon="121.1010678">
<ele>1485.20</ele>
<time>2023-03-18T08:31:53Z</time>
</trkpt>
<trkpt lat="24.4340090" lon="121.1010306">
<ele>1484.70</ele>
<time>2023-03-18T08:32:04Z</time>
</trkpt>
<trkpt lat="24.4339875" lon="121.1009833">
<ele>1472.73</ele>
<time>2023-03-18T08:32:23Z</time>
</trkpt>
<trkpt lat="24.4339771" lon="121.1009274">
<ele>1474.27</ele>
<time>2023-03-18T08:32:31Z</time>
</trkpt>
<trkpt lat="24.4339936" lon="121.1008785">
<ele>1468.41</ele>
<time>2023-03-18T08:32:51Z</time>
</trkpt>
<trkpt lat="24.4339981" lon="121.1008260">
<ele>1464.27</ele>
<time>2023-03-18T08:33:11Z</time>
</trkpt>
<trkpt lat="24.4339902" lon="121.1007720">
<ele>1461.46</ele>
<time>2023-03-18T08:33:21Z</time>
</trkpt>
<trkpt lat="24.4340192" lon="121.1007320">
<ele>1460.81</ele>
<time>2023-03-18T08:33:29Z</time>
</trkpt>
<trkpt lat="24.4340014" lon="121.1006853">
<ele>1458.05</ele>
<time>2023-03-18T08:33:43Z</time>
</trkpt>
<trkpt lat="24.4340292" lon="121.1006347">
<ele>1457.22</ele>
<time>2023-03-18T08:33:59Z</time>
</trkpt>
<trkpt lat="24.4340125" lon="121.1005743">
<ele>1454.94</ele>
<time>2023-03-18T08:34:15Z</time>
</trkpt>
<trkpt lat="24.4340245" lon="121.1005245">
<ele>1449.42</ele>
<time>2023-03-18T08:34:25Z</time>
</trkpt>
<trkpt lat="24.4340514" lon="121.1004833">
<ele>1447.33</ele>
<time>2023-03-18T08:34:33Z</time>
</trkpt>
<trkpt lat="24.4340369" lon="121.1004322">
<ele>1447.00</ele>
<time>2023-03-18T08:34:39Z</time>
</trkpt>
<trkpt lat="24.4340864" lon="121.1004057">
<ele>1442.56</ele>
<time>2023-03-18T08:34:49Z</time>
</trkpt>
<trkpt lat="24.4341121" lon="121.1003558">
<ele>1440.86</ele>
<time>2023-03-18T08:34:57Z</time>
</trkpt>
<trkpt lat="24.4341720" lon="121.1003821">
<ele>1436.89</ele>
<time>2023-03-18T08:35:13Z</time>
</trkpt>
<trkpt lat="24.4342026" lon="121.1003389">
<ele>1435.01</ele>
<time>2023-03-18T08:35:21Z</time>
</trkpt>
<trkpt lat="24.4342518" lon="121.1003231">
<ele>1432.45</ele>
<time>2023-03-18T08:35:33Z</time>
</trkpt>
<trkpt lat="24.4343018" lon="121.1003183">
<ele>1430.32</ele>
<time>2023-03-18T08:35:43Z</time>
</trkpt>
<trkpt lat="24.4342909" lon="121.1002599">
<ele>1425.70</ele>
<time>2023-03-18T08:35:51Z</time>
</trkpt>
<trkpt lat="24.4343412" lon="121.1002503">
<ele>1422.34</ele>
<time>2023-03-18T08:36:03Z</time>
</trkpt>
<trkpt lat="24.4343842" lon="121.1002273">
<ele>1420.44</ele>
<time>2023-03-18T08:36:13Z</time>
</trkpt>
<trkpt lat="24.4344294" lon="121.1001995">
<ele>1419.89</ele>
<time>2023-03-18T08:36:23Z</time>
</trkpt>
<trkpt lat="24.4344774" lon="121.1002032">
<ele>1416.74</ele>
<time>2023-03-18T08:36:39Z</time>
</trkpt>
<trkpt lat="24.4345289" lon="121.1001923">
<ele>1414.19</ele>
<time>2023-03-18T08:36:47Z</time>
</trkpt>
<trkpt lat="24.4345678" lon="121.1001643">
<ele>1412.75</ele>
<time>2023-03-18T08:36:53Z</time>
</trkpt>
<trkpt lat="24.4345991" lon="121.1001218">
<ele>1411.18</ele>
<time>2023-03-18T08:36:59Z</time>
</trkpt>
<trkpt lat="24.4345902" lon="121.1000662">
<ele>1412.19</ele>
<time>2023-03-18T08:37:05Z</time>
</trkpt>
<trkpt lat="24.4346144" lon="121.1000172">
<ele>1406.46</ele>
<time>2023-03-18T08:37:23Z</time>
</trkpt>
<trkpt lat="24.4346074" lon="121.0999664">
<ele>1404.99</ele>
<time>2023-03-18T08:37:37Z</time>
</trkpt>
<trkpt lat="24.4346430" lon="121.0999250">
<ele>1405.02</ele>
<time>2023-03-18T08:37:53Z</time>
</trkpt>
<trkpt lat="24.4346631" lon="121.0998734">
<ele>1400.40</ele>
<time>2023-03-18T08:38:11Z</time>
</trkpt>
<trkpt lat="24.4346737" lon="121.0998165">
<ele>1395.24</ele>
<time>2023-03-18T08:38:33Z</time>
</trkpt>
<trkpt lat="24.4346288" lon="121.0997903">
<ele>1395.61</ele>
<time>2023-03-18T08:38:43Z</time>
</trkpt>
<trkpt lat="24.4346754" lon="121.0997703">
<ele>1394.28</ele>
<time>2023-03-18T08:38:55Z</time>
</trkpt>
<trkpt lat="24.4347136" lon="121.0997420">
<ele>1387.36</ele>
<time>2023-03-18T08:39:21Z</time>
</trkpt>
<trkpt lat="24.4347634" lon="121.0997263">
<ele>1382.04</ele>
<time>2023-03-18T08:39:31Z</time>
</trkpt>
<trkpt lat="24.4347632" lon="121.0996696">
<ele>1376.23</ele>
<time>2023-03-18T08:39:41Z</time>
</trkpt>
<trkpt lat="24.4347902" lon="121.0996220">
<ele>1374.29</ele>
<time>2023-03-18T08:39:55Z</time>
</trkpt>
<trkpt lat="24.4348205" lon="121.0995706">
<ele>1371.15</ele>
<time>2023-03-18T08:40:07Z</time>
</trkpt>
<trkpt lat="24.4348687" lon="121.0995671">
<ele>1368.91</ele>
<time>2023-03-18T08:40:15Z</time>
</trkpt>
<trkpt lat="24.4349186" lon="121.0995485">
<ele>1365.28</ele>
<time>2023-03-18T08:40:29Z</time>
</trkpt>
<trkpt lat="24.4349614" lon="121.0995123">
<ele>1363.70</ele>
<time>2023-03-18T08:40:37Z</time>
</trkpt>
<trkpt lat="24.4349704" lon="121.0994506">
<ele>1361.89</ele>
<time>2023-03-18T08:40:47Z</time>
</trkpt>
<trkpt lat="24.4350000" lon="121.0994020">
<ele>1361.57</ele>
<time>2023-03-18T08:41:01Z</time>
</trkpt>
<trkpt lat="24.4350567" lon="121.0993694">
<ele>1358.26</ele>
<time>2023-03-18T08:41:08Z</time>
</trkpt>
<trkpt lat="24.4351026" lon="121.0993287">
<ele>1356.40</ele>
<time>2023-03-18T08:41:17Z</time>
</trkpt>
<trkpt lat="24.4351306" lon="121.0992850">
<ele>1353.32</ele>
<time>2023-03-18T08:42:44Z</time>
</trkpt>
<trkpt lat="24.4351873" lon="121.0992674">
<ele>1350.42</ele>
<time>2023-03-18T08:42:52Z</time>
</trkpt>
<trkpt lat="24.4352343" lon="121.0992536">
<ele>1351.79</ele>
<time>2023-03-18T08:42:56Z</time>
</trkpt>
<trkpt lat="24.4352495" lon="121.0991852">
<ele>1349.07</ele>
<time>2023-03-18T08:43:10Z</time>
</trkpt>
<trkpt lat="24.4352965" lon="121.0991839">
<ele>1347.34</ele>
<time>2023-03-18T08:43:18Z</time>
</trkpt>
<trkpt lat="24.4353466" lon="121.0991766">
<ele>1344.33</ele>
<time>2023-03-18T08:43:30Z</time>
</trkpt>
<trkpt lat="24.4353901" lon="121.0991566">
<ele>1341.35</ele>
<time>2023-03-18T08:43:44Z</time>
</trkpt>
<trkpt lat="24.4354440" lon="121.0990775">
<ele>1339.49</ele>
<time>2023-03-18T08:43:54Z</time>
</trkpt>
<trkpt lat="24.4355219" lon="121.0991108">
<ele>1339.60</ele>
<time>2023-03-18T08:43:56Z</time>
</trkpt>
<trkpt lat="24.4355018" lon="121.0990627">
<ele>1333.35</ele>
<time>2023-03-18T08:44:12Z</time>
</trkpt>
<trkpt lat="24.4355372" lon="121.0990265">
<ele>1327.30</ele>
<time>2023-03-18T08:44:26Z</time>
</trkpt>
<trkpt lat="24.4355834" lon="121.0989975">
<ele>1323.77</ele>
<time>2023-03-18T08:44:36Z</time>
</trkpt>
<trkpt lat="24.4356269" lon="121.0989813">
<ele>1323.31</ele>
<time>2023-03-18T08:44:42Z</time>
</trkpt>
<trkpt lat="24.4356595" lon="121.0989322">
<ele>1320.07</ele>
<time>2023-03-18T08:44:50Z</time>
</trkpt>
<trkpt lat="24.4356966" lon="121.0988930">
<ele>1318.45</ele>
<time>2023-03-18T08:44:56Z</time>
</trkpt>
<trkpt lat="24.4357089" lon="121.0988394">
<ele>1318.32</ele>
<time>2023-03-18T08:45:02Z</time>
</trkpt>
<trkpt lat="24.4357631" lon="121.0988261">
<ele>1316.47</ele>
<time>2023-03-18T08:45:08Z</time>
</trkpt>
<trkpt lat="24.4358029" lon="121.0987982">
<ele>1315.05</ele>
<time>2023-03-18T08:45:14Z</time>
</trkpt>
<trkpt lat="24.4358529" lon="121.0987767">
<ele>1314.78</ele>
<time>2023-03-18T08:45:20Z</time>
</trkpt>
<trkpt lat="24.4359015" lon="121.0987406">
<ele>1312.52</ele>
<time>2023-03-18T08:45:26Z</time>
</trkpt>
<trkpt lat="24.4359427" lon="121.0986973">
<ele>1311.65</ele>
<time>2023-03-18T08:45:32Z</time>
</trkpt>
<trkpt lat="24.4359717" lon="121.0986559">
<ele>1313.34</ele>
<time>2023-03-18T08:45:38Z</time>
</trkpt>
<trkpt lat="24.4360060" lon="121.0986222">
<ele>1313.17</ele>
<time>2023-03-18T08:45:42Z</time>
</trkpt>
<trkpt lat="24.4360694" lon="121.0985992">
<ele>1311.58</ele>
<time>2023-03-18T08:45:52Z</time>
</trkpt>
<trkpt lat="24.4361130" lon="121.0985810">
<ele>1308.97</ele>
<time>2023-03-18T08:46:02Z</time>
</trkpt>
<trkpt lat="24.4361105" lon="121.0985276">
<ele>1307.23</ele>
<time>2023-03-18T08:46:14Z</time>
</trkpt>
<trkpt lat="24.4361635" lon="121.0985398">
<ele>1302.74</ele>
<time>2023-03-18T08:46:32Z</time>
</trkpt>
<trkpt lat="24.4362051" lon="121.0985197">
<ele>1300.02</ele>
<time>2023-03-18T08:46:42Z</time>
</trkpt>
<trkpt lat="24.4362524" lon="121.0985201">
<ele>1298.24</ele>
<time>2023-03-18T08:46:52Z</time>
</trkpt>
<trkpt lat="24.4363022" lon="121.0985183">
<ele>1298.38</ele>
<time>2023-03-18T08:47:02Z</time>
</trkpt>
<trkpt lat="24.4363477" lon="121.0985100">
<ele>1295.87</ele>
<time>2023-03-18T08:47:10Z</time>
</trkpt>
<trkpt lat="24.4363936" lon="121.0985113">
<ele>1295.50</ele>
<time>2023-03-18T08:47:20Z</time>
</trkpt>
<trkpt lat="24.4364336" lon="121.0985377">
<ele>1292.93</ele>
<time>2023-03-18T08:47:30Z</time>
</trkpt>
<trkpt lat="24.4364630" lon="121.0985843">
<ele>1290.86</ele>
<time>2023-03-18T08:47:42Z</time>
</trkpt>
<trkpt lat="24.4364493" lon="121.0986407">
<ele>1290.74</ele>
<time>2023-03-18T08:47:50Z</time>
</trkpt>
<trkpt lat="24.4365071" lon="121.0986116">
<ele>1286.69</ele>
<time>2023-03-18T08:48:00Z</time>
</trkpt>
<trkpt lat="24.4365524" lon="121.0986227">
<ele>1282.21</ele>
<time>2023-03-18T08:48:44Z</time>
</trkpt>
<trkpt lat="24.4365990" lon="121.0986462">
<ele>1277.92</ele>
<time>2023-03-18T08:48:58Z</time>
</trkpt>
<trkpt lat="24.4366451" lon="121.0986718">
<ele>1276.13</ele>
<time>2023-03-18T08:49:12Z</time>
</trkpt>
<trkpt lat="24.4366923" lon="121.0986642">
<ele>1271.37</ele>
<time>2023-03-18T08:49:22Z</time>
</trkpt>
<trkpt lat="24.4367517" lon="121.0986593">
<ele>1266.64</ele>
<time>2023-03-18T08:49:32Z</time>
</trkpt>
<trkpt lat="24.4367946" lon="121.0987096">
<ele>1268.50</ele>
<time>2023-03-18T08:49:38Z</time>
</trkpt>
<trkpt lat="24.4368292" lon="121.0987492">
<ele>1267.84</ele>
<time>2023-03-18T08:49:44Z</time>
</trkpt>
<trkpt lat="24.4368553" lon="121.0987964">
<ele>1266.78</ele>
<time>2023-03-18T08:49:52Z</time>
</trkpt>
<trkpt lat="24.4368641" lon="121.0988461">
<ele>1267.86</ele>
<time>2023-03-18T08:50:00Z</time>
</trkpt>
<trkpt lat="24.4369292" lon="121.0988643">
<ele>1268.26</ele>
<time>2023-03-18T08:50:10Z</time>
</trkpt>
<trkpt lat="24.4369908" lon="121.0988830">
<ele>1268.07</ele>
<time>2023-03-18T08:50:20Z</time>
</trkpt>
<trkpt lat="24.4369675" lon="121.0989317">
<ele>1264.64</ele>
<time>2023-03-18T08:50:32Z</time>
</trkpt>
<trkpt lat="24.4369595" lon="121.0989827">
<ele>1258.31</ele>
<time>2023-03-18T08:50:58Z</time>
</trkpt>
<trkpt lat="24.4369697" lon="121.0990331">
<ele>1259.23</ele>
<time>2023-03-18T08:51:06Z</time>
</trkpt>
<trkpt lat="24.4369722" lon="121.0990877">
<ele>1252.28</ele>
<time>2023-03-18T08:51:20Z</time>
</trkpt>
<trkpt lat="24.4370184" lon="121.0990952">
<ele>1245.40</ele>
<time>2023-03-18T08:51:34Z</time>
</trkpt>
<trkpt lat="24.4370396" lon="121.0991511">
<ele>1246.40</ele>
<time>2023-03-18T08:51:42Z</time>
</trkpt>
<trkpt lat="24.4370249" lon="121.0992061">
<ele>1245.07</ele>
<time>2023-03-18T08:51:50Z</time>
</trkpt>
<trkpt lat="24.4369941" lon="121.0992439">
<ele>1242.75</ele>
<time>2023-03-18T08:52:00Z</time>
</trkpt>
<trkpt lat="24.4369435" lon="121.0992151">
<ele>1221.37</ele>
<time>2023-03-18T08:52:20Z</time>
</trkpt>
<trkpt lat="24.4369870" lon="121.0992432">
<ele>1222.01</ele>
<time>2023-03-18T08:52:26Z</time>
</trkpt>
<trkpt lat="24.4370199" lon="121.0992806">
<ele>1223.61</ele>
<time>2023-03-18T08:52:34Z</time>
</trkpt>
<trkpt lat="24.4370594" lon="121.0992554">
<ele>1211.27</ele>
<time>2023-03-18T08:52:46Z</time>
</trkpt>
<trkpt lat="24.4371049" lon="121.0992383">
<ele>1201.66</ele>
<time>2023-03-18T08:53:04Z</time>
</trkpt>
<trkpt lat="24.4370619" lon="121.0993012">
<ele>1194.53</ele>
<time>2023-03-18T08:53:20Z</time>
</trkpt>
<trkpt lat="24.4370819" lon="121.0993604">
<ele>1194.71</ele>
<time>2023-03-18T08:53:32Z</time>
</trkpt>
<trkpt lat="24.4370648" lon="121.0994240">
<ele>1196.91</ele>
<time>2023-03-18T08:53:44Z</time>
</trkpt>
<trkpt lat="24.4370494" lon="121.0994877">
<ele>1201.97</ele>
<time>2023-03-18T08:53:54Z</time>
</trkpt>
<trkpt lat="24.4370510" lon="121.0995415">
<ele>1205.39</ele>
<time>2023-03-18T08:54:12Z</time>
</trkpt>
<trkpt lat="24.4370436" lon="121.0995991">
<ele>1203.97</ele>
<time>2023-03-18T08:54:30Z</time>
</trkpt>
<trkpt lat="24.4369955" lon="121.0996126">
<ele>1200.37</ele>
<time>2023-03-18T08:54:42Z</time>
</trkpt>
<trkpt lat="24.4369578" lon="121.0996433">
<ele>1189.22</ele>
<time>2023-03-18T08:54:56Z</time>
</trkpt>
<trkpt lat="24.4369295" lon="121.0996840">
<ele>1189.99</ele>
<time>2023-03-18T08:55:14Z</time>
</trkpt>
<trkpt lat="24.4369640" lon="121.0997298">
<ele>1189.37</ele>
<time>2023-03-18T08:55:42Z</time>
</trkpt>
<trkpt lat="24.4370001" lon="121.0997622">
<ele>1188.74</ele>
<time>2023-03-18T08:55:50Z</time>
</trkpt>
<trkpt lat="24.4370278" lon="121.0998072">
<ele>1190.12</ele>
<time>2023-03-18T08:56:00Z</time>
</trkpt>
<trkpt lat="24.4369941" lon="121.0998478">
<ele>1183.42</ele>
<time>2023-03-18T08:56:22Z</time>
</trkpt>
<trkpt lat="24.4370248" lon="121.0998862">
<ele>1182.75</ele>
<time>2023-03-18T08:56:28Z</time>
</trkpt>
<trkpt lat="24.4370392" lon="121.0999348">
<ele>1182.22</ele>
<time>2023-03-18T08:56:30Z</time>
</trkpt>
<trkpt lat="24.4370467" lon="121.0999999">
<ele>1184.68</ele>
<time>2023-03-18T08:56:34Z</time>
</trkpt>
<trkpt lat="24.4370949" lon="121.1000209">
<ele>1188.99</ele>
<time>2023-03-18T08:56:44Z</time>
</trkpt>
<trkpt lat="24.4371365" lon="121.1000514">
<ele>1190.74</ele>
<time>2023-03-18T08:56:50Z</time>
</trkpt>
<trkpt lat="24.4371912" lon="121.0999972">
<ele>1183.64</ele>
<time>2023-03-18T08:56:56Z</time>
</trkpt>
<trkpt lat="24.4371938" lon="121.0999330">
<ele>1185.01</ele>
<time>2023-03-18T08:57:02Z</time>
</trkpt>
<trkpt lat="24.4371924" lon="121.0998686">
<ele>1189.36</ele>
<time>2023-03-18T08:58:10Z</time>
</trkpt>
<trkpt lat="24.4372074" lon="121.0998200">
<ele>1190.88</ele>
<time>2023-03-18T08:58:14Z</time>
</trkpt>
<trkpt lat="24.4371872" lon="121.0997649">
<ele>1188.38</ele>
<time>2023-03-18T08:58:20Z</time>
</trkpt>
<trkpt lat="24.4372123" lon="121.0997186">
<ele>1185.81</ele>
<time>2023-03-18T08:58:30Z</time>
</trkpt>
<trkpt lat="24.4372245" lon="121.0996670">
<ele>1186.37</ele>
<time>2023-03-18T08:58:38Z</time>
</trkpt>
<trkpt lat="24.4372536" lon="121.0996278">
<ele>1184.61</ele>
<time>2023-03-18T08:58:54Z</time>
</trkpt>
<trkpt lat="24.4372814" lon="121.0995837">
<ele>1183.93</ele>
<time>2023-03-18T08:59:06Z</time>
</trkpt>
<trkpt lat="24.4373154" lon="121.0995511">
<ele>1182.44</ele>
<time>2023-03-18T08:59:38Z</time>
</trkpt>
<trkpt lat="24.4373211" lon="121.0994944">
<ele>1174.88</ele>
<time>2023-03-18T08:59:54Z</time>
</trkpt>
<trkpt lat="24.4373368" lon="121.0994458">
<ele>1174.11</ele>
<time>2023-03-18T09:00:04Z</time>
</trkpt>
<trkpt lat="24.4373521" lon="121.0993945">
<ele>1173.49</ele>
<time>2023-03-18T09:00:12Z</time>
</trkpt>
<trkpt lat="24.4373927" lon="121.0993596">
<ele>1172.05</ele>
<time>2023-03-18T09:00:22Z</time>
</trkpt>
<trkpt lat="24.4373676" lon="121.0993173">
<ele>1170.38</ele>
<time>2023-03-18T09:00:28Z</time>
</trkpt>
<trkpt lat="24.4373341" lon="121.0992608">
<ele>1171.88</ele>
<time>2023-03-18T09:00:40Z</time>
</trkpt>
<trkpt lat="24.4373421" lon="121.0992043">
<ele>1170.52</ele>
<time>2023-03-18T09:00:50Z</time>
</trkpt>
<trkpt lat="24.4373587" lon="121.0991523">
<ele>1169.11</ele>
<time>2023-03-18T09:00:58Z</time>
</trkpt>
<trkpt lat="24.4373879" lon="121.0991055">
<ele>1170.37</ele>
<time>2023-03-18T09:01:08Z</time>
</trkpt>
<trkpt lat="24.4373809" lon="121.0990484">
<ele>1171.23</ele>
<time>2023-03-18T09:01:18Z</time>
</trkpt>
<trkpt lat="24.4374237" lon="121.0990323">
<ele>1163.91</ele>
<time>2023-03-18T09:01:28Z</time>
</trkpt>
<trkpt lat="24.4374706" lon="121.0990347">
<ele>1163.09</ele>
<time>2023-03-18T09:01:34Z</time>
</trkpt>
<trkpt lat="24.4374538" lon="121.0989826">
<ele>1162.38</ele>
<time>2023-03-18T09:01:40Z</time>
</trkpt>
<trkpt lat="24.4374801" lon="121.0989404">
<ele>1160.44</ele>
<time>2023-03-18T09:01:52Z</time>
</trkpt>
<trkpt lat="24.4373878" lon="121.0989253">
<ele>1154.77</ele>
<time>2023-03-18T09:02:02Z</time>
</trkpt>
<trkpt lat="24.4374109" lon="121.0988708">
<ele>1157.43</ele>
<time>2023-03-18T09:02:08Z</time>
</trkpt>
<trkpt lat="24.4374154" lon="121.0988197">
<ele>1158.42</ele>
<time>2023-03-18T09:02:14Z</time>
</trkpt>
<trkpt lat="24.4374249" lon="121.0987669">
<ele>1157.39</ele>
<time>2023-03-18T09:02:20Z</time>
</trkpt>
<trkpt lat="24.4374579" lon="121.0987201">
<ele>1157.87</ele>
<time>2023-03-18T09:02:26Z</time>
</trkpt>
<trkpt lat="24.4374977" lon="121.0986717">
<ele>1158.29</ele>
<time>2023-03-18T09:02:36Z</time>
</trkpt>
<trkpt lat="24.4375453" lon="121.0986709">
<ele>1157.67</ele>
<time>2023-03-18T09:02:48Z</time>
</trkpt>
<trkpt lat="24.4375839" lon="121.0986399">
<ele>1157.22</ele>
<time>2023-03-18T09:02:56Z</time>
</trkpt>
<trkpt lat="24.4376279" lon="121.0985980">
<ele>1156.92</ele>
<time>2023-03-18T09:03:08Z</time>
</trkpt>
<trkpt lat="24.4376597" lon="121.0985445">
<ele>1157.98</ele>
<time>2023-03-18T09:03:16Z</time>
</trkpt>
<trkpt lat="24.4376990" lon="121.0985159">
<ele>1157.20</ele>
<time>2023-03-18T09:03:22Z</time>
</trkpt>
<trkpt lat="24.4377344" lon="121.0984851">
<ele>1157.62</ele>
<time>2023-03-18T09:03:28Z</time>
</trkpt>
<trkpt lat="24.4377755" lon="121.0984532">
<ele>1157.09</ele>
<time>2023-03-18T09:03:34Z</time>
</trkpt>
<trkpt lat="24.4378259" lon="121.0984524">
<ele>1158.07</ele>
<time>2023-03-18T09:03:42Z</time>
</trkpt>
<trkpt lat="24.4378740" lon="121.0984447">
<ele>1158.59</ele>
<time>2023-03-18T09:03:48Z</time>
</trkpt>
<trkpt lat="24.4379108" lon="121.0984136">
<ele>1159.24</ele>
<time>2023-03-18T09:03:54Z</time>
</trkpt>
<trkpt lat="24.4379548" lon="121.0984005">
<ele>1158.89</ele>
<time>2023-03-18T09:04:00Z</time>
</trkpt>
<trkpt lat="24.4380029" lon="121.0983840">
<ele>1158.76</ele>
<time>2023-03-18T09:04:08Z</time>
</trkpt>
</trkseg>
<trkseg>
<trkpt lat="24.4381067" lon="121.0982060">
<ele>1276.81</ele>
<time>2023-03-18T21:59:49Z</time>
</trkpt>
<trkpt lat="24.4381492" lon="121.0985780">
<ele>1194.50</ele>
<time>2023-03-18T21:59:52Z</time>
</trkpt>
<trkpt lat="24.4381157" lon="121.0983176">
<ele>1190.18</ele>
<time>2023-03-18T21:59:54Z</time>
</trkpt>
<trkpt lat="24.4380515" lon="121.0984299">
<ele>1136.17</ele>
<time>2023-03-18T21:59:56Z</time>
</trkpt>
<trkpt lat="24.4380115" lon="121.0983763">
<ele>1121.60</ele>
<time>2023-03-18T21:59:59Z</time>
</trkpt>
<trkpt lat="24.4379631" lon="121.0983726">
<ele>1133.42</ele>
<time>2023-03-18T22:00:07Z</time>
</trkpt>
<trkpt lat="24.4379947" lon="121.0984290">
<ele>1134.37</ele>
<time>2023-03-18T22:00:19Z</time>
</trkpt>
<trkpt lat="24.4379893" lon="121.0984904">
<ele>1131.82</ele>
<time>2023-03-18T22:00:29Z</time>
</trkpt>
<trkpt lat="24.4379468" lon="121.0985229">
<ele>1132.44</ele>
<time>2023-03-18T22:00:37Z</time>
</trkpt>
<trkpt lat="24.4378994" lon="121.0985362">
<ele>1136.58</ele>
<time>2023-03-18T22:00:43Z</time>
</trkpt>
<trkpt lat="24.4378557" lon="121.0985600">
<ele>1137.31</ele>
<time>2023-03-18T22:00:53Z</time>
</trkpt>
<trkpt lat="24.4378058" lon="121.0985699">
<ele>1137.05</ele>
<time>2023-03-18T22:01:03Z</time>
</trkpt>
<trkpt lat="24.4377763" lon="121.0986140">
<ele>1137.45</ele>
<time>2023-03-18T22:01:15Z</time>
</trkpt>
<trkpt lat="24.4377373" lon="121.0986610">
<ele>1137.60</ele>
<time>2023-03-18T22:01:23Z</time>
</trkpt>
<trkpt lat="24.4377155" lon="121.0987080">
<ele>1137.69</ele>
<time>2023-03-18T22:01:31Z</time>
</trkpt>
<trkpt lat="24.4376810" lon="121.0987559">
<ele>1136.94</ele>
<time>2023-03-18T22:01:39Z</time>
</trkpt>
<trkpt lat="24.4376785" lon="121.0988197">
<ele>1135.67</ele>
<time>2023-03-18T22:01:47Z</time>
</trkpt>
<trkpt lat="24.4376412" lon="121.0988564">
<ele>1137.11</ele>
<time>2023-03-18T22:01:55Z</time>
</trkpt>
<trkpt lat="24.4375974" lon="121.0988815">
<ele>1138.12</ele>
<time>2023-03-18T22:02:03Z</time>
</trkpt>
<trkpt lat="24.4375646" lon="121.0989219">
<ele>1138.92</ele>
<time>2023-03-18T22:02:11Z</time>
</trkpt>
<trkpt lat="24.4375410" lon="121.0989776">
<ele>1140.10</ele>
<time>2023-03-18T22:02:19Z</time>
</trkpt>
<trkpt lat="24.4375148" lon="121.0990219">
<ele>1145.98</ele>
<time>2023-03-18T22:02:25Z</time>
</trkpt>
<trkpt lat="24.4374709" lon="121.0990532">
<ele>1147.41</ele>
<time>2023-03-18T22:02:39Z</time>
</trkpt>
<trkpt lat="24.4374300" lon="121.0990878">
<ele>1150.60</ele>
<time>2023-03-18T22:02:47Z</time>
</trkpt>
<trkpt lat="24.4374040" lon="121.0991321">
<ele>1153.37</ele>
<time>2023-03-18T22:02:55Z</time>
</trkpt>
<trkpt lat="24.4373851" lon="121.0991820">
<ele>1155.46</ele>
<time>2023-03-18T22:03:03Z</time>
</trkpt>
<trkpt lat="24.4373883" lon="121.0992414">
<ele>1158.69</ele>
<time>2023-03-18T22:03:13Z</time>
</trkpt>
<trkpt lat="24.4373903" lon="121.0992909">
<ele>1159.03</ele>
<time>2023-03-18T22:03:21Z</time>
</trkpt>
<trkpt lat="24.4374292" lon="121.0993189">
<ele>1161.26</ele>
<time>2023-03-18T22:03:31Z</time>
</trkpt>
<trkpt lat="24.4374684" lon="121.0993523">
<ele>1164.60</ele>
<time>2023-03-18T22:03:39Z</time>
</trkpt>
<trkpt lat="24.4375175" lon="121.0993720">
<ele>1168.57</ele>
<time>2023-03-18T22:03:47Z</time>
</trkpt>
<trkpt lat="24.4375610" lon="121.0993507">
<ele>1163.40</ele>
<time>2023-03-18T22:04:03Z</time>
</trkpt>
<trkpt lat="24.4377331" lon="121.0993373">
<ele>1168.59</ele>
<time>2023-03-18T22:04:19Z</time>
</trkpt>
<trkpt lat="24.4376872" lon="121.0993301">
<ele>1173.04</ele>
<time>2023-03-18T22:04:25Z</time>
</trkpt>
<trkpt lat="24.4375998" lon="121.0993673">
<ele>1167.70</ele>
<time>2023-03-18T22:04:27Z</time>
</trkpt>
<trkpt lat="24.4375476" lon="121.0993861">
<ele>1162.71</ele>
<time>2023-03-18T22:04:29Z</time>
</trkpt>
<trkpt lat="24.4375449" lon="121.0993325">
<ele>1153.39</ele>
<time>2023-03-18T22:04:43Z</time>
</trkpt>
<trkpt lat="24.4375816" lon="121.0993615">
<ele>1157.50</ele>
<time>2023-03-18T22:06:13Z</time>
</trkpt>
<trkpt lat="24.4376239" lon="121.0993860">
<ele>1149.53</ele>
<time>2023-03-18T22:07:17Z</time>
</trkpt>
<trkpt lat="24.4376560" lon="121.0994208">
<ele>1146.90</ele>
<time>2023-03-18T22:07:51Z</time>
</trkpt>
<trkpt lat="24.4376661" lon="121.0994691">
<ele>1148.22</ele>
<time>2023-03-18T22:08:25Z</time>
</trkpt>
<trkpt lat="24.4376513" lon="121.0995203">
<ele>1146.42</ele>
<time>2023-03-18T22:17:23Z</time>
</trkpt>
<trkpt lat="24.4376434" lon="121.0995745">
<ele>1152.71</ele>
<time>2023-03-18T22:17:33Z</time>
</trkpt>
<trkpt lat="24.4376423" lon="121.0996260">
<ele>1151.86</ele>
<time>2023-03-18T22:17:37Z</time>
</trkpt>
<trkpt lat="24.4376628" lon="121.0996862">
<ele>1154.68</ele>
<time>2023-03-18T22:17:45Z</time>
</trkpt>
<trkpt lat="24.4376550" lon="121.0997483">
<ele>1156.07</ele>
<time>2023-03-18T22:17:53Z</time>
</trkpt>
<trkpt lat="24.4376793" lon="121.0998007">
<ele>1157.84</ele>
<time>2023-03-18T22:17:59Z</time>
</trkpt>
<trkpt lat="24.4376860" lon="121.0998502">
<ele>1157.34</ele>
<time>2023-03-18T22:18:05Z</time>
</trkpt>
<trkpt lat="24.4376615" lon="121.0998933">
<ele>1155.48</ele>
<time>2023-03-18T22:18:11Z</time>
</trkpt>
<trkpt lat="24.4376690" lon="121.0999433">
<ele>1152.91</ele>
<time>2023-03-18T22:18:19Z</time>
</trkpt>
<trkpt lat="24.4376431" lon="121.0999856">
<ele>1152.16</ele>
<time>2023-03-18T22:18:25Z</time>
</trkpt>
<trkpt lat="24.4376281" lon="121.1000323">
<ele>1152.71</ele>
<time>2023-03-18T22:18:35Z</time>
</trkpt>
<trkpt lat="24.4376547" lon="121.1000909">
<ele>1153.55</ele>
<time>2023-03-18T22:18:45Z</time>
</trkpt>
<trkpt lat="24.4377072" lon="121.1001222">
<ele>1149.97</ele>
<time>2023-03-18T22:19:57Z</time>
</trkpt>
<trkpt lat="24.4377545" lon="121.1001267">
<ele>1149.67</ele>
<time>2023-03-18T22:20:03Z</time>
</trkpt>
<trkpt lat="24.4378154" lon="121.1001229">
<ele>1148.26</ele>
<time>2023-03-18T22:20:11Z</time>
</trkpt>
<trkpt lat="24.4378734" lon="121.1001253">
<ele>1147.90</ele>
<time>2023-03-18T22:20:19Z</time>
</trkpt>
<trkpt lat="24.4379211" lon="121.1001270">
<ele>1147.79</ele>
<time>2023-03-18T22:20:25Z</time>
</trkpt>
<trkpt lat="24.4379706" lon="121.1001229">
<ele>1146.95</ele>
<time>2023-03-18T22:20:31Z</time>
</trkpt>
<trkpt lat="24.4380251" lon="121.1001270">
<ele>1145.98</ele>
<time>2023-03-18T22:20:39Z</time>
</trkpt>
<trkpt lat="24.4380773" lon="121.1001396">
<ele>1147.33</ele>
<time>2023-03-18T22:20:47Z</time>
</trkpt>
<trkpt lat="24.4381312" lon="121.1001503">
<ele>1146.61</ele>
<time>2023-03-18T22:20:55Z</time>
</trkpt>
<trkpt lat="24.4381838" lon="121.1001555">
<ele>1146.90</ele>
<time>2023-03-18T22:21:03Z</time>
</trkpt>
<trkpt lat="24.4382345" lon="121.1001653">
<ele>1145.88</ele>
<time>2023-03-18T22:21:11Z</time>
</trkpt>
<trkpt lat="24.4382817" lon="121.1001887">
<ele>1146.92</ele>
<time>2023-03-18T22:21:19Z</time>
</trkpt>
<trkpt lat="24.4383329" lon="121.1002034">
<ele>1146.94</ele>
<time>2023-03-18T22:21:28Z</time>
</trkpt>
<trkpt lat="24.4383879" lon="121.1001980">
<ele>1146.23</ele>
<time>2023-03-18T22:21:37Z</time>
</trkpt>
<trkpt lat="24.4384362" lon="121.1001981">
<ele>1147.48</ele>
<time>2023-03-18T22:21:45Z</time>
</trkpt>
<trkpt lat="24.4384912" lon="121.1002200">
<ele>1148.48</ele>
<time>2023-03-18T22:21:55Z</time>
</trkpt>
<trkpt lat="24.4385360" lon="121.1002153">
<ele>1149.70</ele>
<time>2023-03-18T22:22:02Z</time>
</trkpt>
<trkpt lat="24.4385876" lon="121.1002277">
<ele>1150.39</ele>
<time>2023-03-18T22:22:13Z</time>
</trkpt>
<trkpt lat="24.4386346" lon="121.1002472">
<ele>1150.51</ele>
<time>2023-03-18T22:22:21Z</time>
</trkpt>
<trkpt lat="24.4386758" lon="121.1002713">
<ele>1149.51</ele>
<time>2023-03-18T22:22:30Z</time>
</trkpt>
<trkpt lat="24.4387354" lon="121.1002340">
<ele>1150.49</ele>
<time>2023-03-18T22:23:25Z</time>
</trkpt>
<trkpt lat="24.4387759" lon="121.1001963">
<ele>1153.97</ele>
<time>2023-03-18T22:23:50Z</time>
</trkpt>
<trkpt lat="24.4388227" lon="121.1002101">
<ele>1152.83</ele>
<time>2023-03-18T22:24:00Z</time>
</trkpt>
<trkpt lat="24.4387849" lon="121.1002585">
<ele>1155.41</ele>
<time>2023-03-18T22:24:07Z</time>
</trkpt>
<trkpt lat="24.4388285" lon="121.1002745">
<ele>1148.94</ele>
<time>2023-03-18T22:24:32Z</time>
</trkpt>
<trkpt lat="24.4387827" lon="121.1002807">
<ele>1157.01</ele>
<time>2023-03-18T22:24:44Z</time>
</trkpt>
<trkpt lat="24.4388343" lon="121.1002562">
<ele>1162.88</ele>
<time>2023-03-18T22:25:14Z</time>
</trkpt>
<trkpt lat="24.4388697" lon="121.1002257">
<ele>1177.08</ele>
<time>2023-03-18T22:26:14Z</time>
</trkpt>
<trkpt lat="24.4389100" lon="121.1002005">
<ele>1183.55</ele>
<time>2023-03-18T22:27:38Z</time>
</trkpt>
<trkpt lat="24.4389566" lon="121.1002012">
<ele>1187.75</ele>
<time>2023-03-18T22:29:00Z</time>
</trkpt>
<trkpt lat="24.4389966" lon="121.1001768">
<ele>1184.66</ele>
<time>2023-03-18T22:29:06Z</time>
</trkpt>
<trkpt lat="24.4390416" lon="121.1001778">
<ele>1190.13</ele>
<time>2023-03-18T22:29:48Z</time>
</trkpt>
<trkpt lat="24.4390870" lon="121.1001723">
<ele>1187.08</ele>
<time>2023-03-18T22:30:30Z</time>
</trkpt>
<trkpt lat="24.4391329" lon="121.1002012">
<ele>1190.01</ele>
<time>2023-03-18T22:31:16Z</time>
</trkpt>
<trkpt lat="24.4391674" lon="121.1002439">
<ele>1199.57</ele>
<time>2023-03-18T22:32:02Z</time>
</trkpt>
<trkpt lat="24.4392166" lon="121.1002293">
<ele>1196.97</ele>
<time>2023-03-18T22:32:30Z</time>
</trkpt>
<trkpt lat="24.4392590" lon="121.1002054">
<ele>1200.41</ele>
<time>2023-03-18T22:32:44Z</time>
</trkpt>
<trkpt lat="24.4392673" lon="121.1001493">
<ele>1202.97</ele>
<time>2023-03-18T22:33:08Z</time>
</trkpt>
<trkpt lat="24.4393103" lon="121.1001796">
<ele>1203.79</ele>
<time>2023-03-18T22:33:18Z</time>
</trkpt>
<trkpt lat="24.4393561" lon="121.1002038">
<ele>1205.01</ele>
<time>2023-03-18T22:33:36Z</time>
</trkpt>
<trkpt lat="24.4394005" lon="121.1001942">
<ele>1207.28</ele>
<time>2023-03-18T22:33:50Z</time>
</trkpt>
<trkpt lat="24.4394224" lon="121.1002455">
<ele>1204.66</ele>
<time>2023-03-18T22:34:18Z</time>
</trkpt>
<trkpt lat="24.4394705" lon="121.1002333">
<ele>1212.55</ele>
<time>2023-03-18T22:34:34Z</time>
</trkpt>
<trkpt lat="24.4395115" lon="121.1002051">
<ele>1216.95</ele>
<time>2023-03-18T22:35:08Z</time>
</trkpt>
<trkpt lat="24.4395616" lon="121.1001993">
<ele>1215.57</ele>
<time>2023-03-18T22:35:28Z</time>
</trkpt>
<trkpt lat="24.4396101" lon="121.1001728">
<ele>1218.75</ele>
<time>2023-03-18T22:35:54Z</time>
</trkpt>
<trkpt lat="24.4396255" lon="121.1001226">
<ele>1218.39</ele>
<time>2023-03-18T22:36:38Z</time>
</trkpt>
<trkpt lat="24.4396307" lon="121.1000689">
<ele>1226.49</ele>
<time>2023-03-18T22:37:16Z</time>
</trkpt>
<trkpt lat="24.4396747" lon="121.1000476">
<ele>1225.89</ele>
<time>2023-03-18T22:37:52Z</time>
</trkpt>
<trkpt lat="24.4396475" lon="121.1000033">
<ele>1231.85</ele>
<time>2023-03-18T22:38:14Z</time>
</trkpt>
<trkpt lat="24.4397006" lon="121.1000095">
<ele>1231.60</ele>
<time>2023-03-18T22:38:30Z</time>
</trkpt>
<trkpt lat="24.4396692" lon="121.0999737">
<ele>1231.70</ele>
<time>2023-03-18T22:39:02Z</time>
</trkpt>
<trkpt lat="24.4396768" lon="121.0999205">
<ele>1239.84</ele>
<time>2023-03-18T22:39:48Z</time>
</trkpt>
<trkpt lat="24.4397260" lon="121.0998961">
<ele>1237.26</ele>
<time>2023-03-18T22:40:17Z</time>
</trkpt>
<trkpt lat="24.4396758" lon="121.0998894">
<ele>1240.94</ele>
<time>2023-03-18T22:40:29Z</time>
</trkpt>
<trkpt lat="24.4396288" lon="121.0998863">
<ele>1248.48</ele>
<time>2023-03-18T22:40:50Z</time>
</trkpt>
<trkpt lat="24.4396728" lon="121.0998539">
<ele>1249.13</ele>
<time>2023-03-18T22:41:08Z</time>
</trkpt>
<trkpt lat="24.4396327" lon="121.0998253">
<ele>1245.25</ele>
<time>2023-03-18T22:41:48Z</time>
</trkpt>
<trkpt lat="24.4395818" lon="121.0997993">
<ele>1252.52</ele>
<time>2023-03-18T22:42:56Z</time>
</trkpt>
<trkpt lat="24.4395352" lon="121.0997903">
<ele>1252.40</ele>
<time>2023-03-18T22:43:12Z</time>
</trkpt>
<trkpt lat="24.4394895" lon="121.0997540">
<ele>1251.92</ele>
<time>2023-03-18T22:43:22Z</time>
</trkpt>
<trkpt lat="24.4394652" lon="121.0997067">
<ele>1251.92</ele>
<time>2023-03-18T22:43:30Z</time>
</trkpt>
<trkpt lat="24.4395219" lon="121.0997036">
<ele>1250.86</ele>
<time>2023-03-18T22:43:38Z</time>
</trkpt>
<trkpt lat="24.4395448" lon="121.0996596">
<ele>1254.15</ele>
<time>2023-03-18T22:44:24Z</time>
</trkpt>
<trkpt lat="24.4395941" lon="121.0996466">
<ele>1252.62</ele>
<time>2023-03-18T22:44:34Z</time>
</trkpt>
<trkpt lat="24.4396442" lon="121.0996269">
<ele>1253.94</ele>
<time>2023-03-18T22:44:56Z</time>
</trkpt>
<trkpt lat="24.4396906" lon="121.0996104">
<ele>1251.85</ele>
<time>2023-03-18T22:45:24Z</time>
</trkpt>
<trkpt lat="24.4397304" lon="121.0995711">
<ele>1251.70</ele>
<time>2023-03-18T22:45:38Z</time>
</trkpt>
<trkpt lat="24.4397717" lon="121.0995471">
<ele>1252.40</ele>
<time>2023-03-18T22:45:52Z</time>
</trkpt>
<trkpt lat="24.4398090" lon="121.0995143">
<ele>1253.60</ele>
<time>2023-03-18T22:46:02Z</time>
</trkpt>
<trkpt lat="24.4398572" lon="121.0995063">
<ele>1252.47</ele>
<time>2023-03-18T22:46:28Z</time>
</trkpt>
<trkpt lat="24.4399026" lon="121.0995151">
<ele>1248.71</ele>
<time>2023-03-18T22:46:46Z</time>
</trkpt>
<trkpt lat="24.4399441" lon="121.0994903">
<ele>1252.97</ele>
<time>2023-03-18T22:47:02Z</time>
</trkpt>
<trkpt lat="24.4399718" lon="121.0994485">
<ele>1256.67</ele>
<time>2023-03-18T22:48:26Z</time>
</trkpt>
<trkpt lat="24.4399741" lon="121.0993831">
<ele>1251.07</ele>
<time>2023-03-18T22:48:36Z</time>
</trkpt>
<trkpt lat="24.4399212" lon="121.0993850">
<ele>1253.26</ele>
<time>2023-03-18T22:48:46Z</time>
</trkpt>
<trkpt lat="24.4398763" lon="121.0993690">
<ele>1253.59</ele>
<time>2023-03-18T22:48:54Z</time>
</trkpt>
<trkpt lat="24.4398673" lon="121.0993164">
<ele>1254.55</ele>
<time>2023-03-18T22:49:08Z</time>
</trkpt>
<trkpt lat="24.4398281" lon="121.0993581">
<ele>1254.58</ele>
<time>2023-03-18T22:49:18Z</time>
</trkpt>
<trkpt lat="24.4397823" lon="121.0993419">
<ele>1254.24</ele>
<time>2023-03-18T22:49:26Z</time>
</trkpt>
<trkpt lat="24.4397583" lon="121.0992932">
<ele>1252.53</ele>
<time>2023-03-18T22:49:38Z</time>
</trkpt>
<trkpt lat="24.4397686" lon="121.0992339">
<ele>1252.46</ele>
<time>2023-03-18T22:49:46Z</time>
</trkpt>
<trkpt lat="24.4397975" lon="121.0991905">
<ele>1247.58</ele>
<time>2023-03-18T22:49:56Z</time>
</trkpt>
<trkpt lat="24.4397716" lon="121.0992523">
<ele>1246.68</ele>
<time>2023-03-18T22:50:02Z</time>
</trkpt>
<trkpt lat="24.4397443" lon="121.0993094">
<ele>1249.34</ele>
<time>2023-03-18T22:50:08Z</time>
</trkpt>
<trkpt lat="24.4396937" lon="121.0992997">
<ele>1249.37</ele>
<time>2023-03-18T22:50:58Z</time>
</trkpt>
<trkpt lat="24.4396556" lon="121.0992698">
<ele>1251.87</ele>
<time>2023-03-18T22:51:20Z</time>
</trkpt>
<trkpt lat="24.4396036" lon="121.0992868">
<ele>1256.15</ele>
<time>2023-03-18T22:51:34Z</time>
</trkpt>
<trkpt lat="24.4395630" lon="121.0993085">
<ele>1260.21</ele>
<time>2023-03-18T22:51:50Z</time>
</trkpt>
<trkpt lat="24.4395202" lon="121.0993319">
<ele>1260.63</ele>
<time>2023-03-18T22:52:02Z</time>
</trkpt>
<trkpt lat="24.4394913" lon="121.0992861">
<ele>1259.67</ele>
<time>2023-03-18T22:52:16Z</time>
</trkpt>
<trkpt lat="24.4395354" lon="121.0992564">
<ele>1258.14</ele>
<time>2023-03-18T22:52:42Z</time>
</trkpt>
<trkpt lat="24.4394892" lon="121.0992412">
<ele>1258.90</ele>
<time>2023-03-18T22:52:56Z</time>
</trkpt>
<trkpt lat="24.4394711" lon="121.0991935">
<ele>1259.64</ele>
<time>2023-03-18T22:53:12Z</time>
</trkpt>
<trkpt lat="24.4394394" lon="121.0991555">
<ele>1260.53</ele>
<time>2023-03-18T22:53:34Z</time>
</trkpt>
<trkpt lat="24.4394883" lon="121.0991469">
<ele>1263.83</ele>
<time>2023-03-18T22:53:48Z</time>
</trkpt>
<trkpt lat="24.4395253" lon="121.0991770">
<ele>1265.22</ele>
<time>2023-03-18T22:54:04Z</time>
</trkpt>
<trkpt lat="24.4395263" lon="121.0991163">
<ele>1262.44</ele>
<time>2023-03-18T22:54:40Z</time>
</trkpt>
<trkpt lat="24.4395032" lon="121.0990724">
<ele>1269.55</ele>
<time>2023-03-18T22:55:34Z</time>
</trkpt>
<trkpt lat="24.4395493" lon="121.0990423">
<ele>1270.75</ele>
<time>2023-03-18T22:56:00Z</time>
</trkpt>
<trkpt lat="24.4395074" lon="121.0990194">
<ele>1278.46</ele>
<time>2023-03-18T22:57:12Z</time>
</trkpt>
<trkpt lat="24.4395436" lon="121.0989843">
<ele>1280.55</ele>
<time>2023-03-18T22:57:36Z</time>
</trkpt>
<trkpt lat="24.4395100" lon="121.0989424">
<ele>1285.53</ele>
<time>2023-03-18T22:58:10Z</time>
</trkpt>
<trkpt lat="24.4394663" lon="121.0989176">
<ele>1288.69</ele>
<time>2023-03-18T22:58:36Z</time>
</trkpt>
<trkpt lat="24.4395064" lon="121.0988883">
<ele>1287.84</ele>
<time>2023-03-18T22:58:50Z</time>
</trkpt>
<trkpt lat="24.4395540" lon="121.0988704">
<ele>1289.70</ele>
<time>2023-03-18T22:59:02Z</time>
</trkpt>
<trkpt lat="24.4395996" lon="121.0988530">
<ele>1290.88</ele>
<time>2023-03-18T22:59:18Z</time>
</trkpt>
<trkpt lat="24.4396281" lon="121.0988140">
<ele>1292.07</ele>
<time>2023-03-18T22:59:38Z</time>
</trkpt>
<trkpt lat="24.4396787" lon="121.0988067">
<ele>1292.84</ele>
<time>2023-03-18T22:59:58Z</time>
</trkpt>
<trkpt lat="24.4397179" lon="121.0987720">
<ele>1295.97</ele>
<time>2023-03-18T23:00:16Z</time>
</trkpt>
<trkpt lat="24.4397121" lon="121.0987114">
<ele>1302.06</ele>
<time>2023-03-18T23:00:32Z</time>
</trkpt>
<trkpt lat="24.4397525" lon="121.0986788">
<ele>1299.78</ele>
<time>2023-03-18T23:00:44Z</time>
</trkpt>
<trkpt lat="24.4397507" lon="121.0986260">
<ele>1301.59</ele>
<time>2023-03-18T23:01:02Z</time>
</trkpt>
<trkpt lat="24.4397332" lon="121.0985760">
<ele>1306.32</ele>
<time>2023-03-18T23:01:23Z</time>
</trkpt>
<trkpt lat="24.4397779" lon="121.0985488">
<ele>1311.98</ele>
<time>2023-03-18T23:02:11Z</time>
</trkpt>
<trkpt lat="24.4397913" lon="121.0984974">
<ele>1317.72</ele>
<time>2023-03-18T23:02:53Z</time>
</trkpt>
<trkpt lat="24.4398043" lon="121.0984454">
<ele>1324.46</ele>
<time>2023-03-18T23:03:31Z</time>
</trkpt>
<trkpt lat="24.4398517" lon="121.0984275">
<ele>1325.39</ele>
<time>2023-03-18T23:03:50Z</time>
</trkpt>
<trkpt lat="24.4398775" lon="121.0983857">
<ele>1326.82</ele>
<time>2023-03-18T23:04:07Z</time>
</trkpt>
<trkpt lat="24.4399143" lon="121.0983549">
<ele>1329.47</ele>
<time>2023-03-18T23:05:08Z</time>
</trkpt>
<trkpt lat="24.4398850" lon="121.0983141">
<ele>1338.77</ele>
<time>2023-03-18T23:05:48Z</time>
</trkpt>
<trkpt lat="24.4399290" lon="121.0982879">
<ele>1337.62</ele>
<time>2023-03-18T23:05:58Z</time>
</trkpt>
<trkpt lat="24.4398864" lon="121.0982486">
<ele>1345.04</ele>
<time>2023-03-18T23:06:24Z</time>
</trkpt>
<trkpt lat="24.4399212" lon="121.0982015">
<ele>1342.91</ele>
<time>2023-03-18T23:07:06Z</time>
</trkpt>
<trkpt lat="24.4399599" lon="121.0981429">
<ele>1341.57</ele>
<time>2023-03-18T23:07:10Z</time>
</trkpt>
<trkpt lat="24.4399706" lon="121.0980918">
<ele>1345.64</ele>
<time>2023-03-18T23:07:26Z</time>
</trkpt>
<trkpt lat="24.4400005" lon="121.0980133">
<ele>1350.95</ele>
<time>2023-03-18T23:08:18Z</time>
</trkpt>
<trkpt lat="24.4400201" lon="121.0979684">
<ele>1353.82</ele>
<time>2023-03-18T23:08:30Z</time>
</trkpt>
<trkpt lat="24.4400503" lon="121.0979274">
<ele>1353.67</ele>
<time>2023-03-18T23:09:28Z</time>
</trkpt>
<trkpt lat="24.4400663" lon="121.0978765">
<ele>1354.91</ele>
<time>2023-03-18T23:09:36Z</time>
</trkpt>
<trkpt lat="24.4401107" lon="121.0978484">
<ele>1356.78</ele>
<time>2023-03-18T23:10:04Z</time>
</trkpt>
<trkpt lat="24.4401431" lon="121.0978115">
<ele>1363.05</ele>
<time>2023-03-18T23:10:14Z</time>
</trkpt>
<trkpt lat="24.4401767" lon="121.0977550">
<ele>1363.56</ele>
<time>2023-03-18T23:10:22Z</time>
</trkpt>
<trkpt lat="24.4402237" lon="121.0977317">
<ele>1365.61</ele>
<time>2023-03-18T23:10:46Z</time>
</trkpt>
<trkpt lat="24.4402654" lon="121.0977044">
<ele>1363.43</ele>
<time>2023-03-18T23:10:58Z</time>
</trkpt>
<trkpt lat="24.4403182" lon="121.0976707">
<ele>1366.70</ele>
<time>2023-03-18T23:11:44Z</time>
</trkpt>
<trkpt lat="24.4403717" lon="121.0976375">
<ele>1367.84</ele>
<time>2023-03-18T23:11:50Z</time>
</trkpt>
<trkpt lat="24.4404056" lon="121.0976014">
<ele>1371.22</ele>
<time>2023-03-18T23:12:00Z</time>
</trkpt>
<trkpt lat="24.4404293" lon="121.0975490">
<ele>1371.21</ele>
<time>2023-03-18T23:12:12Z</time>
</trkpt>
<trkpt lat="24.4404366" lon="121.0974965">
<ele>1379.84</ele>
<time>2023-03-18T23:12:34Z</time>
</trkpt>
<trkpt lat="24.4404729" lon="121.0974646">
<ele>1382.73</ele>
<time>2023-03-18T23:12:56Z</time>
</trkpt>
<trkpt lat="24.4405167" lon="121.0974477">
<ele>1382.44</ele>
<time>2023-03-18T23:13:24Z</time>
</trkpt>
<trkpt lat="24.4405673" lon="121.0974079">
<ele>1383.12</ele>
<time>2023-03-18T23:13:44Z</time>
</trkpt>
<trkpt lat="24.4406038" lon="121.0973722">
<ele>1387.02</ele>
<time>2023-03-18T23:14:00Z</time>
</trkpt>
<trkpt lat="24.4406440" lon="121.0973408">
<ele>1387.14</ele>
<time>2023-03-18T23:14:12Z</time>
</trkpt>
<trkpt lat="24.4406628" lon="121.0972864">
<ele>1390.91</ele>
<time>2023-03-18T23:14:30Z</time>
</trkpt>
<trkpt lat="24.4407102" lon="121.0972871">
<ele>1393.35</ele>
<time>2023-03-18T23:14:42Z</time>
</trkpt>
<trkpt lat="24.4407512" lon="121.0972656">
<ele>1395.62</ele>
<time>2023-03-18T23:15:06Z</time>
</trkpt>
<trkpt lat="24.4407956" lon="121.0972440">
<ele>1398.08</ele>
<time>2023-03-18T23:15:30Z</time>
</trkpt>
<trkpt lat="24.4408004" lon="121.0971943">
<ele>1403.13</ele>
<time>2023-03-18T23:15:48Z</time>
</trkpt>
<trkpt lat="24.4408377" lon="121.0971623">
<ele>1405.01</ele>
<time>2023-03-18T23:16:18Z</time>
</trkpt>
<trkpt lat="24.4408593" lon="121.0971179">
<ele>1411.44</ele>
<time>2023-03-18T23:16:46Z</time>
</trkpt>
<trkpt lat="24.4408582" lon="121.0970600">
<ele>1418.49</ele>
<time>2023-03-18T23:17:54Z</time>
</trkpt>
<trkpt lat="24.4408704" lon="121.0970054">
<ele>1424.33</ele>
<time>2023-03-18T23:18:12Z</time>
</trkpt>
<trkpt lat="24.4408753" lon="121.0969531">
<ele>1428.88</ele>
<time>2023-03-18T23:18:52Z</time>
</trkpt>
<trkpt lat="24.4409045" lon="121.0969146">
<ele>1431.15</ele>
<time>2023-03-18T23:19:10Z</time>
</trkpt>
<trkpt lat="24.4409565" lon="121.0969049">
<ele>1433.31</ele>
<time>2023-03-18T23:19:30Z</time>
</trkpt>
<trkpt lat="24.4409826" lon="121.0968617">
<ele>1434.28</ele>
<time>2023-03-18T23:20:04Z</time>
</trkpt>
<trkpt lat="24.4410249" lon="121.0968310">
<ele>1435.13</ele>
<time>2023-03-18T23:20:16Z</time>
</trkpt>
<trkpt lat="24.4410566" lon="121.0968671">
<ele>1435.18</ele>
<time>2023-03-18T23:25:22Z</time>
</trkpt>
<trkpt lat="24.4410958" lon="121.0968416">
<ele>1435.12</ele>
<time>2023-03-18T23:25:32Z</time>
</trkpt>
<trkpt lat="24.4411343" lon="121.0968085">
<ele>1437.45</ele>
<time>2023-03-18T23:25:52Z</time>
</trkpt>
<trkpt lat="24.4411674" lon="121.0967740">
<ele>1438.21</ele>
<time>2023-03-18T23:25:56Z</time>
</trkpt>
<trkpt lat="24.4412216" lon="121.0967478">
<ele>1441.64</ele>
<time>2023-03-18T23:26:26Z</time>
</trkpt>
<trkpt lat="24.4412976" lon="121.0967291">
<ele>1442.57</ele>
<time>2023-03-18T23:26:30Z</time>
</trkpt>
<trkpt lat="24.4413414" lon="121.0966952">
<ele>1446.40</ele>
<time>2023-03-18T23:26:44Z</time>
</trkpt>
<trkpt lat="24.4413677" lon="121.0966326">
<ele>1443.71</ele>
<time>2023-03-18T23:26:48Z</time>
</trkpt>
<trkpt lat="24.4413896" lon="121.0965890">
<ele>1443.29</ele>
<time>2023-03-18T23:26:54Z</time>
</trkpt>
<trkpt lat="24.4414360" lon="121.0965770">
<ele>1444.68</ele>
<time>2023-03-18T23:26:58Z</time>
</trkpt>
<trkpt lat="24.4414785" lon="121.0965546">
<ele>1450.23</ele>
<time>2023-03-18T23:27:12Z</time>
</trkpt>
<trkpt lat="24.4415100" lon="121.0964912">
<ele>1456.90</ele>
<time>2023-03-18T23:27:42Z</time>
</trkpt>
<trkpt lat="24.4415342" lon="121.0964453">
<ele>1454.96</ele>
<time>2023-03-18T23:27:48Z</time>
</trkpt>
<trkpt lat="24.4415395" lon="121.0963950">
<ele>1454.44</ele>
<time>2023-03-18T23:28:00Z</time>
</trkpt>
<trkpt lat="24.4415378" lon="121.0963417">
<ele>1454.09</ele>
<time>2023-03-18T23:28:26Z</time>
</trkpt>
<trkpt lat="24.4415228" lon="121.0962867">
<ele>1458.80</ele>
<time>2023-03-18T23:29:46Z</time>
</trkpt>
<trkpt lat="24.4415408" lon="121.0962167">
<ele>1463.41</ele>
<time>2023-03-18T23:29:50Z</time>
</trkpt>
<trkpt lat="24.4415600" lon="121.0961677">
<ele>1472.11</ele>
<time>2023-03-18T23:30:16Z</time>
</trkpt>
<trkpt lat="24.4415529" lon="121.0960910">
<ele>1474.64</ele>
<time>2023-03-18T23:31:36Z</time>
</trkpt>
<trkpt lat="24.4415793" lon="121.0960485">
<ele>1471.46</ele>
<time>2023-03-18T23:31:46Z</time>
</trkpt>
<trkpt lat="24.4415725" lon="121.0959749">
<ele>1477.22</ele>
<time>2023-03-18T23:32:40Z</time>
</trkpt>
<trkpt lat="24.4416060" lon="121.0959342">
<ele>1484.24</ele>
<time>2023-03-18T23:32:52Z</time>
</trkpt>
<trkpt lat="24.4416204" lon="121.0958856">
<ele>1490.82</ele>
<time>2023-03-18T23:34:19Z</time>
</trkpt>
<trkpt lat="24.4416073" lon="121.0958312">
<ele>1496.18</ele>
<time>2023-03-18T23:34:45Z</time>
</trkpt>
<trkpt lat="24.4415691" lon="121.0957977">
<ele>1497.06</ele>
<time>2023-03-18T23:35:01Z</time>
</trkpt>
<trkpt lat="24.4415263" lon="121.0957623">
<ele>1498.22</ele>
<time>2023-03-18T23:35:07Z</time>
</trkpt>
<trkpt lat="24.4415689" lon="121.0957456">
<ele>1496.79</ele>
<time>2023-03-18T23:35:19Z</time>
</trkpt>
<trkpt lat="24.4415909" lon="121.0956983">
<ele>1502.77</ele>
<time>2023-03-18T23:36:03Z</time>
</trkpt>
<trkpt lat="24.4416351" lon="121.0957077">
<ele>1503.19</ele>
<time>2023-03-18T23:36:15Z</time>
</trkpt>
<trkpt lat="24.4416489" lon="121.0956574">
<ele>1520.12</ele>
<time>2023-03-18T23:36:53Z</time>
</trkpt>
<trkpt lat="24.4416404" lon="121.0955965">
<ele>1519.07</ele>
<time>2023-03-18T23:37:05Z</time>
</trkpt>
<trkpt lat="24.4416331" lon="121.0955249">
<ele>1521.81</ele>
<time>2023-03-18T23:37:55Z</time>
</trkpt>
<trkpt lat="24.4416389" lon="121.0954753">
<ele>1519.19</ele>
<time>2023-03-18T23:38:27Z</time>
</trkpt>
<trkpt lat="24.4416517" lon="121.0954195">
<ele>1524.87</ele>
<time>2023-03-18T23:38:43Z</time>
</trkpt>
<trkpt lat="24.4416633" lon="121.0953605">
<ele>1522.10</ele>
<time>2023-03-18T23:38:47Z</time>
</trkpt>
<trkpt lat="24.4416740" lon="121.0952971">
<ele>1520.57</ele>
<time>2023-03-18T23:38:51Z</time>
</trkpt>
<trkpt lat="24.4417017" lon="121.0952089">
<ele>1527.94</ele>
<time>2023-03-18T23:39:37Z</time>
</trkpt>
<trkpt lat="24.4417165" lon="121.0951496">
<ele>1526.31</ele>
<time>2023-03-18T23:39:41Z</time>
</trkpt>
<trkpt lat="24.4417231" lon="121.0950838">
<ele>1532.80</ele>
<time>2023-03-18T23:40:19Z</time>
</trkpt>
<trkpt lat="24.4417473" lon="121.0950256">
<ele>1532.04</ele>
<time>2023-03-18T23:40:21Z</time>
</trkpt>
<trkpt lat="24.4417778" lon="121.0949872">
<ele>1532.80</ele>
<time>2023-03-18T23:40:27Z</time>
</trkpt>
<trkpt lat="24.4418023" lon="121.0949447">
<ele>1531.86</ele>
<time>2023-03-18T23:40:51Z</time>
</trkpt>
<trkpt lat="24.4418042" lon="121.0948948">
<ele>1542.47</ele>
<time>2023-03-18T23:41:45Z</time>
</trkpt>
<trkpt lat="24.4418258" lon="121.0948509">
<ele>1542.45</ele>
<time>2023-03-18T23:41:49Z</time>
</trkpt>
<trkpt lat="24.4418443" lon="121.0947969">
<ele>1545.43</ele>
<time>2023-03-18T23:42:35Z</time>
</trkpt>
<trkpt lat="24.4418442" lon="121.0947455">
<ele>1547.23</ele>
<time>2023-03-18T23:42:39Z</time>
</trkpt>
<trkpt lat="24.4418575" lon="121.0946973">
<ele>1554.82</ele>
<time>2023-03-18T23:43:57Z</time>
</trkpt>
<trkpt lat="24.4418594" lon="121.0946189">
<ele>1557.08</ele>
<time>2023-03-18T23:44:01Z</time>
</trkpt>
<trkpt lat="24.4418409" lon="121.0945728">
<ele>1559.02</ele>
<time>2023-03-18T23:44:13Z</time>
</trkpt>
<trkpt lat="24.4418979" lon="121.0945675">
<ele>1565.43</ele>
<time>2023-03-18T23:46:23Z</time>
</trkpt>
<trkpt lat="24.4419396" lon="121.0945366">
<ele>1565.36</ele>
<time>2023-03-18T23:46:25Z</time>
</trkpt>
<trkpt lat="24.4420044" lon="121.0944887">
<ele>1560.24</ele>
<time>2023-03-18T23:46:29Z</time>
</trkpt>
<trkpt lat="24.4420588" lon="121.0944636">
<ele>1566.67</ele>
<time>2023-03-18T23:47:15Z</time>
</trkpt>
<trkpt lat="24.4420567" lon="121.0943989">
<ele>1583.47</ele>
<time>2023-03-18T23:48:41Z</time>
</trkpt>
<trkpt lat="24.4420305" lon="121.0943474">
<ele>1588.91</ele>
<time>2023-03-18T23:48:49Z</time>
</trkpt>
<trkpt lat="24.4420345" lon="121.0942823">
<ele>1590.98</ele>
<time>2023-03-18T23:49:27Z</time>
</trkpt>
<trkpt lat="24.4420454" lon="121.0942131">
<ele>1592.83</ele>
<time>2023-03-18T23:49:31Z</time>
</trkpt>
<trkpt lat="24.4420215" lon="121.0941709">
<ele>1602.70</ele>
<time>2023-03-18T23:50:51Z</time>
</trkpt>
<trkpt lat="24.4420419" lon="121.0941207">
<ele>1603.81</ele>
<time>2023-03-18T23:50:53Z</time>
</trkpt>
<trkpt lat="24.4420479" lon="121.0940645">
<ele>1605.76</ele>
<time>2023-03-18T23:50:58Z</time>
</trkpt>
<trkpt lat="24.4420343" lon="121.0939915">
<ele>1613.57</ele>
<time>2023-03-18T23:51:40Z</time>
</trkpt>
<trkpt lat="24.4420678" lon="121.0939357">
<ele>1614.78</ele>
<time>2023-03-18T23:51:46Z</time>
</trkpt>
<trkpt lat="24.4420974" lon="121.0938596">
<ele>1621.63</ele>
<time>2023-03-18T23:53:42Z</time>
</trkpt>
<trkpt lat="24.4421180" lon="121.0938130">
<ele>1626.98</ele>
<time>2023-03-18T23:53:46Z</time>
</trkpt>
<trkpt lat="24.4421269" lon="121.0937519">
<ele>1633.01</ele>
<time>2023-03-18T23:54:00Z</time>
</trkpt>
<trkpt lat="24.4421328" lon="121.0936996">
<ele>1633.51</ele>
<time>2023-03-18T23:54:04Z</time>
</trkpt>
<trkpt lat="24.4421124" lon="121.0936307">
<ele>1640.78</ele>
<time>2023-03-18T23:55:12Z</time>
</trkpt>
<trkpt lat="24.4420859" lon="121.0935652">
<ele>1642.52</ele>
<time>2023-03-18T23:55:18Z</time>
</trkpt>
<trkpt lat="24.4420910" lon="121.0935112">
<ele>1641.96</ele>
<time>2023-03-18T23:55:26Z</time>
</trkpt>
<trkpt lat="24.4421118" lon="121.0934671">
<ele>1644.64</ele>
<time>2023-03-18T23:55:46Z</time>
</trkpt>
<trkpt lat="24.4421451" lon="121.0933982">
<ele>1648.78</ele>
<time>2023-03-18T23:56:58Z</time>
</trkpt>
<trkpt lat="24.4421478" lon="121.0933096">
<ele>1650.44</ele>
<time>2023-03-18T23:57:02Z</time>
</trkpt>
<trkpt lat="24.4421434" lon="121.0932583">
<ele>1652.29</ele>
<time>2023-03-18T23:57:06Z</time>
</trkpt>
<trkpt lat="24.4421574" lon="121.0931758">
<ele>1657.19</ele>
<time>2023-03-18T23:58:48Z</time>
</trkpt>
<trkpt lat="24.4421673" lon="121.0931193">
<ele>1656.60</ele>
<time>2023-03-18T23:58:54Z</time>
</trkpt>
<trkpt lat="24.4421632" lon="121.0930638">
<ele>1658.56</ele>
<time>2023-03-18T23:59:18Z</time>
</trkpt>
<trkpt lat="24.4421986" lon="121.0930257">
<ele>1660.98</ele>
<time>2023-03-18T23:59:56Z</time>
</trkpt>
<trkpt lat="24.4421863" lon="121.0929643">
<ele>1663.60</ele>
<time>2023-03-19T00:00:08Z</time>
</trkpt>
<trkpt lat="24.4422285" lon="121.0929251">
<ele>1660.69</ele>
<time>2023-03-19T00:00:18Z</time>
</trkpt>
<trkpt lat="24.4422698" lon="121.0928981">
<ele>1661.61</ele>
<time>2023-03-19T00:00:28Z</time>
</trkpt>
<trkpt lat="24.4423092" lon="121.0928736">
<ele>1660.27</ele>
<time>2023-03-19T00:00:36Z</time>
</trkpt>
<trkpt lat="24.4423698" lon="121.0928466">
<ele>1660.63</ele>
<time>2023-03-19T00:01:15Z</time>
</trkpt>
<trkpt lat="24.4423628" lon="121.0927792">
<ele>1664.84</ele>
<time>2023-03-19T00:01:33Z</time>
</trkpt>
<trkpt lat="24.4423909" lon="121.0927388">
<ele>1661.48</ele>
<time>2023-03-19T00:01:39Z</time>
</trkpt>
<trkpt lat="24.4424350" lon="121.0926944">
<ele>1659.79</ele>
<time>2023-03-19T00:01:47Z</time>
</trkpt>
<trkpt lat="24.4424835" lon="121.0926767">
<ele>1662.89</ele>
<time>2023-03-19T00:01:55Z</time>
</trkpt>
<trkpt lat="24.4425313" lon="121.0926658">
<ele>1663.00</ele>
<time>2023-03-19T00:02:09Z</time>
</trkpt>
<trkpt lat="24.4425789" lon="121.0926393">
<ele>1664.36</ele>
<time>2023-03-19T00:02:21Z</time>
</trkpt>
<trkpt lat="24.4426126" lon="121.0926037">
<ele>1666.52</ele>
<time>2023-03-19T00:02:31Z</time>
</trkpt>
<trkpt lat="24.4426081" lon="121.0925442">
<ele>1666.75</ele>
<time>2023-03-19T00:02:57Z</time>
</trkpt>
<trkpt lat="24.4426085" lon="121.0924943">
<ele>1667.04</ele>
<time>2023-03-19T00:03:05Z</time>
</trkpt>
<trkpt lat="24.4426282" lon="121.0924453">
<ele>1668.62</ele>
<time>2023-03-19T00:03:17Z</time>
</trkpt>
<trkpt lat="24.4426349" lon="121.0923909">
<ele>1667.38</ele>
<time>2023-03-19T00:03:31Z</time>
</trkpt>
<trkpt lat="24.4426616" lon="121.0923417">
<ele>1671.61</ele>
<time>2023-03-19T00:08:21Z</time>
</trkpt>
<trkpt lat="24.4426937" lon="121.0922816">
<ele>1670.13</ele>
<time>2023-03-19T00:08:35Z</time>
</trkpt>
<trkpt lat="24.4427213" lon="121.0922417">
<ele>1672.19</ele>
<time>2023-03-19T00:08:43Z</time>
</trkpt>
<trkpt lat="24.4427702" lon="121.0922142">
<ele>1671.55</ele>
<time>2023-03-19T00:08:55Z</time>
</trkpt>
<trkpt lat="24.4428028" lon="121.0921795">
<ele>1671.35</ele>
<time>2023-03-19T00:09:09Z</time>
</trkpt>
<trkpt lat="24.4428200" lon="121.0921334">
<ele>1675.41</ele>
<time>2023-03-19T00:09:21Z</time>
</trkpt>
<trkpt lat="24.4427699" lon="121.0921307">
<ele>1685.99</ele>
<time>2023-03-19T00:09:52Z</time>
</trkpt>
<trkpt lat="24.4427926" lon="121.0921782">
<ele>1683.84</ele>
<time>2023-03-19T00:10:04Z</time>
</trkpt>
<trkpt lat="24.4428403" lon="121.0921510">
<ele>1681.48</ele>
<time>2023-03-19T00:10:52Z</time>
</trkpt>
<trkpt lat="24.4428295" lon="121.0920953">
<ele>1684.33</ele>
<time>2023-03-19T00:10:58Z</time>
</trkpt>
<trkpt lat="24.4428573" lon="121.0920435">
<ele>1684.34</ele>
<time>2023-03-19T00:11:36Z</time>
</trkpt>
<trkpt lat="24.4429118" lon="121.0920411">
<ele>1685.70</ele>
<time>2023-03-19T00:11:58Z</time>
</trkpt>
<trkpt lat="24.4429501" lon="121.0920101">
<ele>1687.23</ele>
<time>2023-03-19T00:12:14Z</time>
</trkpt>
<trkpt lat="24.4429665" lon="121.0919550">
<ele>1689.59</ele>
<time>2023-03-19T00:12:28Z</time>
</trkpt>
<trkpt lat="24.4430196" lon="121.0919413">
<ele>1690.59</ele>
<time>2023-03-19T00:12:42Z</time>
</trkpt>
<trkpt lat="24.4430711" lon="121.0919407">
<ele>1689.55</ele>
<time>2023-03-19T00:13:00Z</time>
</trkpt>
<trkpt lat="24.4431101" lon="121.0919151">
<ele>1694.81</ele>
<time>2023-03-19T00:13:18Z</time>
</trkpt>
<trkpt lat="24.4430905" lon="121.0918696">
<ele>1700.00</ele>
<time>2023-03-19T00:13:30Z</time>
</trkpt>
<trkpt lat="24.4430971" lon="121.0918204">
<ele>1699.28</ele>
<time>2023-03-19T00:13:42Z</time>
</trkpt>
<trkpt lat="24.4430785" lon="121.0917726">
<ele>1700.63</ele>
<time>2023-03-19T00:13:50Z</time>
</trkpt>
<trkpt lat="24.4431269" lon="121.0917426">
<ele>1698.90</ele>
<time>2023-03-19T00:13:58Z</time>
</trkpt>
<trkpt lat="24.4431706" lon="121.0917228">
<ele>1697.99</ele>
<time>2023-03-19T00:14:06Z</time>
</trkpt>
<trkpt lat="24.4431935" lon="121.0916689">
<ele>1695.17</ele>
<time>2023-03-19T00:14:18Z</time>
</trkpt>
<trkpt lat="24.4432356" lon="121.0916334">
<ele>1692.16</ele>
<time>2023-03-19T00:14:28Z</time>
</trkpt>
<trkpt lat="24.4432757" lon="121.0915954">
<ele>1693.12</ele>
<time>2023-03-19T00:14:42Z</time>
</trkpt>
<trkpt lat="24.4432471" lon="121.0915468">
<ele>1693.04</ele>
<time>2023-03-19T00:14:50Z</time>
</trkpt>
<trkpt lat="24.4432386" lon="121.0914935">
<ele>1692.50</ele>
<time>2023-03-19T00:14:58Z</time>
</trkpt>
<trkpt lat="24.4432314" lon="121.0914396">
<ele>1687.65</ele>
<time>2023-03-19T00:15:14Z</time>
</trkpt>
<trkpt lat="24.4432255" lon="121.0913803">
<ele>1686.55</ele>
<time>2023-03-19T00:15:22Z</time>
</trkpt>
<trkpt lat="24.4432042" lon="121.0913289">
<ele>1684.43</ele>
<time>2023-03-19T00:15:32Z</time>
</trkpt>
<trkpt lat="24.4432128" lon="121.0912660">
<ele>1682.50</ele>
<time>2023-03-19T00:15:42Z</time>
</trkpt>
<trkpt lat="24.4432330" lon="121.0912152">
<ele>1680.75</ele>
<time>2023-03-19T00:15:50Z</time>
</trkpt>
<trkpt lat="24.4432543" lon="121.0911695">
<ele>1679.93</ele>
<time>2023-03-19T00:15:58Z</time>
</trkpt>
<trkpt lat="24.4432752" lon="121.0911232">
<ele>1678.03</ele>
<time>2023-03-19T00:16:08Z</time>
</trkpt>
<trkpt lat="24.4432876" lon="121.0910739">
<ele>1678.96</ele>
<time>2023-03-19T00:16:26Z</time>
</trkpt>
<trkpt lat="24.4432609" lon="121.0910317">
<ele>1678.87</ele>
<time>2023-03-19T00:16:32Z</time>
</trkpt>
<trkpt lat="24.4432618" lon="121.0909792">
<ele>1676.38</ele>
<time>2023-03-19T00:16:40Z</time>
</trkpt>
<trkpt lat="24.4432707" lon="121.0909258">
<ele>1675.04</ele>
<time>2023-03-19T00:16:48Z</time>
</trkpt>
<trkpt lat="24.4433155" lon="121.0909075">
<ele>1674.22</ele>
<time>2023-03-19T00:16:56Z</time>
</trkpt>
<trkpt lat="24.4433368" lon="121.0908636">
<ele>1671.20</ele>
<time>2023-03-19T00:17:06Z</time>
</trkpt>
<trkpt lat="24.4433320" lon="121.0908056">
<ele>1670.59</ele>
<time>2023-03-19T00:17:16Z</time>
</trkpt>
<trkpt lat="24.4433429" lon="121.0907519">
<ele>1669.04</ele>
<time>2023-03-19T00:17:28Z</time>
</trkpt>
<trkpt lat="24.4433694" lon="121.0907011">
<ele>1661.14</ele>
<time>2023-03-19T00:17:58Z</time>
</trkpt>
<trkpt lat="24.4433984" lon="121.0906458">
<ele>1657.28</ele>
<time>2023-03-19T00:18:10Z</time>
</trkpt>
<trkpt lat="24.4433878" lon="121.0905878">
<ele>1655.08</ele>
<time>2023-03-19T00:18:18Z</time>
</trkpt>
<trkpt lat="24.4434062" lon="121.0905352">
<ele>1654.82</ele>
<time>2023-03-19T00:18:32Z</time>
</trkpt>
<trkpt lat="24.4433728" lon="121.0904939">
<ele>1653.19</ele>
<time>2023-03-19T00:18:44Z</time>
</trkpt>
<trkpt lat="24.4434135" lon="121.0904640">
<ele>1649.88</ele>
<time>2023-03-19T00:18:52Z</time>
</trkpt>
<trkpt lat="24.4434143" lon="121.0904068">
<ele>1644.46</ele>
<time>2023-03-19T00:19:16Z</time>
</trkpt>
<trkpt lat="24.4434464" lon="121.0903659">
<ele>1645.28</ele>
<time>2023-03-19T00:19:28Z</time>
</trkpt>
<trkpt lat="24.4434950" lon="121.0903322">
<ele>1641.94</ele>
<time>2023-03-19T00:19:44Z</time>
</trkpt>
<trkpt lat="24.4435376" lon="121.0903025">
<ele>1642.22</ele>
<time>2023-03-19T00:19:56Z</time>
</trkpt>
<trkpt lat="24.4435794" lon="121.0902703">
<ele>1641.89</ele>
<time>2023-03-19T00:20:06Z</time>
</trkpt>
<trkpt lat="24.4436086" lon="121.0902310">
<ele>1641.42</ele>
<time>2023-03-19T00:20:18Z</time>
</trkpt>
<trkpt lat="24.4435623" lon="121.0902217">
<ele>1650.40</ele>
<time>2023-03-19T00:20:44Z</time>
</trkpt>
<trkpt lat="24.4436084" lon="121.0902197">
<ele>1648.12</ele>
<time>2023-03-19T00:20:54Z</time>
</trkpt>
<trkpt lat="24.4436167" lon="121.0901634">
<ele>1651.28</ele>
<time>2023-03-19T00:21:12Z</time>
</trkpt>
<trkpt lat="24.4436484" lon="121.0901235">
<ele>1649.31</ele>
<time>2023-03-19T00:21:30Z</time>
</trkpt>
<trkpt lat="24.4436961" lon="121.0901130">
<ele>1653.00</ele>
<time>2023-03-19T00:21:56Z</time>
</trkpt>
<trkpt lat="24.4437291" lon="121.0900751">
<ele>1657.02</ele>
<time>2023-03-19T00:22:18Z</time>
</trkpt>
<trkpt lat="24.4437699" lon="121.0900541">
<ele>1666.55</ele>
<time>2023-03-19T00:23:12Z</time>
</trkpt>
<trkpt lat="24.4437777" lon="121.0900023">
<ele>1668.41</ele>
<time>2023-03-19T00:23:32Z</time>
</trkpt>
<trkpt lat="24.4438259" lon="121.0899822">
<ele>1671.55</ele>
<time>2023-03-19T00:24:02Z</time>
</trkpt>
<trkpt lat="24.4438770" lon="121.0899650">
<ele>1672.79</ele>
<time>2023-03-19T00:24:34Z</time>
</trkpt>
<trkpt lat="24.4439009" lon="121.0899225">
<ele>1671.74</ele>
<time>2023-03-19T00:24:50Z</time>
</trkpt>
<trkpt lat="24.4439406" lon="121.0898976">
<ele>1676.13</ele>
<time>2023-03-19T00:25:12Z</time>
</trkpt>
<trkpt lat="24.4439781" lon="121.0898584">
<ele>1677.24</ele>
<time>2023-03-19T00:25:30Z</time>
</trkpt>
<trkpt lat="24.4439563" lon="121.0898105">
<ele>1682.28</ele>
<time>2023-03-19T00:25:50Z</time>
</trkpt>
<trkpt lat="24.4439435" lon="121.0897615">
<ele>1684.89</ele>
<time>2023-03-19T00:26:10Z</time>
</trkpt>
<trkpt lat="24.4439517" lon="121.0897109">
<ele>1686.27</ele>
<time>2023-03-19T00:26:22Z</time>
</trkpt>
<trkpt lat="24.4439532" lon="121.0896594">
<ele>1686.06</ele>
<time>2023-03-19T00:26:35Z</time>
</trkpt>
<trkpt lat="24.4439361" lon="121.0896124">
<ele>1687.06</ele>
<time>2023-03-19T00:26:42Z</time>
</trkpt>
<trkpt lat="24.4439554" lon="121.0895493">
<ele>1687.36</ele>
<time>2023-03-19T00:26:52Z</time>
</trkpt>
<trkpt lat="24.4439475" lon="121.0894794">
<ele>1685.99</ele>
<time>2023-03-19T00:27:01Z</time>
</trkpt>
<trkpt lat="24.4439694" lon="121.0894343">
<ele>1688.41</ele>
<time>2023-03-19T00:27:12Z</time>
</trkpt>
<trkpt lat="24.4440010" lon="121.0893965">
<ele>1690.90</ele>
<time>2023-03-19T00:27:22Z</time>
</trkpt>
<trkpt lat="24.4439568" lon="121.0893598">
<ele>1692.71</ele>
<time>2023-03-19T00:27:38Z</time>
</trkpt>
<trkpt lat="24.4440008" lon="121.0893209">
<ele>1693.26</ele>
<time>2023-03-19T00:27:58Z</time>
</trkpt>
<trkpt lat="24.4440329" lon="121.0892707">
<ele>1696.58</ele>
<time>2023-03-19T00:28:15Z</time>
</trkpt>
<trkpt lat="24.4440792" lon="121.0892459">
<ele>1696.54</ele>
<time>2023-03-19T00:28:31Z</time>
</trkpt>
<trkpt lat="24.4440688" lon="121.0891904">
<ele>1695.94</ele>
<time>2023-03-19T00:28:43Z</time>
</trkpt>
<trkpt lat="24.4440746" lon="121.0891244">
<ele>1704.47</ele>
<time>2023-03-19T00:29:13Z</time>
</trkpt>
<trkpt lat="24.4440389" lon="121.0890920">
<ele>1706.48</ele>
<time>2023-03-19T00:29:23Z</time>
</trkpt>
<trkpt lat="24.4440559" lon="121.0890287">
<ele>1706.73</ele>
<time>2023-03-19T00:29:39Z</time>
</trkpt>
<trkpt lat="24.4440367" lon="121.0889586">
<ele>1707.51</ele>
<time>2023-03-19T00:29:51Z</time>
</trkpt>
<trkpt lat="24.4440011" lon="121.0889146">
<ele>1708.22</ele>
<time>2023-03-19T00:30:01Z</time>
</trkpt>
<trkpt lat="24.4439790" lon="121.0888697">
<ele>1709.33</ele>
<time>2023-03-19T00:30:13Z</time>
</trkpt>
<trkpt lat="24.4439700" lon="121.0888192">
<ele>1710.93</ele>
<time>2023-03-19T00:30:21Z</time>
</trkpt>
<trkpt lat="24.4439964" lon="121.0887688">
<ele>1707.91</ele>
<time>2023-03-19T00:30:31Z</time>
</trkpt>
<trkpt lat="24.4439569" lon="121.0887253">
<ele>1709.20</ele>
<time>2023-03-19T00:30:37Z</time>
</trkpt>
<trkpt lat="24.4439348" lon="121.0886800">
<ele>1709.18</ele>
<time>2023-03-19T00:30:43Z</time>
</trkpt>
<trkpt lat="24.4439351" lon="121.0886221">
<ele>1705.94</ele>
<time>2023-03-19T00:30:53Z</time>
</trkpt>
<trkpt lat="24.4439455" lon="121.0885609">
<ele>1706.16</ele>
<time>2023-03-19T00:31:01Z</time>
</trkpt>
<trkpt lat="24.4439357" lon="121.0885035">
<ele>1705.91</ele>
<time>2023-03-19T00:31:09Z</time>
</trkpt>
<trkpt lat="24.4439818" lon="121.0884563">
<ele>1705.47</ele>
<time>2023-03-19T00:31:17Z</time>
</trkpt>
<trkpt lat="24.4440367" lon="121.0884438">
<ele>1705.44</ele>
<time>2023-03-19T00:31:23Z</time>
</trkpt>
<trkpt lat="24.4440497" lon="121.0883847">
<ele>1702.28</ele>
<time>2023-03-19T00:31:33Z</time>
</trkpt>
<trkpt lat="24.4440339" lon="121.0883342">
<ele>1701.42</ele>
<time>2023-03-19T00:31:41Z</time>
</trkpt>
<trkpt lat="24.4440222" lon="121.0882853">
<ele>1703.60</ele>
<time>2023-03-19T00:31:49Z</time>
</trkpt>
<trkpt lat="24.4440282" lon="121.0882288">
<ele>1705.16</ele>
<time>2023-03-19T00:31:59Z</time>
</trkpt>
<trkpt lat="24.4440594" lon="121.0881912">
<ele>1706.45</ele>
<time>2023-03-19T00:32:10Z</time>
</trkpt>
<trkpt lat="24.4440139" lon="121.0881987">
<ele>1707.92</ele>
<time>2023-03-19T00:32:23Z</time>
</trkpt>
<trkpt lat="24.4439934" lon="121.0881518">
<ele>1708.98</ele>
<time>2023-03-19T00:32:31Z</time>
</trkpt>
<trkpt lat="24.4440152" lon="121.0881067">
<ele>1707.60</ele>
<time>2023-03-19T00:32:39Z</time>
</trkpt>
<trkpt lat="24.4440339" lon="121.0880533">
<ele>1710.89</ele>
<time>2023-03-19T00:32:51Z</time>
</trkpt>
<trkpt lat="24.4440409" lon="121.0879976">
<ele>1709.28</ele>
<time>2023-03-19T00:33:05Z</time>
</trkpt>
<trkpt lat="24.4440690" lon="121.0879543">
<ele>1708.78</ele>
<time>2023-03-19T00:33:27Z</time>
</trkpt>
<trkpt lat="24.4440793" lon="121.0879054">
<ele>1709.17</ele>
<time>2023-03-19T00:33:37Z</time>
</trkpt>
<trkpt lat="24.4440478" lon="121.0878580">
<ele>1711.92</ele>
<time>2023-03-19T00:33:49Z</time>
</trkpt>
<trkpt lat="24.4439918" lon="121.0878656">
<ele>1715.87</ele>
<time>2023-03-19T00:33:55Z</time>
</trkpt>
<trkpt lat="24.4440091" lon="121.0878121">
<ele>1716.17</ele>
<time>2023-03-19T00:34:13Z</time>
</trkpt>
<trkpt lat="24.4440523" lon="121.0877890">
<ele>1716.78</ele>
<time>2023-03-19T00:34:27Z</time>
</trkpt>
<trkpt lat="24.4440595" lon="121.0877384">
<ele>1721.65</ele>
<time>2023-03-19T00:34:47Z</time>
</trkpt>
<trkpt lat="24.4440674" lon="121.0876892">
<ele>1722.58</ele>
<time>2023-03-19T00:34:57Z</time>
</trkpt>
<trkpt lat="24.4440649" lon="121.0876335">
<ele>1726.42</ele>
<time>2023-03-19T00:35:11Z</time>
</trkpt>
<trkpt lat="24.4440546" lon="121.0875849">
<ele>1728.74</ele>
<time>2023-03-19T00:35:27Z</time>
</trkpt>
<trkpt lat="24.4440349" lon="121.0875357">
<ele>1731.98</ele>
<time>2023-03-19T00:35:47Z</time>
</trkpt>
<trkpt lat="24.4440471" lon="121.0874820">
<ele>1731.90</ele>
<time>2023-03-19T00:36:39Z</time>
</trkpt>
<trkpt lat="24.4440199" lon="121.0874348">
<ele>1735.93</ele>
<time>2023-03-19T00:36:55Z</time>
</trkpt>
<trkpt lat="24.4440059" lon="121.0873869">
<ele>1738.58</ele>
<time>2023-03-19T00:37:07Z</time>
</trkpt>
<trkpt lat="24.4439602" lon="121.0873841">
<ele>1741.29</ele>
<time>2023-03-19T00:37:31Z</time>
</trkpt>
<trkpt lat="24.4439300" lon="121.0873471">
<ele>1742.25</ele>
<time>2023-03-19T00:37:59Z</time>
</trkpt>
<trkpt lat="24.4439213" lon="121.0872934">
<ele>1742.88</ele>
<time>2023-03-19T00:38:11Z</time>
</trkpt>
<trkpt lat="24.4438870" lon="121.0872590">
<ele>1749.82</ele>
<time>2023-03-19T00:39:13Z</time>
</trkpt>
<trkpt lat="24.4438423" lon="121.0872388">
<ele>1753.71</ele>
<time>2023-03-19T00:39:37Z</time>
</trkpt>
<trkpt lat="24.4438572" lon="121.0871909">
<ele>1750.98</ele>
<time>2023-03-19T00:40:27Z</time>
</trkpt>
<trkpt lat="24.4438517" lon="121.0871341">
<ele>1752.59</ele>
<time>2023-03-19T00:40:39Z</time>
</trkpt>
<trkpt lat="24.4438770" lon="121.0870895">
<ele>1753.32</ele>
<time>2023-03-19T00:43:07Z</time>
</trkpt>
<trkpt lat="24.4438339" lon="121.0870687">
<ele>1756.31</ele>
<time>2023-03-19T00:43:19Z</time>
</trkpt>
<trkpt lat="24.4438373" lon="121.0870151">
<ele>1756.34</ele>
<time>2023-03-19T00:43:29Z</time>
</trkpt>
<trkpt lat="24.4438407" lon="121.0869629">
<ele>1754.06</ele>
<time>2023-03-19T00:44:21Z</time>
</trkpt>
<trkpt lat="24.4438165" lon="121.0869181">
<ele>1759.14</ele>
<time>2023-03-19T00:44:33Z</time>
</trkpt>
<trkpt lat="24.4438050" lon="121.0868599">
<ele>1761.18</ele>
<time>2023-03-19T00:44:41Z</time>
</trkpt>
<trkpt lat="24.4437893" lon="121.0867866">
<ele>1762.27</ele>
<time>2023-03-19T00:44:49Z</time>
</trkpt>
<trkpt lat="24.4437813" lon="121.0867280">
<ele>1763.55</ele>
<time>2023-03-19T00:45:05Z</time>
</trkpt>
<trkpt lat="24.4437716" lon="121.0866688">
<ele>1760.86</ele>
<time>2023-03-19T00:45:11Z</time>
</trkpt>
<trkpt lat="24.4437900" lon="121.0866072">
<ele>1760.99</ele>
<time>2023-03-19T00:45:17Z</time>
</trkpt>
<trkpt lat="24.4438052" lon="121.0865604">
<ele>1759.20</ele>
<time>2023-03-19T00:45:23Z</time>
</trkpt>
<trkpt lat="24.4438215" lon="121.0865040">
<ele>1758.80</ele>
<time>2023-03-19T00:45:31Z</time>
</trkpt>
<trkpt lat="24.4438523" lon="121.0864674">
<ele>1757.63</ele>
<time>2023-03-19T00:45:39Z</time>
</trkpt>
<trkpt lat="24.4438528" lon="121.0864119">
<ele>1762.10</ele>
<time>2023-03-19T00:56:05Z</time>
</trkpt>
<trkpt lat="24.4438640" lon="121.0863576">
<ele>1762.44</ele>
<time>2023-03-19T00:56:17Z</time>
</trkpt>
<trkpt lat="24.4438781" lon="121.0863063">
<ele>1764.91</ele>
<time>2023-03-19T00:57:01Z</time>
</trkpt>
<trkpt lat="24.4438623" lon="121.0862590">
<ele>1772.67</ele>
<time>2023-03-19T00:57:35Z</time>
</trkpt>
<trkpt lat="24.4438842" lon="121.0862127">
<ele>1776.21</ele>
<time>2023-03-19T00:58:21Z</time>
</trkpt>
<trkpt lat="24.4438742" lon="121.0861572">
<ele>1776.67</ele>
<time>2023-03-19T00:58:33Z</time>
</trkpt>
<trkpt lat="24.4438755" lon="121.0860979">
<ele>1775.03</ele>
<time>2023-03-19T00:58:53Z</time>
</trkpt>
<trkpt lat="24.4438807" lon="121.0860347">
<ele>1776.07</ele>
<time>2023-03-19T00:59:01Z</time>
</trkpt>
<trkpt lat="24.4438952" lon="121.0859791">
<ele>1777.72</ele>
<time>2023-03-19T00:59:09Z</time>
</trkpt>
<trkpt lat="24.4439009" lon="121.0859135">
<ele>1777.91</ele>
<time>2023-03-19T00:59:17Z</time>
</trkpt>
<trkpt lat="24.4438861" lon="121.0858649">
<ele>1777.86</ele>
<time>2023-03-19T00:59:23Z</time>
</trkpt>
<trkpt lat="24.4438500" lon="121.0858221">
<ele>1780.20</ele>
<time>2023-03-19T00:59:33Z</time>
</trkpt>
<trkpt lat="24.4438538" lon="121.0857672">
<ele>1778.24</ele>
<time>2023-03-19T00:59:41Z</time>
</trkpt>
<trkpt lat="24.4438511" lon="121.0857163">
<ele>1777.68</ele>
<time>2023-03-19T00:59:51Z</time>
</trkpt>
<trkpt lat="24.4438651" lon="121.0856535">
<ele>1775.68</ele>
<time>2023-03-19T01:00:03Z</time>
</trkpt>
<trkpt lat="24.4438763" lon="121.0856047">
<ele>1777.39</ele>
<time>2023-03-19T01:00:13Z</time>
</trkpt>
<trkpt lat="24.4438422" lon="121.0855618">
<ele>1778.17</ele>
<time>2023-03-19T01:00:23Z</time>
</trkpt>
<trkpt lat="24.4438595" lon="121.0854960">
<ele>1778.88</ele>
<time>2023-03-19T01:00:33Z</time>
</trkpt>
<trkpt lat="24.4438836" lon="121.0854384">
<ele>1777.21</ele>
<time>2023-03-19T01:00:41Z</time>
</trkpt>
<trkpt lat="24.4439304" lon="121.0854198">
<ele>1777.64</ele>
<time>2023-03-19T01:00:57Z</time>
</trkpt>
<trkpt lat="24.4439287" lon="121.0853656">
<ele>1778.43</ele>
<time>2023-03-19T01:01:07Z</time>
</trkpt>
<trkpt lat="24.4439012" lon="121.0853252">
<ele>1784.11</ele>
<time>2023-03-19T01:01:29Z</time>
</trkpt>
<trkpt lat="24.4438728" lon="121.0852793">
<ele>1786.72</ele>
<time>2023-03-19T01:01:47Z</time>
</trkpt>
<trkpt lat="24.4438342" lon="121.0852398">
<ele>1792.28</ele>
<time>2023-03-19T01:01:59Z</time>
</trkpt>
<trkpt lat="24.4438306" lon="121.0851828">
<ele>1791.70</ele>
<time>2023-03-19T01:02:17Z</time>
</trkpt>
<trkpt lat="24.4438232" lon="121.0851275">
<ele>1792.79</ele>
<time>2023-03-19T01:02:39Z</time>
</trkpt>
<trkpt lat="24.4437926" lon="121.0850846">
<ele>1796.02</ele>
<time>2023-03-19T01:02:55Z</time>
</trkpt>
<trkpt lat="24.4437896" lon="121.0850353">
<ele>1796.23</ele>
<time>2023-03-19T01:03:07Z</time>
</trkpt>
<trkpt lat="24.4438134" lon="121.0849825">
<ele>1793.68</ele>
<time>2023-03-19T01:03:23Z</time>
</trkpt>
<trkpt lat="24.4438495" lon="121.0849465">
<ele>1794.05</ele>
<time>2023-03-19T01:03:35Z</time>
</trkpt>
<trkpt lat="24.4438163" lon="121.0849108">
<ele>1798.01</ele>
<time>2023-03-19T01:03:49Z</time>
</trkpt>
<trkpt lat="24.4438376" lon="121.0848637">
<ele>1798.14</ele>
<time>2023-03-19T01:04:07Z</time>
</trkpt>
<trkpt lat="24.4437882" lon="121.0848330">
<ele>1805.73</ele>
<time>2023-03-19T01:04:19Z</time>
</trkpt>
<trkpt lat="24.4438104" lon="121.0847867">
<ele>1819.97</ele>
<time>2023-03-19T01:05:09Z</time>
</trkpt>
<trkpt lat="24.4438111" lon="121.0847347">
<ele>1822.20</ele>
<time>2023-03-19T01:05:35Z</time>
</trkpt>
<trkpt lat="24.4438462" lon="121.0846980">
<ele>1821.56</ele>
<time>2023-03-19T01:05:53Z</time>
</trkpt>
<trkpt lat="24.4438807" lon="121.0846629">
<ele>1821.96</ele>
<time>2023-03-19T01:06:17Z</time>
</trkpt>
<trkpt lat="24.4438283" lon="121.0846552">
<ele>1828.37</ele>
<time>2023-03-19T01:07:09Z</time>
</trkpt>
<trkpt lat="24.4437839" lon="121.0846443">
<ele>1830.07</ele>
<time>2023-03-19T01:07:27Z</time>
</trkpt>
<trkpt lat="24.4437609" lon="121.0845976">
<ele>1835.12</ele>
<time>2023-03-19T01:07:39Z</time>
</trkpt>
<trkpt lat="24.4437475" lon="121.0845318">
<ele>1834.12</ele>
<time>2023-03-19T01:08:09Z</time>
</trkpt>
<trkpt lat="24.4437929" lon="121.0845346">
<ele>1835.29</ele>
<time>2023-03-19T01:08:47Z</time>
</trkpt>
<trkpt lat="24.4438079" lon="121.0844799">
<ele>1834.88</ele>
<time>2023-03-19T01:09:03Z</time>
</trkpt>
<trkpt lat="24.4437815" lon="121.0844291">
<ele>1835.15</ele>
<time>2023-03-19T01:09:27Z</time>
</trkpt>
<trkpt lat="24.4437394" lon="121.0844076">
<ele>1836.21</ele>
<time>2023-03-19T01:09:35Z</time>
</trkpt>
<trkpt lat="24.4437618" lon="121.0844522">
<ele>1839.64</ele>
<time>2023-03-19T01:09:53Z</time>
</trkpt>
<trkpt lat="24.4437542" lon="121.0843988">
<ele>1838.23</ele>
<time>2023-03-19T01:10:03Z</time>
</trkpt>
<trkpt lat="24.4437871" lon="121.0843626">
<ele>1841.38</ele>
<time>2023-03-19T01:10:33Z</time>
</trkpt>
<trkpt lat="24.4438227" lon="121.0843160">
<ele>1843.24</ele>
<time>2023-03-19T01:10:49Z</time>
</trkpt>
<trkpt lat="24.4438176" lon="121.0842615">
<ele>1844.04</ele>
<time>2023-03-19T01:11:07Z</time>
</trkpt>
<trkpt lat="24.4438145" lon="121.0842103">
<ele>1849.80</ele>
<time>2023-03-19T01:11:31Z</time>
</trkpt>
<trkpt lat="24.4438575" lon="121.0841901">
<ele>1851.29</ele>
<time>2023-03-19T01:11:49Z</time>
</trkpt>
<trkpt lat="24.4438409" lon="121.0841428">
<ele>1854.76</ele>
<time>2023-03-19T01:12:05Z</time>
</trkpt>
<trkpt lat="24.4438444" lon="121.0840935">
<ele>1858.27</ele>
<time>2023-03-19T01:12:31Z</time>
</trkpt>
<trkpt lat="24.4438092" lon="121.0840597">
<ele>1860.80</ele>
<time>2023-03-19T01:12:45Z</time>
</trkpt>
<trkpt lat="24.4437935" lon="121.0840060">
<ele>1862.86</ele>
<time>2023-03-19T01:13:11Z</time>
</trkpt>
<trkpt lat="24.4438202" lon="121.0839648">
<ele>1862.29</ele>
<time>2023-03-19T01:13:27Z</time>
</trkpt>
<trkpt lat="24.4438617" lon="121.0839345">
<ele>1858.95</ele>
<time>2023-03-19T01:13:39Z</time>
</trkpt>
<trkpt lat="24.4438174" lon="121.0839245">
<ele>1865.73</ele>
<time>2023-03-19T01:13:59Z</time>
</trkpt>
<trkpt lat="24.4437689" lon="121.0839289">
<ele>1872.46</ele>
<time>2023-03-19T01:14:11Z</time>
</trkpt>
<trkpt lat="24.4438028" lon="121.0838918">
<ele>1871.55</ele>
<time>2023-03-19T01:14:27Z</time>
</trkpt>
<trkpt lat="24.4437745" lon="121.0838484">
<ele>1875.85</ele>
<time>2023-03-19T01:14:43Z</time>
</trkpt>
<trkpt lat="24.4438033" lon="121.0838061">
<ele>1874.54</ele>
<time>2023-03-19T01:14:51Z</time>
</trkpt>
<trkpt lat="24.4437867" lon="121.0837565">
<ele>1877.55</ele>
<time>2023-03-19T01:15:15Z</time>
</trkpt>
<trkpt lat="24.4438396" lon="121.0837506">
<ele>1875.83</ele>
<time>2023-03-19T01:15:31Z</time>
</trkpt>
<trkpt lat="24.4438791" lon="121.0837779">
<ele>1877.38</ele>
<time>2023-03-19T01:15:43Z</time>
</trkpt>
<trkpt lat="24.4438508" lon="121.0837381">
<ele>1879.24</ele>
<time>2023-03-19T01:16:21Z</time>
</trkpt>
<trkpt lat="24.4438946" lon="121.0837612">
<ele>1878.05</ele>
<time>2023-03-19T01:16:35Z</time>
</trkpt>
<trkpt lat="24.4439445" lon="121.0837359">
<ele>1885.53</ele>
<time>2023-03-19T01:17:35Z</time>
</trkpt>
<trkpt lat="24.4439421" lon="121.0836758">
<ele>1886.04</ele>
<time>2023-03-19T01:17:57Z</time>
</trkpt>
<trkpt lat="24.4439849" lon="121.0836523">
<ele>1884.99</ele>
<time>2023-03-19T01:18:07Z</time>
</trkpt>
<trkpt lat="24.4440310" lon="121.0836708">
<ele>1898.20</ele>
<time>2023-03-19T01:19:27Z</time>
</trkpt>
<trkpt lat="24.4440607" lon="121.0836247">
<ele>1900.33</ele>
<time>2023-03-19T01:19:47Z</time>
</trkpt>
<trkpt lat="24.4440800" lon="121.0835722">
<ele>1897.77</ele>
<time>2023-03-19T01:20:03Z</time>
</trkpt>
<trkpt lat="24.4441328" lon="121.0835707">
<ele>1905.21</ele>
<time>2023-03-19T01:20:55Z</time>
</trkpt>
<trkpt lat="24.4441348" lon="121.0835167">
<ele>1911.47</ele>
<time>2023-03-19T01:21:27Z</time>
</trkpt>
<trkpt lat="24.4441511" lon="121.0834614">
<ele>1911.43</ele>
<time>2023-03-19T01:21:45Z</time>
</trkpt>
<trkpt lat="24.4441458" lon="121.0834079">
<ele>1913.18</ele>
<time>2023-03-19T01:22:00Z</time>
</trkpt>
<trkpt lat="24.4441724" lon="121.0833665">
<ele>1913.73</ele>
<time>2023-03-19T01:22:16Z</time>
</trkpt>
<trkpt lat="24.4442172" lon="121.0833479">
<ele>1917.70</ele>
<time>2023-03-19T01:22:55Z</time>
</trkpt>
<trkpt lat="24.4442044" lon="121.0832970">
<ele>1919.17</ele>
<time>2023-03-19T01:23:09Z</time>
</trkpt>
<trkpt lat="24.4442195" lon="121.0832502">
<ele>1927.30</ele>
<time>2023-03-19T01:23:49Z</time>
</trkpt>
<trkpt lat="24.4442698" lon="121.0832735">
<ele>1925.10</ele>
<time>2023-03-19T01:23:57Z</time>
</trkpt>
<trkpt lat="24.4442841" lon="121.0833228">
<ele>1925.90</ele>
<time>2023-03-19T01:24:02Z</time>
</trkpt>
<trkpt lat="24.4443296" lon="121.0833350">
<ele>1927.19</ele>
<time>2023-03-19T01:24:22Z</time>
</trkpt>
<trkpt lat="24.4443135" lon="121.0832871">
<ele>1932.54</ele>
<time>2023-03-19T01:24:39Z</time>
</trkpt>
<trkpt lat="24.4443068" lon="121.0832381">
<ele>1939.47</ele>
<time>2023-03-19T01:25:26Z</time>
</trkpt>
<trkpt lat="24.4442689" lon="121.0832005">
<ele>1940.64</ele>
<time>2023-03-19T01:25:34Z</time>
</trkpt>
<trkpt lat="24.4442881" lon="121.0831503">
<ele>1939.02</ele>
<time>2023-03-19T01:25:42Z</time>
</trkpt>
<trkpt lat="24.4443393" lon="121.0831185">
<ele>1934.86</ele>
<time>2023-03-19T01:25:52Z</time>
</trkpt>
<trkpt lat="24.4443615" lon="121.0830737">
<ele>1941.07</ele>
<time>2023-03-19T01:26:32Z</time>
</trkpt>
<trkpt lat="24.4443100" lon="121.0831019">
<ele>1945.68</ele>
<time>2023-03-19T01:26:42Z</time>
</trkpt>
<trkpt lat="24.4442961" lon="121.0830544">
<ele>1948.45</ele>
<time>2023-03-19T01:27:16Z</time>
</trkpt>
<trkpt lat="24.4443311" lon="121.0830207">
<ele>1948.84</ele>
<time>2023-03-19T01:27:30Z</time>
</trkpt>
<trkpt lat="24.4443521" lon="121.0829732">
<ele>1953.77</ele>
<time>2023-03-19T01:28:20Z</time>
</trkpt>
<trkpt lat="24.4443371" lon="121.0829251">
<ele>1954.36</ele>
<time>2023-03-19T01:28:36Z</time>
</trkpt>
<trkpt lat="24.4443352" lon="121.0828640">
<ele>1952.08</ele>
<time>2023-03-19T01:28:46Z</time>
</trkpt>
<trkpt lat="24.4443079" lon="121.0828218">
<ele>1956.90</ele>
<time>2023-03-19T01:28:56Z</time>
</trkpt>
<trkpt lat="24.4442704" lon="121.0827848">
<ele>1956.64</ele>
<time>2023-03-19T01:29:10Z</time>
</trkpt>
<trkpt lat="24.4442956" lon="121.0827295">
<ele>1958.88</ele>
<time>2023-03-19T01:29:28Z</time>
</trkpt>
<trkpt lat="24.4442882" lon="121.0826676">
<ele>1957.54</ele>
<time>2023-03-19T01:30:00Z</time>
</trkpt>
<trkpt lat="24.4442493" lon="121.0827096">
<ele>1965.17</ele>
<time>2023-03-19T01:30:14Z</time>
</trkpt>
<trkpt lat="24.4442066" lon="121.0826826">
<ele>1971.39</ele>
<time>2023-03-19T01:30:34Z</time>
</trkpt>
<trkpt lat="24.4442156" lon="121.0826151">
<ele>1969.21</ele>
<time>2023-03-19T01:30:40Z</time>
</trkpt>
<trkpt lat="24.4442258" lon="121.0825516">
<ele>1968.71</ele>
<time>2023-03-19T01:30:46Z</time>
</trkpt>
<trkpt lat="24.4442681" lon="121.0825719">
<ele>1970.40</ele>
<time>2023-03-19T01:31:04Z</time>
</trkpt>
<trkpt lat="24.4442731" lon="121.0825223">
<ele>1968.68</ele>
<time>2023-03-19T01:31:10Z</time>
</trkpt>
<trkpt lat="24.4442627" lon="121.0824713">
<ele>1966.77</ele>
<time>2023-03-19T01:31:22Z</time>
</trkpt>
<trkpt lat="24.4443100" lon="121.0824684">
<ele>1971.20</ele>
<time>2023-03-19T01:31:36Z</time>
</trkpt>
<trkpt lat="24.4443109" lon="121.0824175">
<ele>1970.89</ele>
<time>2023-03-19T01:31:46Z</time>
</trkpt>
<trkpt lat="24.4442957" lon="121.0823672">
<ele>1977.34</ele>
<time>2023-03-19T01:32:32Z</time>
</trkpt>
<trkpt lat="24.4443295" lon="121.0823240">
<ele>1976.61</ele>
<time>2023-03-19T01:33:00Z</time>
</trkpt>
<trkpt lat="24.4443533" lon="121.0822820">
<ele>1985.24</ele>
<time>2023-03-19T01:33:48Z</time>
</trkpt>
<trkpt lat="24.4443265" lon="121.0822208">
<ele>1979.45</ele>
<time>2023-03-19T01:34:18Z</time>
</trkpt>
<trkpt lat="24.4443573" lon="121.0821813">
<ele>1990.46</ele>
<time>2023-03-19T01:34:46Z</time>
</trkpt>
<trkpt lat="24.4444078" lon="121.0821653">
<ele>1994.64</ele>
<time>2023-03-19T01:35:12Z</time>
</trkpt>
<trkpt lat="24.4443610" lon="121.0821435">
<ele>1996.10</ele>
<time>2023-03-19T01:35:32Z</time>
</trkpt>
<trkpt lat="24.4443523" lon="121.0820634">
<ele>2008.08</ele>
<time>2023-03-19T01:37:48Z</time>
</trkpt>
<trkpt lat="24.4443650" lon="121.0820096">
<ele>2009.08</ele>
<time>2023-03-19T01:38:34Z</time>
</trkpt>
<trkpt lat="24.4443357" lon="121.0819641">
<ele>2015.29</ele>
<time>2023-03-19T01:38:52Z</time>
</trkpt>
<trkpt lat="24.4443636" lon="121.0818977">
<ele>2019.33</ele>
<time>2023-03-19T01:39:18Z</time>
</trkpt>
<trkpt lat="24.4443782" lon="121.0818509">
<ele>2013.96</ele>
<time>2023-03-19T01:39:26Z</time>
</trkpt>
<trkpt lat="24.4444018" lon="121.0819020">
<ele>2019.19</ele>
<time>2023-03-19T01:39:38Z</time>
</trkpt>
<trkpt lat="24.4444107" lon="121.0818303">
<ele>2019.23</ele>
<time>2023-03-19T01:40:26Z</time>
</trkpt>
<trkpt lat="24.4443642" lon="121.0818012">
<ele>2027.18</ele>
<time>2023-03-19T01:41:04Z</time>
</trkpt>
<trkpt lat="24.4443129" lon="121.0817959">
<ele>2031.35</ele>
<time>2023-03-19T01:41:26Z</time>
</trkpt>
<trkpt lat="24.4442756" lon="121.0817651">
<ele>2033.43</ele>
<time>2023-03-19T01:41:36Z</time>
</trkpt>
<trkpt lat="24.4443200" lon="121.0817162">
<ele>2038.08</ele>
<time>2023-03-19T01:42:54Z</time>
</trkpt>
<trkpt lat="24.4443490" lon="121.0816580">
<ele>2039.99</ele>
<time>2023-03-19T01:42:58Z</time>
</trkpt>
<trkpt lat="24.4443788" lon="121.0815892">
<ele>2038.67</ele>
<time>2023-03-19T01:43:20Z</time>
</trkpt>
<trkpt lat="24.4444361" lon="121.0815523">
<ele>2040.11</ele>
<time>2023-03-19T01:43:42Z</time>
</trkpt>
<trkpt lat="24.4444095" lon="121.0814940">
<ele>2050.10</ele>
<time>2023-03-19T01:44:20Z</time>
</trkpt>
<trkpt lat="24.4444200" lon="121.0814457">
<ele>2050.95</ele>
<time>2023-03-19T01:44:36Z</time>
</trkpt>
<trkpt lat="24.4444262" lon="121.0813816">
<ele>2051.93</ele>
<time>2023-03-19T01:45:22Z</time>
</trkpt>
<trkpt lat="24.4444464" lon="121.0813207">
<ele>2052.21</ele>
<time>2023-03-19T01:45:26Z</time>
</trkpt>
<trkpt lat="24.4444599" lon="121.0812726">
<ele>2051.69</ele>
<time>2023-03-19T01:45:32Z</time>
</trkpt>
<trkpt lat="24.4444210" lon="121.0812468">
<ele>2055.23</ele>
<time>2023-03-19T01:46:04Z</time>
</trkpt>
<trkpt lat="24.4444694" lon="121.0812265">
<ele>2058.24</ele>
<time>2023-03-19T01:52:56Z</time>
</trkpt>
<trkpt lat="24.4445219" lon="121.0812183">
<ele>2060.78</ele>
<time>2023-03-19T01:53:20Z</time>
</trkpt>
<trkpt lat="24.4445824" lon="121.0812170">
<ele>2062.16</ele>
<time>2023-03-19T01:53:28Z</time>
</trkpt>
<trkpt lat="24.4446285" lon="121.0811964">
<ele>2060.74</ele>
<time>2023-03-19T01:53:38Z</time>
</trkpt>
<trkpt lat="24.4446740" lon="121.0812184">
<ele>2062.16</ele>
<time>2023-03-19T01:53:44Z</time>
</trkpt>
<trkpt lat="24.4447290" lon="121.0812324">
<ele>2061.41</ele>
<time>2023-03-19T01:53:52Z</time>
</trkpt>
<trkpt lat="24.4447724" lon="121.0811943">
<ele>2059.40</ele>
<time>2023-03-19T01:54:00Z</time>
</trkpt>
<trkpt lat="24.4448194" lon="121.0812087">
<ele>2060.85</ele>
<time>2023-03-19T01:54:08Z</time>
</trkpt>
<trkpt lat="24.4448526" lon="121.0811720">
<ele>2062.35</ele>
<time>2023-03-19T01:54:20Z</time>
</trkpt>
<trkpt lat="24.4449139" lon="121.0811848">
<ele>2061.13</ele>
<time>2023-03-19T01:54:32Z</time>
</trkpt>
<trkpt lat="24.4449442" lon="121.0812215">
<ele>2063.42</ele>
<time>2023-03-19T01:55:31Z</time>
</trkpt>
<trkpt lat="24.4449849" lon="121.0811932">
<ele>2062.74</ele>
<time>2023-03-19T01:56:13Z</time>
</trkpt>
<trkpt lat="24.4450228" lon="121.0811655">
<ele>2063.64</ele>
<time>2023-03-19T01:56:19Z</time>
</trkpt>
<trkpt lat="24.4450751" lon="121.0811811">
<ele>2060.96</ele>
<time>2023-03-19T01:56:27Z</time>
</trkpt>
<trkpt lat="24.4451278" lon="121.0811484">
<ele>2062.74</ele>
<time>2023-03-19T01:56:35Z</time>
</trkpt>
<trkpt lat="24.4451733" lon="121.0811215">
<ele>2061.88</ele>
<time>2023-03-19T01:56:43Z</time>
</trkpt>
<trkpt lat="24.4452292" lon="121.0811304">
<ele>2062.59</ele>
<time>2023-03-19T01:56:49Z</time>
</trkpt>
<trkpt lat="24.4452737" lon="121.0811098">
<ele>2059.70</ele>
<time>2023-03-19T01:56:57Z</time>
</trkpt>
<trkpt lat="24.4453173" lon="121.0810868">
<ele>2058.91</ele>
<time>2023-03-19T01:57:03Z</time>
</trkpt>
<trkpt lat="24.4453728" lon="121.0810769">
<ele>2056.95</ele>
<time>2023-03-19T01:57:11Z</time>
</trkpt>
<trkpt lat="24.4454201" lon="121.0810745">
<ele>2054.09</ele>
<time>2023-03-19T01:57:19Z</time>
</trkpt>
<trkpt lat="24.4454719" lon="121.0810728">
<ele>2053.68</ele>
<time>2023-03-19T01:57:27Z</time>
</trkpt>
<trkpt lat="24.4455179" lon="121.0810626">
<ele>2053.60</ele>
<time>2023-03-19T01:57:33Z</time>
</trkpt>
<trkpt lat="24.4455630" lon="121.0810735">
<ele>2053.26</ele>
<time>2023-03-19T01:57:39Z</time>
</trkpt>
<trkpt lat="24.4456101" lon="121.0810606">
<ele>2052.97</ele>
<time>2023-03-19T01:57:45Z</time>
</trkpt>
<trkpt lat="24.4456373" lon="121.0810194">
<ele>2051.53</ele>
<time>2023-03-19T01:57:51Z</time>
</trkpt>
<trkpt lat="24.4456911" lon="121.0809972">
<ele>2052.09</ele>
<time>2023-03-19T01:58:01Z</time>
</trkpt>
<trkpt lat="24.4457482" lon="121.0809865">
<ele>2050.81</ele>
<time>2023-03-19T01:58:07Z</time>
</trkpt>
<trkpt lat="24.4457979" lon="121.0809618">
<ele>2051.70</ele>
<time>2023-03-19T01:58:13Z</time>
</trkpt>
<trkpt lat="24.4458519" lon="121.0809469">
<ele>2052.24</ele>
<time>2023-03-19T01:58:21Z</time>
</trkpt>
<trkpt lat="24.4459046" lon="121.0809576">
<ele>2054.99</ele>
<time>2023-03-19T01:58:27Z</time>
</trkpt>
<trkpt lat="24.4459608" lon="121.0809393">
<ele>2055.37</ele>
<time>2023-03-19T01:58:35Z</time>
</trkpt>
<trkpt lat="24.4459875" lon="121.0808888">
<ele>2059.13</ele>
<time>2023-03-19T01:58:45Z</time>
</trkpt>
<trkpt lat="24.4460362" lon="121.0808754">
<ele>2060.03</ele>
<time>2023-03-19T01:58:55Z</time>
</trkpt>
<trkpt lat="24.4460805" lon="121.0808943">
<ele>2062.27</ele>
<time>2023-03-19T01:59:07Z</time>
</trkpt>
<trkpt lat="24.4461083" lon="121.0808456">
<ele>2068.75</ele>
<time>2023-03-19T01:59:35Z</time>
</trkpt>
<trkpt lat="24.4461412" lon="121.0808801">
<ele>2070.55</ele>
<time>2023-03-19T02:00:05Z</time>
</trkpt>
<trkpt lat="24.4461881" lon="121.0808730">
<ele>2071.86</ele>
<time>2023-03-19T02:00:19Z</time>
</trkpt>
<trkpt lat="24.4462297" lon="121.0808533">
<ele>2074.54</ele>
<time>2023-03-19T02:00:37Z</time>
</trkpt>
<trkpt lat="24.4462766" lon="121.0808806">
<ele>2076.77</ele>
<time>2023-03-19T02:00:47Z</time>
</trkpt>
<trkpt lat="24.4463249" lon="121.0808910">
<ele>2074.72</ele>
<time>2023-03-19T02:01:07Z</time>
</trkpt>
<trkpt lat="24.4463685" lon="121.0809288">
<ele>2084.34</ele>
<time>2023-03-19T02:01:44Z</time>
</trkpt>
<trkpt lat="24.4464068" lon="121.0808941">
<ele>2085.83</ele>
<time>2023-03-19T02:02:13Z</time>
</trkpt>
<trkpt lat="24.4464540" lon="121.0809193">
<ele>2087.97</ele>
<time>2023-03-19T02:02:29Z</time>
</trkpt>
<trkpt lat="24.4465009" lon="121.0809176">
<ele>2088.84</ele>
<time>2023-03-19T02:02:45Z</time>
</trkpt>
<trkpt lat="24.4465363" lon="121.0809505">
<ele>2092.06</ele>
<time>2023-03-19T02:02:55Z</time>
</trkpt>
<trkpt lat="24.4465902" lon="121.0809412">
<ele>2093.94</ele>
<time>2023-03-19T02:03:09Z</time>
</trkpt>
<trkpt lat="24.4466422" lon="121.0809357">
<ele>2091.50</ele>
<time>2023-03-19T02:03:19Z</time>
</trkpt>
<trkpt lat="24.4466908" lon="121.0809394">
<ele>2090.48</ele>
<time>2023-03-19T02:03:25Z</time>
</trkpt>
<trkpt lat="24.4467480" lon="121.0809426">
<ele>2092.50</ele>
<time>2023-03-19T02:03:33Z</time>
</trkpt>
<trkpt lat="24.4467855" lon="121.0809763">
<ele>2094.07</ele>
<time>2023-03-19T02:03:39Z</time>
</trkpt>
<trkpt lat="24.4468308" lon="121.0809891">
<ele>2095.06</ele>
<time>2023-03-19T02:03:47Z</time>
</trkpt>
<trkpt lat="24.4468835" lon="121.0810097">
<ele>2096.13</ele>
<time>2023-03-19T02:03:57Z</time>
</trkpt>
<trkpt lat="24.4469246" lon="121.0810502">
<ele>2098.25</ele>
<time>2023-03-19T02:04:09Z</time>
</trkpt>
<trkpt lat="24.4469726" lon="121.0810329">
<ele>2099.26</ele>
<time>2023-03-19T02:04:17Z</time>
</trkpt>
<trkpt lat="24.4470216" lon="121.0810009">
<ele>2096.43</ele>
<time>2023-03-19T02:04:31Z</time>
</trkpt>
<trkpt lat="24.4470562" lon="121.0810370">
<ele>2098.58</ele>
<time>2023-03-19T02:04:41Z</time>
</trkpt>
<trkpt lat="24.4471091" lon="121.0810417">
<ele>2096.06</ele>
<time>2023-03-19T02:04:49Z</time>
</trkpt>
<trkpt lat="24.4471533" lon="121.0810585">
<ele>2097.23</ele>
<time>2023-03-19T02:04:55Z</time>
</trkpt>
<trkpt lat="24.4472037" lon="121.0810670">
<ele>2097.60</ele>
<time>2023-03-19T02:05:01Z</time>
</trkpt>
<trkpt lat="24.4472295" lon="121.0811079">
<ele>2098.11</ele>
<time>2023-03-19T02:05:07Z</time>
</trkpt>
<trkpt lat="24.4472550" lon="121.0811630">
<ele>2099.56</ele>
<time>2023-03-19T02:05:15Z</time>
</trkpt>
<trkpt lat="24.4472939" lon="121.0811979">
<ele>2099.66</ele>
<time>2023-03-19T02:05:23Z</time>
</trkpt>
<trkpt lat="24.4473399" lon="121.0811989">
<ele>2098.93</ele>
<time>2023-03-19T02:05:29Z</time>
</trkpt>
<trkpt lat="24.4473897" lon="121.0812297">
<ele>2100.93</ele>
<time>2023-03-19T02:05:35Z</time>
</trkpt>
<trkpt lat="24.4474255" lon="121.0811961">
<ele>2100.09</ele>
<time>2023-03-19T02:05:41Z</time>
</trkpt>
<trkpt lat="24.4474753" lon="121.0811930">
<ele>2100.21</ele>
<time>2023-03-19T02:05:47Z</time>
</trkpt>
<trkpt lat="24.4475271" lon="121.0811758">
<ele>2100.63</ele>
<time>2023-03-19T02:05:53Z</time>
</trkpt>
<trkpt lat="24.4475687" lon="121.0811553">
<ele>2100.99</ele>
<time>2023-03-19T02:05:59Z</time>
</trkpt>
<trkpt lat="24.4476179" lon="121.0811656">
<ele>2101.03</ele>
<time>2023-03-19T02:06:09Z</time>
</trkpt>
<trkpt lat="24.4476636" lon="121.0811684">
<ele>2099.62</ele>
<time>2023-03-19T02:06:17Z</time>
</trkpt>
<trkpt lat="24.4477051" lon="121.0811879">
<ele>2100.39</ele>
<time>2023-03-19T02:06:23Z</time>
</trkpt>
<trkpt lat="24.4477710" lon="121.0811983">
<ele>2100.25</ele>
<time>2023-03-19T02:06:31Z</time>
</trkpt>
<trkpt lat="24.4478126" lon="121.0811699">
<ele>2099.24</ele>
<time>2023-03-19T02:06:39Z</time>
</trkpt>
<trkpt lat="24.4478617" lon="121.0811613">
<ele>2097.82</ele>
<time>2023-03-19T02:06:47Z</time>
</trkpt>
<trkpt lat="24.4479042" lon="121.0811826">
<ele>2099.16</ele>
<time>2023-03-19T02:06:57Z</time>
</trkpt>
<trkpt lat="24.4479515" lon="121.0811990">
<ele>2098.97</ele>
<time>2023-03-19T02:07:05Z</time>
</trkpt>
<trkpt lat="24.4479869" lon="121.0812320">
<ele>2098.43</ele>
<time>2023-03-19T02:07:13Z</time>
</trkpt>
<trkpt lat="24.4480262" lon="121.0812564">
<ele>2097.24</ele>
<time>2023-03-19T02:07:21Z</time>
</trkpt>
<trkpt lat="24.4480734" lon="121.0812281">
<ele>2096.83</ele>
<time>2023-03-19T02:07:31Z</time>
</trkpt>
<trkpt lat="24.4481326" lon="121.0811945">
<ele>2093.84</ele>
<time>2023-03-19T02:07:43Z</time>
</trkpt>
<trkpt lat="24.4481819" lon="121.0811849">
<ele>2092.27</ele>
<time>2023-03-19T02:07:49Z</time>
</trkpt>
<trkpt lat="24.4482216" lon="121.0811481">
<ele>2091.26</ele>
<time>2023-03-19T02:07:57Z</time>
</trkpt>
<trkpt lat="24.4482692" lon="121.0811336">
<ele>2090.71</ele>
<time>2023-03-19T02:08:03Z</time>
</trkpt>
<trkpt lat="24.4483161" lon="121.0811274">
<ele>2090.36</ele>
<time>2023-03-19T02:08:09Z</time>
</trkpt>
<trkpt lat="24.4483751" lon="121.0811304">
<ele>2089.38</ele>
<time>2023-03-19T02:08:17Z</time>
</trkpt>
<trkpt lat="24.4484184" lon="121.0811440">
<ele>2087.98</ele>
<time>2023-03-19T02:08:23Z</time>
</trkpt>
<trkpt lat="24.4484727" lon="121.0811607">
<ele>2085.86</ele>
<time>2023-03-19T02:08:31Z</time>
</trkpt>
<trkpt lat="24.4485170" lon="121.0811480">
<ele>2084.47</ele>
<time>2023-03-19T02:08:37Z</time>
</trkpt>
<trkpt lat="24.4485602" lon="121.0811149">
<ele>2082.38</ele>
<time>2023-03-19T02:08:45Z</time>
</trkpt>
<trkpt lat="24.4486189" lon="121.0811275">
<ele>2081.10</ele>
<time>2023-03-19T02:08:53Z</time>
</trkpt>
<trkpt lat="24.4486421" lon="121.0811719">
<ele>2081.51</ele>
<time>2023-03-19T02:09:11Z</time>
</trkpt>
<trkpt lat="24.4486868" lon="121.0811639">
<ele>2079.59</ele>
<time>2023-03-19T02:09:25Z</time>
</trkpt>
<trkpt lat="24.4487288" lon="121.0811424">
<ele>2078.22</ele>
<time>2023-03-19T02:09:31Z</time>
</trkpt>
<trkpt lat="24.4487796" lon="121.0811048">
<ele>2077.99</ele>
<time>2023-03-19T02:09:39Z</time>
</trkpt>
<trkpt lat="24.4488270" lon="121.0810889">
<ele>2075.34</ele>
<time>2023-03-19T02:09:47Z</time>
</trkpt>
<trkpt lat="24.4488572" lon="121.0810470">
<ele>2074.95</ele>
<time>2023-03-19T02:09:53Z</time>
</trkpt>
<trkpt lat="24.4488866" lon="121.0810077">
<ele>2073.40</ele>
<time>2023-03-19T02:10:03Z</time>
</trkpt>
<trkpt lat="24.4489267" lon="121.0809735">
<ele>2069.44</ele>
<time>2023-03-19T02:10:11Z</time>
</trkpt>
<trkpt lat="24.4489685" lon="121.0809504">
<ele>2067.26</ele>
<time>2023-03-19T02:10:19Z</time>
</trkpt>
<trkpt lat="24.4490194" lon="121.0809552">
<ele>2066.38</ele>
<time>2023-03-19T02:10:27Z</time>
</trkpt>
<trkpt lat="24.4490660" lon="121.0809188">
<ele>2064.76</ele>
<time>2023-03-19T02:10:35Z</time>
</trkpt>
<trkpt lat="24.4491153" lon="121.0809102">
<ele>2064.83</ele>
<time>2023-03-19T02:10:41Z</time>
</trkpt>
<trkpt lat="24.4491475" lon="121.0808703">
<ele>2063.16</ele>
<time>2023-03-19T02:10:49Z</time>
</trkpt>
<trkpt lat="24.4491470" lon="121.0808199">
<ele>2066.39</ele>
<time>2023-03-19T02:10:57Z</time>
</trkpt>
<trkpt lat="24.4491976" lon="121.0807933">
<ele>2064.90</ele>
<time>2023-03-19T02:11:05Z</time>
</trkpt>
<trkpt lat="24.4492545" lon="121.0808219">
<ele>2064.13</ele>
<time>2023-03-19T02:11:13Z</time>
</trkpt>
<trkpt lat="24.4492939" lon="121.0807972">
<ele>2064.12</ele>
<time>2023-03-19T02:11:21Z</time>
</trkpt>
<trkpt lat="24.4493298" lon="121.0807614">
<ele>2064.36</ele>
<time>2023-03-19T02:11:29Z</time>
</trkpt>
<trkpt lat="24.4493495" lon="121.0807112">
<ele>2066.04</ele>
<time>2023-03-19T02:11:35Z</time>
</trkpt>
<trkpt lat="24.4494040" lon="121.0807001">
<ele>2063.10</ele>
<time>2023-03-19T02:11:41Z</time>
</trkpt>
<trkpt lat="24.4494496" lon="121.0806819">
<ele>2062.63</ele>
<time>2023-03-19T02:11:45Z</time>
</trkpt>
<trkpt lat="24.4495004" lon="121.0806986">
<ele>2062.62</ele>
<time>2023-03-19T02:11:55Z</time>
</trkpt>
<trkpt lat="24.4495456" lon="121.0807158">
<ele>2062.44</ele>
<time>2023-03-19T02:12:01Z</time>
</trkpt>
<trkpt lat="24.4496027" lon="121.0807189">
<ele>2062.83</ele>
<time>2023-03-19T02:12:07Z</time>
</trkpt>
<trkpt lat="24.4496516" lon="121.0806982">
<ele>2060.89</ele>
<time>2023-03-19T02:12:15Z</time>
</trkpt>
<trkpt lat="24.4497029" lon="121.0807157">
<ele>2060.27</ele>
<time>2023-03-19T02:12:21Z</time>
</trkpt>
<trkpt lat="24.4497640" lon="121.0807218">
<ele>2058.52</ele>
<time>2023-03-19T02:12:27Z</time>
</trkpt>
<trkpt lat="24.4498189" lon="121.0807247">
<ele>2057.74</ele>
<time>2023-03-19T02:12:35Z</time>
</trkpt>
<trkpt lat="24.4498762" lon="121.0807216">
<ele>2057.30</ele>
<time>2023-03-19T02:12:43Z</time>
</trkpt>
<trkpt lat="24.4499063" lon="121.0807618">
<ele>2056.67</ele>
<time>2023-03-19T02:12:49Z</time>
</trkpt>
<trkpt lat="24.4499524" lon="121.0807926">
<ele>2055.46</ele>
<time>2023-03-19T02:12:57Z</time>
</trkpt>
<trkpt lat="24.4499885" lon="121.0808247">
<ele>2054.35</ele>
<time>2023-03-19T02:13:03Z</time>
</trkpt>
<trkpt lat="24.4500452" lon="121.0808378">
<ele>2054.74</ele>
<time>2023-03-19T02:13:11Z</time>
</trkpt>
<trkpt lat="24.4500926" lon="121.0808258">
<ele>2053.44</ele>
<time>2023-03-19T02:13:15Z</time>
</trkpt>
<trkpt lat="24.4501607" lon="121.0808126">
<ele>2050.59</ele>
<time>2023-03-19T02:13:27Z</time>
</trkpt>
<trkpt lat="24.4502064" lon="121.0808249">
<ele>2050.21</ele>
<time>2023-03-19T02:13:33Z</time>
</trkpt>
<trkpt lat="24.4502570" lon="121.0808372">
<ele>2049.58</ele>
<time>2023-03-19T02:13:41Z</time>
</trkpt>
<trkpt lat="24.4503026" lon="121.0808202">
<ele>2049.84</ele>
<time>2023-03-19T02:13:47Z</time>
</trkpt>
<trkpt lat="24.4503392" lon="121.0808628">
<ele>2048.07</ele>
<time>2023-03-19T02:13:55Z</time>
</trkpt>
<trkpt lat="24.4503637" lon="121.0809060">
<ele>2045.97</ele>
<time>2023-03-19T02:14:03Z</time>
</trkpt>
<trkpt lat="24.4503870" lon="121.0809607">
<ele>2046.25</ele>
<time>2023-03-19T02:14:11Z</time>
</trkpt>
<trkpt lat="24.4503760" lon="121.0810173">
<ele>2047.47</ele>
<time>2023-03-19T02:14:17Z</time>
</trkpt>
<trkpt lat="24.4504042" lon="121.0810612">
<ele>2045.24</ele>
<time>2023-03-19T02:14:25Z</time>
</trkpt>
<trkpt lat="24.4504243" lon="121.0811077">
<ele>2044.13</ele>
<time>2023-03-19T02:14:31Z</time>
</trkpt>
<trkpt lat="24.4504693" lon="121.0810750">
<ele>2039.41</ele>
<time>2023-03-19T02:14:37Z</time>
</trkpt>
<trkpt lat="24.4504998" lon="121.0811203">
<ele>2036.84</ele>
<time>2023-03-19T02:14:47Z</time>
</trkpt>
<trkpt lat="24.4504913" lon="121.0811708">
<ele>2038.67</ele>
<time>2023-03-19T02:14:53Z</time>
</trkpt>
<trkpt lat="24.4505256" lon="121.0812218">
<ele>2041.57</ele>
<time>2023-03-19T02:15:01Z</time>
</trkpt>
<trkpt lat="24.4505751" lon="121.0811992">
<ele>2039.39</ele>
<time>2023-03-19T02:15:14Z</time>
</trkpt>
<trkpt lat="24.4505649" lon="121.0812657">
<ele>2042.63</ele>
<time>2023-03-19T02:15:44Z</time>
</trkpt>
<trkpt lat="24.4506105" lon="121.0812757">
<ele>2038.98</ele>
<time>2023-03-19T02:15:50Z</time>
</trkpt>
<trkpt lat="24.4506522" lon="121.0813248">
<ele>2038.87</ele>
<time>2023-03-19T02:15:56Z</time>
</trkpt>
<trkpt lat="24.4507103" lon="121.0813339">
<ele>2039.39</ele>
<time>2023-03-19T02:16:02Z</time>
</trkpt>
<trkpt lat="24.4507577" lon="121.0813457">
<ele>2040.35</ele>
<time>2023-03-19T02:16:08Z</time>
</trkpt>
<trkpt lat="24.4508091" lon="121.0813499">
<ele>2037.87</ele>
<time>2023-03-19T02:16:16Z</time>
</trkpt>
<trkpt lat="24.4508293" lon="121.0814040">
<ele>2036.61</ele>
<time>2023-03-19T02:16:22Z</time>
</trkpt>
<trkpt lat="24.4508818" lon="121.0814210">
<ele>2038.05</ele>
<time>2023-03-19T02:16:34Z</time>
</trkpt>
<trkpt lat="24.4509254" lon="121.0814082">
<ele>2034.31</ele>
<time>2023-03-19T02:16:42Z</time>
</trkpt>
<trkpt lat="24.4509430" lon="121.0814900">
<ele>2028.94</ele>
<time>2023-03-19T02:17:08Z</time>
</trkpt>
<trkpt lat="24.4509262" lon="121.0815435">
<ele>2031.66</ele>
<time>2023-03-19T02:17:12Z</time>
</trkpt>
<trkpt lat="24.4509638" lon="121.0815996">
<ele>2034.11</ele>
<time>2023-03-19T02:17:18Z</time>
</trkpt>
<trkpt lat="24.4509860" lon="121.0816456">
<ele>2034.04</ele>
<time>2023-03-19T02:17:24Z</time>
</trkpt>
<trkpt lat="24.4510327" lon="121.0816668">
<ele>2024.26</ele>
<time>2023-03-19T02:17:44Z</time>
</trkpt>
<trkpt lat="24.4510675" lon="121.0817070">
<ele>2034.06</ele>
<time>2023-03-19T02:18:04Z</time>
</trkpt>
<trkpt lat="24.4510357" lon="121.0817674">
<ele>2036.39</ele>
<time>2023-03-19T02:18:12Z</time>
</trkpt>
<trkpt lat="24.4510753" lon="121.0818057">
<ele>2038.45</ele>
<time>2023-03-19T02:18:22Z</time>
</trkpt>
<trkpt lat="24.4511232" lon="121.0818245">
<ele>2038.52</ele>
<time>2023-03-19T02:18:30Z</time>
</trkpt>
<trkpt lat="24.4511737" lon="121.0818435">
<ele>2038.98</ele>
<time>2023-03-19T02:18:40Z</time>
</trkpt>
<trkpt lat="24.4512230" lon="121.0818532">
<ele>2038.89</ele>
<time>2023-03-19T02:18:46Z</time>
</trkpt>
<trkpt lat="24.4512591" lon="121.0818902">
<ele>2035.52</ele>
<time>2023-03-19T02:18:56Z</time>
</trkpt>
<trkpt lat="24.4513038" lon="121.0819102">
<ele>2034.03</ele>
<time>2023-03-19T02:19:04Z</time>
</trkpt>
<trkpt lat="24.4513370" lon="121.0819516">
<ele>2036.17</ele>
<time>2023-03-19T02:19:12Z</time>
</trkpt>
<trkpt lat="24.4513768" lon="121.0819879">
<ele>2036.51</ele>
<time>2023-03-19T02:19:18Z</time>
</trkpt>
<trkpt lat="24.4514158" lon="121.0820198">
<ele>2034.57</ele>
<time>2023-03-19T02:19:26Z</time>
</trkpt>
<trkpt lat="24.4514507" lon="121.0820641">
<ele>2036.44</ele>
<time>2023-03-19T02:19:34Z</time>
</trkpt>
<trkpt lat="24.4515066" lon="121.0820825">
<ele>2035.12</ele>
<time>2023-03-19T02:19:42Z</time>
</trkpt>
<trkpt lat="24.4515487" lon="121.0821109">
<ele>2034.78</ele>
<time>2023-03-19T02:19:48Z</time>
</trkpt>
<trkpt lat="24.4516029" lon="121.0821221">
<ele>2032.21</ele>
<time>2023-03-19T02:19:54Z</time>
</trkpt>
<trkpt lat="24.4516529" lon="121.0821259">
<ele>2030.76</ele>
<time>2023-03-19T02:20:02Z</time>
</trkpt>
<trkpt lat="24.4516968" lon="121.0821457">
<ele>2031.02</ele>
<time>2023-03-19T02:20:08Z</time>
</trkpt>
<trkpt lat="24.4517431" lon="121.0821722">
<ele>2032.53</ele>
<time>2023-03-19T02:20:16Z</time>
</trkpt>
<trkpt lat="24.4517803" lon="121.0822008">
<ele>2031.42</ele>
<time>2023-03-19T02:20:22Z</time>
</trkpt>
<trkpt lat="24.4518217" lon="121.0822217">
<ele>2032.95</ele>
<time>2023-03-19T02:20:34Z</time>
</trkpt>
<trkpt lat="24.4518449" lon="121.0822878">
<ele>2037.00</ele>
<time>2023-03-19T02:20:48Z</time>
</trkpt>
<trkpt lat="24.4518875" lon="121.0822536">
<ele>2038.62</ele>
<time>2023-03-19T02:21:02Z</time>
</trkpt>
<trkpt lat="24.4519029" lon="121.0823001">
<ele>2038.27</ele>
<time>2023-03-19T02:21:28Z</time>
</trkpt>
<trkpt lat="24.4518865" lon="121.0823561">
<ele>2042.10</ele>
<time>2023-03-19T02:21:40Z</time>
</trkpt>
<trkpt lat="24.4518882" lon="121.0824142">
<ele>2042.67</ele>
<time>2023-03-19T02:21:50Z</time>
</trkpt>
<trkpt lat="24.4518723" lon="121.0824876">
<ele>2040.81</ele>
<time>2023-03-19T02:22:00Z</time>
</trkpt>
<trkpt lat="24.4518370" lon="121.0825188">
<ele>2045.65</ele>
<time>2023-03-19T02:22:12Z</time>
</trkpt>
<trkpt lat="24.4518253" lon="121.0825702">
<ele>2047.41</ele>
<time>2023-03-19T02:22:24Z</time>
</trkpt>
<trkpt lat="24.4518368" lon="121.0826248">
<ele>2047.32</ele>
<time>2023-03-19T02:22:32Z</time>
</trkpt>
<trkpt lat="24.4518871" lon="121.0826597">
<ele>2049.13</ele>
<time>2023-03-19T02:22:40Z</time>
</trkpt>
<trkpt lat="24.4519354" lon="121.0826761">
<ele>2046.40</ele>
<time>2023-03-19T02:22:48Z</time>
</trkpt>
<trkpt lat="24.4519892" lon="121.0826929">
<ele>2046.69</ele>
<time>2023-03-19T02:22:56Z</time>
</trkpt>
<trkpt lat="24.4520319" lon="121.0827316">
<ele>2047.47</ele>
<time>2023-03-19T02:23:04Z</time>
</trkpt>
<trkpt lat="24.4520613" lon="121.0827729">
<ele>2048.12</ele>
<time>2023-03-19T02:23:10Z</time>
</trkpt>
<trkpt lat="24.4521194" lon="121.0827977">
<ele>2046.34</ele>
<time>2023-03-19T02:23:18Z</time>
</trkpt>
<trkpt lat="24.4521600" lon="121.0828200">
<ele>2044.61</ele>
<time>2023-03-19T02:23:24Z</time>
</trkpt>
<trkpt lat="24.4522107" lon="121.0828522">
<ele>2044.80</ele>
<time>2023-03-19T02:23:32Z</time>
</trkpt>
<trkpt lat="24.4522540" lon="121.0828847">
<ele>2043.76</ele>
<time>2023-03-19T02:23:38Z</time>
</trkpt>
<trkpt lat="24.4523011" lon="121.0829145">
<ele>2044.17</ele>
<time>2023-03-19T02:23:44Z</time>
</trkpt>
<trkpt lat="24.4523691" lon="121.0829242">
<ele>2042.62</ele>
<time>2023-03-19T02:23:50Z</time>
</trkpt>
<trkpt lat="24.4524183" lon="121.0829288">
<ele>2041.90</ele>
<time>2023-03-19T02:23:58Z</time>
</trkpt>
<trkpt lat="24.4524808" lon="121.0829265">
<ele>2041.24</ele>
<time>2023-03-19T02:24:08Z</time>
</trkpt>
<trkpt lat="24.4525280" lon="121.0829156">
<ele>2039.09</ele>
<time>2023-03-19T02:24:54Z</time>
</trkpt>
<trkpt lat="24.4525860" lon="121.0829336">
<ele>2038.83</ele>
<time>2023-03-19T02:25:02Z</time>
</trkpt>
<trkpt lat="24.4526372" lon="121.0829342">
<ele>2037.52</ele>
<time>2023-03-19T02:25:08Z</time>
</trkpt>
<trkpt lat="24.4526866" lon="121.0829763">
<ele>2035.59</ele>
<time>2023-03-19T02:25:16Z</time>
</trkpt>
<trkpt lat="24.4527176" lon="121.0830226">
<ele>2036.07</ele>
<time>2023-03-19T02:25:22Z</time>
</trkpt>
<trkpt lat="24.4527726" lon="121.0830512">
<ele>2034.77</ele>
<time>2023-03-19T02:25:30Z</time>
</trkpt>
<trkpt lat="24.4528140" lon="121.0830881">
<ele>2033.52</ele>
<time>2023-03-19T02:25:36Z</time>
</trkpt>
<trkpt lat="24.4528460" lon="121.0831307">
<ele>2031.72</ele>
<time>2023-03-19T02:25:42Z</time>
</trkpt>
<trkpt lat="24.4528943" lon="121.0831529">
<ele>2029.24</ele>
<time>2023-03-19T02:25:48Z</time>
</trkpt>
<trkpt lat="24.4529103" lon="121.0832075">
<ele>2028.31</ele>
<time>2023-03-19T02:25:54Z</time>
</trkpt>
<trkpt lat="24.4529154" lon="121.0832721">
<ele>2028.97</ele>
<time>2023-03-19T02:26:00Z</time>
</trkpt>
<trkpt lat="24.4528939" lon="121.0833344">
<ele>2028.85</ele>
<time>2023-03-19T02:26:06Z</time>
</trkpt>
<trkpt lat="24.4528906" lon="121.0834018">
<ele>2029.48</ele>
<time>2023-03-19T02:26:12Z</time>
</trkpt>
<trkpt lat="24.4529059" lon="121.0834562">
<ele>2030.01</ele>
<time>2023-03-19T02:26:18Z</time>
</trkpt>
<trkpt lat="24.4529315" lon="121.0835115">
<ele>2028.73</ele>
<time>2023-03-19T02:26:24Z</time>
</trkpt>
<trkpt lat="24.4529678" lon="121.0835553">
<ele>2028.88</ele>
<time>2023-03-19T02:26:30Z</time>
</trkpt>
<trkpt lat="24.4530015" lon="121.0836055">
<ele>2030.07</ele>
<time>2023-03-19T02:26:36Z</time>
</trkpt>
<trkpt lat="24.4530454" lon="121.0836430">
<ele>2030.68</ele>
<time>2023-03-19T02:26:42Z</time>
</trkpt>
<trkpt lat="24.4530752" lon="121.0836918">
<ele>2032.26</ele>
<time>2023-03-19T02:26:48Z</time>
</trkpt>
<trkpt lat="24.4531225" lon="121.0837350">
<ele>2031.99</ele>
<time>2023-03-19T02:26:54Z</time>
</trkpt>
<trkpt lat="24.4531571" lon="121.0837839">
<ele>2030.77</ele>
<time>2023-03-19T02:27:00Z</time>
</trkpt>
<trkpt lat="24.4531849" lon="121.0838365">
<ele>2032.69</ele>
<time>2023-03-19T02:27:06Z</time>
</trkpt>
<trkpt lat="24.4532236" lon="121.0838831">
<ele>2030.59</ele>
<time>2023-03-19T02:27:12Z</time>
</trkpt>
<trkpt lat="24.4532597" lon="121.0839429">
<ele>2031.79</ele>
<time>2023-03-19T02:27:18Z</time>
</trkpt>
<trkpt lat="24.4532854" lon="121.0840054">
<ele>2032.98</ele>
<time>2023-03-19T02:27:24Z</time>
</trkpt>
<trkpt lat="24.4533371" lon="121.0840080">
<ele>2030.06</ele>
<time>2023-03-19T02:27:32Z</time>
</trkpt>
<trkpt lat="24.4533905" lon="121.0840003">
<ele>2032.44</ele>
<time>2023-03-19T02:27:40Z</time>
</trkpt>
<trkpt lat="24.4534356" lon="121.0839930">
<ele>2034.72</ele>
<time>2023-03-19T02:27:48Z</time>
</trkpt>
<trkpt lat="24.4534849" lon="121.0840250">
<ele>2035.97</ele>
<time>2023-03-19T02:28:02Z</time>
</trkpt>
<trkpt lat="24.4535139" lon="121.0840786">
<ele>2036.23</ele>
<time>2023-03-19T02:28:10Z</time>
</trkpt>
<trkpt lat="24.4535613" lon="121.0841112">
<ele>2036.65</ele>
<time>2023-03-19T02:28:18Z</time>
</trkpt>
<trkpt lat="24.4535790" lon="121.0841567">
<ele>2037.48</ele>
<time>2023-03-19T02:28:26Z</time>
</trkpt>
<trkpt lat="24.4535923" lon="121.0842042">
<ele>2038.47</ele>
<time>2023-03-19T02:28:34Z</time>
</trkpt>
<trkpt lat="24.4535963" lon="121.0842569">
<ele>2040.15</ele>
<time>2023-03-19T02:28:42Z</time>
</trkpt>
<trkpt lat="24.4536321" lon="121.0843028">
<ele>2039.22</ele>
<time>2023-03-19T02:28:54Z</time>
</trkpt>
<trkpt lat="24.4536646" lon="121.0843529">
<ele>2042.93</ele>
<time>2023-03-19T02:29:06Z</time>
</trkpt>
<trkpt lat="24.4536893" lon="121.0844051">
<ele>2047.55</ele>
<time>2023-03-19T02:29:20Z</time>
</trkpt>
<trkpt lat="24.4537242" lon="121.0844400">
<ele>2048.79</ele>
<time>2023-03-19T02:29:30Z</time>
</trkpt>
<trkpt lat="24.4537575" lon="121.0844890">
<ele>2050.91</ele>
<time>2023-03-19T02:29:42Z</time>
</trkpt>
<trkpt lat="24.4538031" lon="121.0845206">
<ele>2051.19</ele>
<time>2023-03-19T02:29:50Z</time>
</trkpt>
<trkpt lat="24.4538529" lon="121.0845003">
<ele>2053.42</ele>
<time>2023-03-19T02:30:04Z</time>
</trkpt>
<trkpt lat="24.4539010" lon="121.0844970">
<ele>2055.39</ele>
<time>2023-03-19T02:30:16Z</time>
</trkpt>
<trkpt lat="24.4539065" lon="121.0845505">
<ele>2057.54</ele>
<time>2023-03-19T02:30:26Z</time>
</trkpt>
<trkpt lat="24.4539532" lon="121.0845808">
<ele>2058.99</ele>
<time>2023-03-19T02:30:40Z</time>
</trkpt>
<trkpt lat="24.4539777" lon="121.0846255">
<ele>2061.29</ele>
<time>2023-03-19T02:30:50Z</time>
</trkpt>
<trkpt lat="24.4540341" lon="121.0846205">
<ele>2063.79</ele>
<time>2023-03-19T02:31:02Z</time>
</trkpt>
<trkpt lat="24.4540830" lon="121.0846473">
<ele>2063.80</ele>
<time>2023-03-19T02:31:10Z</time>
</trkpt>
<trkpt lat="24.4541240" lon="121.0846746">
<ele>2062.71</ele>
<time>2023-03-19T02:31:16Z</time>
</trkpt>
<trkpt lat="24.4541763" lon="121.0846897">
<ele>2059.74</ele>
<time>2023-03-19T02:31:24Z</time>
</trkpt>
<trkpt lat="24.4542143" lon="121.0847255">
<ele>2060.23</ele>
<time>2023-03-19T02:31:34Z</time>
</trkpt>
<trkpt lat="24.4542790" lon="121.0847007">
<ele>2060.03</ele>
<time>2023-03-19T02:31:44Z</time>
</trkpt>
<trkpt lat="24.4543237" lon="121.0846792">
<ele>2058.93</ele>
<time>2023-03-19T02:31:54Z</time>
</trkpt>
<trkpt lat="24.4543693" lon="121.0847016">
<ele>2059.39</ele>
<time>2023-03-19T02:32:04Z</time>
</trkpt>
<trkpt lat="24.4544191" lon="121.0847238">
<ele>2060.53</ele>
<time>2023-03-19T02:32:14Z</time>
</trkpt>
<trkpt lat="24.4544773" lon="121.0847258">
<ele>2064.37</ele>
<time>2023-03-19T02:32:28Z</time>
</trkpt>
<trkpt lat="24.4545221" lon="121.0847526">
<ele>2067.66</ele>
<time>2023-03-19T02:32:38Z</time>
</trkpt>
<trkpt lat="24.4545789" lon="121.0847672">
<ele>2070.11</ele>
<time>2023-03-19T02:32:48Z</time>
</trkpt>
<trkpt lat="24.4546119" lon="121.0848034">
<ele>2071.14</ele>
<time>2023-03-19T02:32:58Z</time>
</trkpt>
<trkpt lat="24.4546566" lon="121.0848157">
<ele>2074.57</ele>
<time>2023-03-19T02:33:08Z</time>
</trkpt>
<trkpt lat="24.4546948" lon="121.0848537">
<ele>2078.63</ele>
<time>2023-03-19T02:33:20Z</time>
</trkpt>
<trkpt lat="24.4547303" lon="121.0847780">
<ele>2080.00</ele>
<time>2023-03-19T02:33:34Z</time>
</trkpt>
<trkpt lat="24.4547405" lon="121.0848262">
<ele>2077.76</ele>
<time>2023-03-19T02:33:38Z</time>
</trkpt>
<trkpt lat="24.4547310" lon="121.0848840">
<ele>2078.71</ele>
<time>2023-03-19T02:33:44Z</time>
</trkpt>
<trkpt lat="24.4547303" lon="121.0849475">
<ele>2077.96</ele>
<time>2023-03-19T02:33:54Z</time>
</trkpt>
<trkpt lat="24.4547564" lon="121.0849914">
<ele>2077.49</ele>
<time>2023-03-19T02:34:00Z</time>
</trkpt>
<trkpt lat="24.4548010" lon="121.0850250">
<ele>2077.48</ele>
<time>2023-03-19T02:34:06Z</time>
</trkpt>
<trkpt lat="24.4548443" lon="121.0850782">
<ele>2074.24</ele>
<time>2023-03-19T02:34:24Z</time>
</trkpt>
<trkpt lat="24.4548761" lon="121.0851193">
<ele>2074.78</ele>
<time>2023-03-19T02:34:34Z</time>
</trkpt>
<trkpt lat="24.4549231" lon="121.0851457">
<ele>2074.94</ele>
<time>2023-03-19T02:34:38Z</time>
</trkpt>
<trkpt lat="24.4549645" lon="121.0851877">
<ele>2078.04</ele>
<time>2023-03-19T02:34:48Z</time>
</trkpt>
<trkpt lat="24.4549918" lon="121.0852359">
<ele>2081.69</ele>
<time>2023-03-19T02:34:58Z</time>
</trkpt>
<trkpt lat="24.4550078" lon="121.0852863">
<ele>2083.67</ele>
<time>2023-03-19T02:35:04Z</time>
</trkpt>
<trkpt lat="24.4550430" lon="121.0853339">
<ele>2084.77</ele>
<time>2023-03-19T02:35:10Z</time>
</trkpt>
<trkpt lat="24.4550706" lon="121.0853777">
<ele>2085.03</ele>
<time>2023-03-19T02:35:14Z</time>
</trkpt>
<trkpt lat="24.4551240" lon="121.0853924">
<ele>2080.89</ele>
<time>2023-03-19T02:35:24Z</time>
</trkpt>
<trkpt lat="24.4551567" lon="121.0854286">
<ele>2082.71</ele>
<time>2023-03-19T02:35:32Z</time>
</trkpt>
<trkpt lat="24.4552102" lon="121.0854393">
<ele>2082.24</ele>
<time>2023-03-19T02:35:40Z</time>
</trkpt>
<trkpt lat="24.4552586" lon="121.0854638">
<ele>2081.84</ele>
<time>2023-03-19T02:35:48Z</time>
</trkpt>
<trkpt lat="24.4553066" lon="121.0855000">
<ele>2080.41</ele>
<time>2023-03-19T02:36:00Z</time>
</trkpt>
<trkpt lat="24.4553466" lon="121.0855434">
<ele>2080.97</ele>
<time>2023-03-19T02:36:08Z</time>
</trkpt>
<trkpt lat="24.4553907" lon="121.0855723">
<ele>2078.09</ele>
<time>2023-03-19T02:36:18Z</time>
</trkpt>
<trkpt lat="24.4554210" lon="121.0856192">
<ele>2078.05</ele>
<time>2023-03-19T02:36:26Z</time>
</trkpt>
<trkpt lat="24.4554565" lon="121.0856515">
<ele>2079.06</ele>
<time>2023-03-19T02:36:34Z</time>
</trkpt>
<trkpt lat="24.4554616" lon="121.0857070">
<ele>2079.84</ele>
<time>2023-03-19T02:36:42Z</time>
</trkpt>
<trkpt lat="24.4554902" lon="121.0857668">
<ele>2080.97</ele>
<time>2023-03-19T02:36:48Z</time>
</trkpt>
<trkpt lat="24.4555144" lon="121.0858287">
<ele>2082.71</ele>
<time>2023-03-19T02:36:56Z</time>
</trkpt>
<trkpt lat="24.4555622" lon="121.0858594">
<ele>2084.07</ele>
<time>2023-03-19T02:37:04Z</time>
</trkpt>
<trkpt lat="24.4555925" lon="121.0858979">
<ele>2088.27</ele>
<time>2023-03-19T02:37:12Z</time>
</trkpt>
<trkpt lat="24.4556346" lon="121.0859320">
<ele>2085.09</ele>
<time>2023-03-19T02:37:26Z</time>
</trkpt>
<trkpt lat="24.4556775" lon="121.0859161">
<ele>2085.25</ele>
<time>2023-03-19T02:37:36Z</time>
</trkpt>
<trkpt lat="24.4557177" lon="121.0858873">
<ele>2087.65</ele>
<time>2023-03-19T02:37:44Z</time>
</trkpt>
<trkpt lat="24.4557682" lon="121.0858726">
<ele>2088.84</ele>
<time>2023-03-19T02:37:54Z</time>
</trkpt>
<trkpt lat="24.4558173" lon="121.0858896">
<ele>2090.59</ele>
<time>2023-03-19T02:38:16Z</time>
</trkpt>
<trkpt lat="24.4558624" lon="121.0859026">
<ele>2091.55</ele>
<time>2023-03-19T02:38:30Z</time>
</trkpt>
<trkpt lat="24.4559106" lon="121.0859189">
<ele>2090.77</ele>
<time>2023-03-19T02:38:44Z</time>
</trkpt>
<trkpt lat="24.4559472" lon="121.0859508">
<ele>2093.78</ele>
<time>2023-03-19T02:38:54Z</time>
</trkpt>
<trkpt lat="24.4559771" lon="121.0860050">
<ele>2094.24</ele>
<time>2023-03-19T02:39:10Z</time>
</trkpt>
<trkpt lat="24.4559716" lon="121.0860555">
<ele>2095.85</ele>
<time>2023-03-19T02:39:16Z</time>
</trkpt>
<trkpt lat="24.4560097" lon="121.0860199">
<ele>2098.63</ele>
<time>2023-03-19T02:39:28Z</time>
</trkpt>
<trkpt lat="24.4560358" lon="121.0860622">
<ele>2100.89</ele>
<time>2023-03-19T02:39:34Z</time>
</trkpt>
<trkpt lat="24.4560737" lon="121.0861023">
<ele>2101.14</ele>
<time>2023-03-19T02:40:06Z</time>
</trkpt>
<trkpt lat="24.4561268" lon="121.0861337">
<ele>2104.19</ele>
<time>2023-03-19T02:40:18Z</time>
</trkpt>
<trkpt lat="24.4561316" lon="121.0861952">
<ele>2104.07</ele>
<time>2023-03-19T02:40:32Z</time>
</trkpt>
<trkpt lat="24.4560890" lon="121.0862423">
<ele>2104.00</ele>
<time>2023-03-19T02:40:40Z</time>
</trkpt>
<trkpt lat="24.4561165" lon="121.0862830">
<ele>2103.28</ele>
<time>2023-03-19T02:40:50Z</time>
</trkpt>
<trkpt lat="24.4561651" lon="121.0862840">
<ele>2104.21</ele>
<time>2023-03-19T02:40:58Z</time>
</trkpt>
<trkpt lat="24.4562053" lon="121.0863259">
<ele>2107.39</ele>
<time>2023-03-19T02:41:10Z</time>
</trkpt>
<trkpt lat="24.4562406" lon="121.0863578">
<ele>2109.42</ele>
<time>2023-03-19T02:41:18Z</time>
</trkpt>
<trkpt lat="24.4562947" lon="121.0863451">
<ele>2108.12</ele>
<time>2023-03-19T02:41:24Z</time>
</trkpt>
<trkpt lat="24.4563379" lon="121.0863757">
<ele>2109.75</ele>
<time>2023-03-19T02:41:32Z</time>
</trkpt>
<trkpt lat="24.4563933" lon="121.0863769">
<ele>2108.56</ele>
<time>2023-03-19T02:41:38Z</time>
</trkpt>
<trkpt lat="24.4564405" lon="121.0863827">
<ele>2110.77</ele>
<time>2023-03-19T02:41:46Z</time>
</trkpt>
<trkpt lat="24.4564903" lon="121.0863918">
<ele>2113.22</ele>
<time>2023-03-19T02:42:00Z</time>
</trkpt>
<trkpt lat="24.4565333" lon="121.0864309">
<ele>2112.74</ele>
<time>2023-03-19T02:42:08Z</time>
</trkpt>
<trkpt lat="24.4565786" lon="121.0864437">
<ele>2114.15</ele>
<time>2023-03-19T02:42:20Z</time>
</trkpt>
<trkpt lat="24.4565757" lon="121.0865001">
<ele>2114.97</ele>
<time>2023-03-19T02:42:26Z</time>
</trkpt>
<trkpt lat="24.4566185" lon="121.0865418">
<ele>2116.85</ele>
<time>2023-03-19T02:42:38Z</time>
</trkpt>
<trkpt lat="24.4566616" lon="121.0865631">
<ele>2116.73</ele>
<time>2023-03-19T02:42:44Z</time>
</trkpt>
<trkpt lat="24.4567102" lon="121.0865782">
<ele>2117.29</ele>
<time>2023-03-19T02:42:56Z</time>
</trkpt>
<trkpt lat="24.4567561" lon="121.0865916">
<ele>2115.67</ele>
<time>2023-03-19T02:43:04Z</time>
</trkpt>
<trkpt lat="24.4568112" lon="121.0865920">
<ele>2119.09</ele>
<time>2023-03-19T02:43:18Z</time>
</trkpt>
<trkpt lat="24.4568573" lon="121.0866274">
<ele>2119.48</ele>
<time>2023-03-19T02:43:26Z</time>
</trkpt>
<trkpt lat="24.4568390" lon="121.0866868">
<ele>2121.63</ele>
<time>2023-03-19T02:43:42Z</time>
</trkpt>
<trkpt lat="24.4568745" lon="121.0867211">
<ele>2121.75</ele>
<time>2023-03-19T02:43:52Z</time>
</trkpt>
<trkpt lat="24.4569066" lon="121.0867626">
<ele>2123.85</ele>
<time>2023-03-19T02:44:00Z</time>
</trkpt>
<trkpt lat="24.4569438" lon="121.0867940">
<ele>2123.82</ele>
<time>2023-03-19T02:44:08Z</time>
</trkpt>
<trkpt lat="24.4569255" lon="121.0868478">
<ele>2124.58</ele>
<time>2023-03-19T02:44:16Z</time>
</trkpt>
<trkpt lat="24.4569660" lon="121.0868884">
<ele>2123.51</ele>
<time>2023-03-19T02:44:26Z</time>
</trkpt>
<trkpt lat="24.4570096" lon="121.0869122">
<ele>2125.37</ele>
<time>2023-03-19T02:44:38Z</time>
</trkpt>
<trkpt lat="24.4570193" lon="121.0869689">
<ele>2128.56</ele>
<time>2023-03-19T02:44:52Z</time>
</trkpt>
<trkpt lat="24.4570648" lon="121.0869915">
<ele>2130.92</ele>
<time>2023-03-19T02:45:02Z</time>
</trkpt>
<trkpt lat="24.4570990" lon="121.0870340">
<ele>2129.48</ele>
<time>2023-03-19T02:45:24Z</time>
</trkpt>
<trkpt lat="24.4571198" lon="121.0870900">
<ele>2135.75</ele>
<time>2023-03-19T02:45:50Z</time>
</trkpt>
<trkpt lat="24.4571100" lon="121.0871417">
<ele>2134.36</ele>
<time>2023-03-19T02:46:02Z</time>
</trkpt>
<trkpt lat="24.4571367" lon="121.0871824">
<ele>2135.40</ele>
<time>2023-03-19T02:46:42Z</time>
</trkpt>
<trkpt lat="24.4571835" lon="121.0872035">
<ele>2144.10</ele>
<time>2023-03-19T02:47:24Z</time>
</trkpt>
<trkpt lat="24.4571716" lon="121.0872562">
<ele>2145.66</ele>
<time>2023-03-19T02:47:36Z</time>
</trkpt>
<trkpt lat="24.4572047" lon="121.0872993">
<ele>2143.45</ele>
<time>2023-03-19T02:47:50Z</time>
</trkpt>
<trkpt lat="24.4571988" lon="121.0873540">
<ele>2146.67</ele>
<time>2023-03-19T02:48:16Z</time>
</trkpt>
<trkpt lat="24.4571785" lon="121.0874101">
<ele>2153.68</ele>
<time>2023-03-19T02:48:42Z</time>
</trkpt>
<trkpt lat="24.4572373" lon="121.0874318">
<ele>2154.14</ele>
<time>2023-03-19T02:49:00Z</time>
</trkpt>
<trkpt lat="24.4572352" lon="121.0874895">
<ele>2152.74</ele>
<time>2023-03-19T02:49:10Z</time>
</trkpt>
<trkpt lat="24.4572869" lon="121.0875090">
<ele>2153.45</ele>
<time>2023-03-19T02:49:18Z</time>
</trkpt>
<trkpt lat="24.4573430" lon="121.0875062">
<ele>2155.20</ele>
<time>2023-03-19T02:49:26Z</time>
</trkpt>
<trkpt lat="24.4573802" lon="121.0875440">
<ele>2156.71</ele>
<time>2023-03-19T02:49:34Z</time>
</trkpt>
<trkpt lat="24.4574179" lon="121.0875914">
<ele>2161.34</ele>
<time>2023-03-19T02:49:44Z</time>
</trkpt>
<trkpt lat="24.4574504" lon="121.0876309">
<ele>2162.94</ele>
<time>2023-03-19T02:49:52Z</time>
</trkpt>
<trkpt lat="24.4574842" lon="121.0875845">
<ele>2162.50</ele>
<time>2023-03-19T02:50:04Z</time>
</trkpt>
<trkpt lat="24.4575329" lon="121.0875956">
<ele>2159.17</ele>
<time>2023-03-19T02:50:20Z</time>
</trkpt>
<trkpt lat="24.4575729" lon="121.0876246">
<ele>2161.69</ele>
<time>2023-03-19T02:50:38Z</time>
</trkpt>
<trkpt lat="24.4575975" lon="121.0875695">
<ele>2159.91</ele>
<time>2023-03-19T02:50:48Z</time>
</trkpt>
<trkpt lat="24.4576464" lon="121.0875570">
<ele>2162.80</ele>
<time>2023-03-19T02:50:58Z</time>
</trkpt>
<trkpt lat="24.4576952" lon="121.0875551">
<ele>2163.64</ele>
<time>2023-03-19T02:51:06Z</time>
</trkpt>
<trkpt lat="24.4577375" lon="121.0875740">
<ele>2164.87</ele>
<time>2023-03-19T02:51:18Z</time>
</trkpt>
<trkpt lat="24.4577692" lon="121.0876116">
<ele>2165.97</ele>
<time>2023-03-19T02:51:30Z</time>
</trkpt>
<trkpt lat="24.4578120" lon="121.0876663">
<ele>2165.96</ele>
<time>2023-03-19T02:51:40Z</time>
</trkpt>
<trkpt lat="24.4578530" lon="121.0877073">
<ele>2165.61</ele>
<time>2023-03-19T02:51:49Z</time>
</trkpt>
<trkpt lat="24.4578864" lon="121.0877509">
<ele>2167.73</ele>
<time>2023-03-19T02:51:57Z</time>
</trkpt>
<trkpt lat="24.4579317" lon="121.0877957">
<ele>2167.42</ele>
<time>2023-03-19T02:52:13Z</time>
</trkpt>
<trkpt lat="24.4579825" lon="121.0878026">
<ele>2167.83</ele>
<time>2023-03-19T02:52:21Z</time>
</trkpt>
<trkpt lat="24.4580359" lon="121.0878219">
<ele>2165.88</ele>
<time>2023-03-19T02:52:30Z</time>
</trkpt>
<trkpt lat="24.4580949" lon="121.0878181">
<ele>2169.16</ele>
<time>2023-03-19T02:52:45Z</time>
</trkpt>
<trkpt lat="24.4581555" lon="121.0878507">
<ele>2169.14</ele>
<time>2023-03-19T02:52:54Z</time>
</trkpt>
<trkpt lat="24.4581944" lon="121.0878794">
<ele>2169.77</ele>
<time>2023-03-19T02:53:01Z</time>
</trkpt>
<trkpt lat="24.4582346" lon="121.0879246">
<ele>2169.52</ele>
<time>2023-03-19T02:53:09Z</time>
</trkpt>
<trkpt lat="24.4582859" lon="121.0879311">
<ele>2172.20</ele>
<time>2023-03-19T02:53:19Z</time>
</trkpt>
<trkpt lat="24.4583155" lon="121.0879727">
<ele>2175.43</ele>
<time>2023-03-19T02:53:29Z</time>
</trkpt>
<trkpt lat="24.4583672" lon="121.0879876">
<ele>2176.70</ele>
<time>2023-03-19T02:53:42Z</time>
</trkpt>
<trkpt lat="24.4583521" lon="121.0880367">
<ele>2173.26</ele>
<time>2023-03-19T02:55:10Z</time>
</trkpt>
<trkpt lat="24.4583696" lon="121.0880901">
<ele>2170.44</ele>
<time>2023-03-19T02:55:20Z</time>
</trkpt>
<trkpt lat="24.4583843" lon="121.0881407">
<ele>2170.10</ele>
<time>2023-03-19T02:55:28Z</time>
</trkpt>
<trkpt lat="24.4584379" lon="121.0881577">
<ele>2170.92</ele>
<time>2023-03-19T02:55:38Z</time>
</trkpt>
<trkpt lat="24.4584902" lon="121.0881410">
<ele>2169.56</ele>
<time>2023-03-19T02:55:44Z</time>
</trkpt>
<trkpt lat="24.4585344" lon="121.0881526">
<ele>2168.85</ele>
<time>2023-03-19T02:55:52Z</time>
</trkpt>
<trkpt lat="24.4585768" lon="121.0881922">
<ele>2169.02</ele>
<time>2023-03-19T02:55:58Z</time>
</trkpt>
<trkpt lat="24.4585846" lon="121.0882447">
<ele>2169.73</ele>
<time>2023-03-19T02:56:04Z</time>
</trkpt>
<trkpt lat="24.4585860" lon="121.0883025">
<ele>2171.23</ele>
<time>2023-03-19T02:56:10Z</time>
</trkpt>
<trkpt lat="24.4586247" lon="121.0883526">
<ele>2168.20</ele>
<time>2023-03-19T02:56:24Z</time>
</trkpt>
<trkpt lat="24.4586015" lon="121.0882960">
<ele>2166.43</ele>
<time>2023-03-19T02:56:40Z</time>
</trkpt>
<trkpt lat="24.4586357" lon="121.0882515">
<ele>2165.96</ele>
<time>2023-03-19T02:56:48Z</time>
</trkpt>
<trkpt lat="24.4586872" lon="121.0882825">
<ele>2166.15</ele>
<time>2023-03-19T02:56:56Z</time>
</trkpt>
<trkpt lat="24.4587290" lon="121.0883093">
<ele>2164.41</ele>
<time>2023-03-19T02:57:04Z</time>
</trkpt>
<trkpt lat="24.4587862" lon="121.0883288">
<ele>2164.76</ele>
<time>2023-03-19T02:57:14Z</time>
</trkpt>
<trkpt lat="24.4588222" lon="121.0882791">
<ele>2169.52</ele>
<time>2023-03-19T02:57:22Z</time>
</trkpt>
<trkpt lat="24.4588422" lon="121.0882303">
<ele>2173.36</ele>
<time>2023-03-19T02:57:30Z</time>
</trkpt>
<trkpt lat="24.4588889" lon="121.0882490">
<ele>2175.05</ele>
<time>2023-03-19T02:57:40Z</time>
</trkpt>
<trkpt lat="24.4589215" lon="121.0882921">
<ele>2173.23</ele>
<time>2023-03-19T02:57:54Z</time>
</trkpt>
<trkpt lat="24.4589576" lon="121.0883292">
<ele>2174.77</ele>
<time>2023-03-19T02:58:02Z</time>
</trkpt>
<trkpt lat="24.4589862" lon="121.0883730">
<ele>2172.60</ele>
<time>2023-03-19T02:58:18Z</time>
</trkpt>
<trkpt lat="24.4590268" lon="121.0883973">
<ele>2178.47</ele>
<time>2023-03-19T02:58:46Z</time>
</trkpt>
<trkpt lat="24.4590481" lon="121.0884522">
<ele>2180.96</ele>
<time>2023-03-19T02:59:10Z</time>
</trkpt>
<trkpt lat="24.4590753" lon="121.0884955">
<ele>2182.19</ele>
<time>2023-03-19T02:59:28Z</time>
</trkpt>
<trkpt lat="24.4590965" lon="121.0885400">
<ele>2179.10</ele>
<time>2023-03-19T02:59:36Z</time>
</trkpt>
<trkpt lat="24.4590753" lon="121.0885894">
<ele>2178.82</ele>
<time>2023-03-19T02:59:44Z</time>
</trkpt>
<trkpt lat="24.4590387" lon="121.0886231">
<ele>2182.16</ele>
<time>2023-03-19T02:59:51Z</time>
</trkpt>
<trkpt lat="24.4590271" lon="121.0886761">
<ele>2181.92</ele>
<time>2023-03-19T02:59:57Z</time>
</trkpt>
<trkpt lat="24.4590245" lon="121.0887298">
<ele>2181.94</ele>
<time>2023-03-19T03:00:06Z</time>
</trkpt>
<trkpt lat="24.4589839" lon="121.0887726">
<ele>2184.48</ele>
<time>2023-03-19T03:00:13Z</time>
</trkpt>
<trkpt lat="24.4589237" lon="121.0887954">
<ele>2186.58</ele>
<time>2023-03-19T03:00:19Z</time>
</trkpt>
<trkpt lat="24.4589025" lon="121.0888453">
<ele>2187.71</ele>
<time>2023-03-19T03:00:29Z</time>
</trkpt>
<trkpt lat="24.4589245" lon="121.0888976">
<ele>2187.78</ele>
<time>2023-03-19T03:00:40Z</time>
</trkpt>
<trkpt lat="24.4589034" lon="121.0889509">
<ele>2186.67</ele>
<time>2023-03-19T03:00:56Z</time>
</trkpt>
<trkpt lat="24.4588898" lon="121.0890022">
<ele>2187.18</ele>
<time>2023-03-19T03:01:02Z</time>
</trkpt>
<trkpt lat="24.4589257" lon="121.0890451">
<ele>2183.93</ele>
<time>2023-03-19T03:01:12Z</time>
</trkpt>
<trkpt lat="24.4589002" lon="121.0890974">
<ele>2186.21</ele>
<time>2023-03-19T03:01:22Z</time>
</trkpt>
<trkpt lat="24.4588552" lon="121.0891207">
<ele>2187.85</ele>
<time>2023-03-19T03:01:31Z</time>
</trkpt>
<trkpt lat="24.4588660" lon="121.0891733">
<ele>2187.74</ele>
<time>2023-03-19T03:01:39Z</time>
</trkpt>
<trkpt lat="24.4589111" lon="121.0891965">
<ele>2188.23</ele>
<time>2023-03-19T03:01:52Z</time>
</trkpt>
<trkpt lat="24.4589213" lon="121.0892601">
<ele>2189.48</ele>
<time>2023-03-19T03:02:13Z</time>
</trkpt>
<trkpt lat="24.4589146" lon="121.0893222">
<ele>2188.55</ele>
<time>2023-03-19T03:02:19Z</time>
</trkpt>
<trkpt lat="24.4589234" lon="121.0893813">
<ele>2189.30</ele>
<time>2023-03-19T03:02:27Z</time>
</trkpt>
<trkpt lat="24.4589350" lon="121.0894303">
<ele>2190.11</ele>
<time>2023-03-19T03:02:35Z</time>
</trkpt>
<trkpt lat="24.4589677" lon="121.0894806">
<ele>2192.19</ele>
<time>2023-03-19T03:02:43Z</time>
</trkpt>
<trkpt lat="24.4590172" lon="121.0894611">
<ele>2191.65</ele>
<time>2023-03-19T03:03:35Z</time>
</trkpt>
<trkpt lat="24.4590419" lon="121.0895259">
<ele>2193.29</ele>
<time>2023-03-19T03:03:51Z</time>
</trkpt>
<trkpt lat="24.4590869" lon="121.0895341">
<ele>2192.65</ele>
<time>2023-03-19T03:03:59Z</time>
</trkpt>
<trkpt lat="24.4591327" lon="121.0895362">
<ele>2193.60</ele>
<time>2023-03-19T03:04:43Z</time>
</trkpt>
<trkpt lat="24.4592182" lon="121.0895538">
<ele>2189.83</ele>
<time>2023-03-19T03:04:51Z</time>
</trkpt>
<trkpt lat="24.4592593" lon="121.0895754">
<ele>2194.20</ele>
<time>2023-03-19T03:04:59Z</time>
</trkpt>
<trkpt lat="24.4593025" lon="121.0896078">
<ele>2195.91</ele>
<time>2023-03-19T03:05:23Z</time>
</trkpt>
<trkpt lat="24.4593296" lon="121.0896579">
<ele>2197.39</ele>
<time>2023-03-19T03:05:31Z</time>
</trkpt>
<trkpt lat="24.4593460" lon="121.0897054">
<ele>2195.95</ele>
<time>2023-03-19T03:05:39Z</time>
</trkpt>
<trkpt lat="24.4593749" lon="121.0897480">
<ele>2194.06</ele>
<time>2023-03-19T03:05:45Z</time>
</trkpt>
<trkpt lat="24.4593961" lon="121.0898267">
<ele>2192.25</ele>
<time>2023-03-19T03:05:51Z</time>
</trkpt>
<trkpt lat="24.4594002" lon="121.0899111">
<ele>2192.92</ele>
<time>2023-03-19T03:05:55Z</time>
</trkpt>
<trkpt lat="24.4594084" lon="121.0899788">
<ele>2193.11</ele>
<time>2023-03-19T03:05:59Z</time>
</trkpt>
<trkpt lat="24.4594390" lon="121.0900224">
<ele>2195.25</ele>
<time>2023-03-19T03:06:03Z</time>
</trkpt>
<trkpt lat="24.4594978" lon="121.0900564">
<ele>2196.20</ele>
<time>2023-03-19T03:06:09Z</time>
</trkpt>
<trkpt lat="24.4595593" lon="121.0900662">
<ele>2195.83</ele>
<time>2023-03-19T03:06:15Z</time>
</trkpt>
<trkpt lat="24.4596070" lon="121.0900685">
<ele>2196.95</ele>
<time>2023-03-19T03:06:19Z</time>
</trkpt>
<trkpt lat="24.4596530" lon="121.0900902">
<ele>2199.56</ele>
<time>2023-03-19T03:06:25Z</time>
</trkpt>
<trkpt lat="24.4595993" lon="121.0900870">
<ele>2201.55</ele>
<time>2023-03-19T03:21:42Z</time>
</trkpt>
<trkpt lat="24.4596109" lon="121.0900361">
<ele>2183.93</ele>
<time>2023-03-19T03:21:58Z</time>
</trkpt>
<trkpt lat="24.4596344" lon="121.0900827">
<ele>2183.60</ele>
<time>2023-03-19T03:22:34Z</time>
</trkpt>
<trkpt lat="24.4597079" lon="121.0900983">
<ele>2196.88</ele>
<time>2023-03-19T03:39:48Z</time>
</trkpt>
<trkpt lat="24.4597668" lon="121.0901088">
<ele>2193.04</ele>
<time>2023-03-19T03:39:54Z</time>
</trkpt>
<trkpt lat="24.4598211" lon="121.0900873">
<ele>2191.46</ele>
<time>2023-03-19T03:40:00Z</time>
</trkpt>
<trkpt lat="24.4598817" lon="121.0901067">
<ele>2192.37</ele>
<time>2023-03-19T03:40:06Z</time>
</trkpt>
<trkpt lat="24.4599222" lon="121.0901348">
<ele>2192.70</ele>
<time>2023-03-19T03:40:10Z</time>
</trkpt>
<trkpt lat="24.4599593" lon="121.0901696">
<ele>2193.30</ele>
<time>2023-03-19T03:40:14Z</time>
</trkpt>
<trkpt lat="24.4599922" lon="121.0902066">
<ele>2193.95</ele>
<time>2023-03-19T03:40:18Z</time>
</trkpt>
<trkpt lat="24.4600302" lon="121.0902497">
<ele>2197.47</ele>
<time>2023-03-19T03:40:24Z</time>
</trkpt>
<trkpt lat="24.4600873" lon="121.0902482">
<ele>2196.25</ele>
<time>2023-03-19T03:40:30Z</time>
</trkpt>
<trkpt lat="24.4601354" lon="121.0902341">
<ele>2195.37</ele>
<time>2023-03-19T03:40:36Z</time>
</trkpt>
<trkpt lat="24.4601821" lon="121.0902307">
<ele>2193.92</ele>
<time>2023-03-19T03:40:40Z</time>
</trkpt>
<trkpt lat="24.4602266" lon="121.0902381">
<ele>2191.01</ele>
<time>2023-03-19T03:40:46Z</time>
</trkpt>
<trkpt lat="24.4602555" lon="121.0902807">
<ele>2191.79</ele>
<time>2023-03-19T03:40:50Z</time>
</trkpt>
<trkpt lat="24.4602960" lon="121.0903340">
<ele>2190.30</ele>
<time>2023-03-19T03:40:56Z</time>
</trkpt>
<trkpt lat="24.4603126" lon="121.0903874">
<ele>2193.54</ele>
<time>2023-03-19T03:41:00Z</time>
</trkpt>
<trkpt lat="24.4603116" lon="121.0904496">
<ele>2192.11</ele>
<time>2023-03-19T03:41:06Z</time>
</trkpt>
<trkpt lat="24.4603419" lon="121.0904991">
<ele>2189.89</ele>
<time>2023-03-19T03:41:14Z</time>
</trkpt>
<trkpt lat="24.4603459" lon="121.0905587">
<ele>2188.41</ele>
<time>2023-03-19T03:41:20Z</time>
</trkpt>
<trkpt lat="24.4603360" lon="121.0906113">
<ele>2187.84</ele>
<time>2023-03-19T03:41:30Z</time>
</trkpt>
<trkpt lat="24.4603434" lon="121.0906741">
<ele>2183.59</ele>
<time>2023-03-19T03:41:36Z</time>
</trkpt>
<trkpt lat="24.4603358" lon="121.0907476">
<ele>2181.79</ele>
<time>2023-03-19T03:41:44Z</time>
</trkpt>
<trkpt lat="24.4603466" lon="121.0908062">
<ele>2179.69</ele>
<time>2023-03-19T03:41:50Z</time>
</trkpt>
<trkpt lat="24.4603707" lon="121.0908612">
<ele>2180.68</ele>
<time>2023-03-19T03:41:58Z</time>
</trkpt>
<trkpt lat="24.4603624" lon="121.0909182">
<ele>2184.82</ele>
<time>2023-03-19T03:42:06Z</time>
</trkpt>
<trkpt lat="24.4603643" lon="121.0909847">
<ele>2184.42</ele>
<time>2023-03-19T03:42:10Z</time>
</trkpt>
<trkpt lat="24.4603627" lon="121.0910343">
<ele>2185.90</ele>
<time>2023-03-19T03:42:14Z</time>
</trkpt>
<trkpt lat="24.4603729" lon="121.0910940">
<ele>2185.42</ele>
<time>2023-03-19T03:42:20Z</time>
</trkpt>
<trkpt lat="24.4603784" lon="121.0911527">
<ele>2184.52</ele>
<time>2023-03-19T03:42:26Z</time>
</trkpt>
<trkpt lat="24.4603933" lon="121.0912078">
<ele>2183.77</ele>
<time>2023-03-19T03:42:34Z</time>
</trkpt>
<trkpt lat="24.4604072" lon="121.0912631">
<ele>2188.22</ele>
<time>2023-03-19T03:42:42Z</time>
</trkpt>
<trkpt lat="24.4604489" lon="121.0912836">
<ele>2184.33</ele>
<time>2023-03-19T03:42:48Z</time>
</trkpt>
<trkpt lat="24.4604911" lon="121.0913099">
<ele>2182.44</ele>
<time>2023-03-19T03:42:52Z</time>
</trkpt>
<trkpt lat="24.4605201" lon="121.0913564">
<ele>2179.53</ele>
<time>2023-03-19T03:42:58Z</time>
</trkpt>
<trkpt lat="24.4605506" lon="121.0914181">
<ele>2179.77</ele>
<time>2023-03-19T03:43:04Z</time>
</trkpt>
<trkpt lat="24.4605674" lon="121.0914670">
<ele>2178.85</ele>
<time>2023-03-19T03:43:08Z</time>
</trkpt>
<trkpt lat="24.4605631" lon="121.0915314">
<ele>2180.78</ele>
<time>2023-03-19T03:43:14Z</time>
</trkpt>
<trkpt lat="24.4605373" lon="121.0915942">
<ele>2187.31</ele>
<time>2023-03-19T03:43:20Z</time>
</trkpt>
<trkpt lat="24.4605487" lon="121.0916561">
<ele>2182.47</ele>
<time>2023-03-19T03:43:26Z</time>
</trkpt>
<trkpt lat="24.4605198" lon="121.0917140">
<ele>2184.33</ele>
<time>2023-03-19T03:43:30Z</time>
</trkpt>
<trkpt lat="24.4605189" lon="121.0917684">
<ele>2181.38</ele>
<time>2023-03-19T03:43:34Z</time>
</trkpt>
<trkpt lat="24.4605092" lon="121.0918334">
<ele>2182.98</ele>
<time>2023-03-19T03:43:42Z</time>
</trkpt>
<trkpt lat="24.4604926" lon="121.0918910">
<ele>2181.14</ele>
<time>2023-03-19T03:43:50Z</time>
</trkpt>
<trkpt lat="24.4604517" lon="121.0919340">
<ele>2182.34</ele>
<time>2023-03-19T03:43:54Z</time>
</trkpt>
<trkpt lat="24.4604191" lon="121.0919745">
<ele>2184.69</ele>
<time>2023-03-19T03:44:00Z</time>
</trkpt>
<trkpt lat="24.4603968" lon="121.0920205">
<ele>2184.22</ele>
<time>2023-03-19T03:44:06Z</time>
</trkpt>
<trkpt lat="24.4603995" lon="121.0920843">
<ele>2184.06</ele>
<time>2023-03-19T03:44:14Z</time>
</trkpt>
<trkpt lat="24.4603705" lon="121.0921547">
<ele>2184.49</ele>
<time>2023-03-19T03:44:22Z</time>
</trkpt>
<trkpt lat="24.4603478" lon="121.0922152">
<ele>2186.58</ele>
<time>2023-03-19T03:44:28Z</time>
</trkpt>
<trkpt lat="24.4603479" lon="121.0922702">
<ele>2187.18</ele>
<time>2023-03-19T03:44:36Z</time>
</trkpt>
<trkpt lat="24.4603694" lon="121.0923176">
<ele>2187.47</ele>
<time>2023-03-19T03:44:42Z</time>
</trkpt>
<trkpt lat="24.4604058" lon="121.0923569">
<ele>2185.33</ele>
<time>2023-03-19T03:44:48Z</time>
</trkpt>
<trkpt lat="24.4604072" lon="121.0924090">
<ele>2184.76</ele>
<time>2023-03-19T03:44:52Z</time>
</trkpt>
<trkpt lat="24.4604133" lon="121.0924592">
<ele>2184.97</ele>
<time>2023-03-19T03:44:56Z</time>
</trkpt>
<trkpt lat="24.4604318" lon="121.0925218">
<ele>2184.74</ele>
<time>2023-03-19T03:45:02Z</time>
</trkpt>
<trkpt lat="24.4604342" lon="121.0925863">
<ele>2188.08</ele>
<time>2023-03-19T03:45:08Z</time>
</trkpt>
<trkpt lat="24.4604600" lon="121.0926384">
<ele>2188.25</ele>
<time>2023-03-19T03:45:14Z</time>
</trkpt>
<trkpt lat="24.4605011" lon="121.0926821">
<ele>2189.94</ele>
<time>2023-03-19T03:45:20Z</time>
</trkpt>
<trkpt lat="24.4605075" lon="121.0927512">
<ele>2192.22</ele>
<time>2023-03-19T03:45:26Z</time>
</trkpt>
<trkpt lat="24.4605291" lon="121.0928188">
<ele>2192.59</ele>
<time>2023-03-19T03:45:32Z</time>
</trkpt>
<trkpt lat="24.4605479" lon="121.0928674">
<ele>2193.74</ele>
<time>2023-03-19T03:45:38Z</time>
</trkpt>
<trkpt lat="24.4605665" lon="121.0929133">
<ele>2193.58</ele>
<time>2023-03-19T03:45:42Z</time>
</trkpt>
<trkpt lat="24.4605872" lon="121.0929592">
<ele>2191.68</ele>
<time>2023-03-19T03:45:46Z</time>
</trkpt>
<trkpt lat="24.4605902" lon="121.0930170">
<ele>2191.41</ele>
<time>2023-03-19T03:45:52Z</time>
</trkpt>
<trkpt lat="24.4606105" lon="121.0930836">
<ele>2186.93</ele>
<time>2023-03-19T03:45:58Z</time>
</trkpt>
<trkpt lat="24.4606131" lon="121.0931330">
<ele>2184.72</ele>
<time>2023-03-19T03:46:02Z</time>
</trkpt>
<trkpt lat="24.4606113" lon="121.0932058">
<ele>2183.32</ele>
<time>2023-03-19T03:46:08Z</time>
</trkpt>
<trkpt lat="24.4606227" lon="121.0932768">
<ele>2183.53</ele>
<time>2023-03-19T03:46:14Z</time>
</trkpt>
<trkpt lat="24.4606141" lon="121.0933265">
<ele>2181.43</ele>
<time>2023-03-19T03:46:18Z</time>
</trkpt>
<trkpt lat="24.4606050" lon="121.0933846">
<ele>2181.07</ele>
<time>2023-03-19T03:46:22Z</time>
</trkpt>
<trkpt lat="24.4606025" lon="121.0934563">
<ele>2179.97</ele>
<time>2023-03-19T03:46:28Z</time>
</trkpt>
<trkpt lat="24.4605962" lon="121.0935131">
<ele>2183.57</ele>
<time>2023-03-19T03:46:34Z</time>
</trkpt>
<trkpt lat="24.4606015" lon="121.0935767">
<ele>2183.92</ele>
<time>2023-03-19T03:46:40Z</time>
</trkpt>
<trkpt lat="24.4605966" lon="121.0936434">
<ele>2184.75</ele>
<time>2023-03-19T03:46:46Z</time>
</trkpt>
<trkpt lat="24.4605764" lon="121.0936935">
<ele>2186.01</ele>
<time>2023-03-19T03:46:50Z</time>
</trkpt>
<trkpt lat="24.4605650" lon="121.0937424">
<ele>2186.56</ele>
<time>2023-03-19T03:46:54Z</time>
</trkpt>
<trkpt lat="24.4605601" lon="121.0938046">
<ele>2187.76</ele>
<time>2023-03-19T03:47:02Z</time>
</trkpt>
<trkpt lat="24.4605541" lon="121.0938640">
<ele>2186.37</ele>
<time>2023-03-19T03:47:06Z</time>
</trkpt>
<trkpt lat="24.4605374" lon="121.0939195">
<ele>2189.24</ele>
<time>2023-03-19T03:47:14Z</time>
</trkpt>
<trkpt lat="24.4604971" lon="121.0939647">
<ele>2190.29</ele>
<time>2023-03-19T03:47:20Z</time>
</trkpt>
<trkpt lat="24.4604631" lon="121.0940101">
<ele>2192.70</ele>
<time>2023-03-19T03:47:26Z</time>
</trkpt>
<trkpt lat="24.4604404" lon="121.0940620">
<ele>2193.56</ele>
<time>2023-03-19T03:47:32Z</time>
</trkpt>
<trkpt lat="24.4604212" lon="121.0941256">
<ele>2193.72</ele>
<time>2023-03-19T03:47:40Z</time>
</trkpt>
<trkpt lat="24.4604121" lon="121.0941756">
<ele>2196.39</ele>
<time>2023-03-19T03:47:46Z</time>
</trkpt>
<trkpt lat="24.4604362" lon="121.0942204">
<ele>2197.63</ele>
<time>2023-03-19T03:47:52Z</time>
</trkpt>
<trkpt lat="24.4604942" lon="121.0942399">
<ele>2198.85</ele>
<time>2023-03-19T03:47:58Z</time>
</trkpt>
<trkpt lat="24.4605404" lon="121.0942282">
<ele>2199.78</ele>
<time>2023-03-19T03:48:02Z</time>
</trkpt>
<trkpt lat="24.4606043" lon="121.0942285">
<ele>2203.80</ele>
<time>2023-03-19T03:48:08Z</time>
</trkpt>
<trkpt lat="24.4606410" lon="121.0941959">
<ele>2202.39</ele>
<time>2023-03-19T03:48:12Z</time>
</trkpt>
<trkpt lat="24.4606775" lon="121.0941670">
<ele>2205.19</ele>
<time>2023-03-19T03:48:16Z</time>
</trkpt>
<trkpt lat="24.4607288" lon="121.0941277">
<ele>2206.75</ele>
<time>2023-03-19T03:48:22Z</time>
</trkpt>
<trkpt lat="24.4607755" lon="121.0941145">
<ele>2207.18</ele>
<time>2023-03-19T03:48:26Z</time>
</trkpt>
<trkpt lat="24.4608284" lon="121.0941436">
<ele>2209.10</ele>
<time>2023-03-19T03:48:32Z</time>
</trkpt>
<trkpt lat="24.4608737" lon="121.0941600">
<ele>2207.42</ele>
<time>2023-03-19T03:48:36Z</time>
</trkpt>
<trkpt lat="24.4609377" lon="121.0941970">
<ele>2208.51</ele>
<time>2023-03-19T03:48:42Z</time>
</trkpt>
<trkpt lat="24.4609765" lon="121.0942358">
<ele>2206.01</ele>
<time>2023-03-19T03:48:48Z</time>
</trkpt>
<trkpt lat="24.4610025" lon="121.0942795">
<ele>2207.83</ele>
<time>2023-03-19T03:48:52Z</time>
</trkpt>
<trkpt lat="24.4610590" lon="121.0942899">
<ele>2206.11</ele>
<time>2023-03-19T03:48:58Z</time>
</trkpt>
<trkpt lat="24.4611223" lon="121.0943147">
<ele>2205.40</ele>
<time>2023-03-19T03:49:04Z</time>
</trkpt>
<trkpt lat="24.4611773" lon="121.0943454">
<ele>2206.54</ele>
<time>2023-03-19T03:49:10Z</time>
</trkpt>
<trkpt lat="24.4612171" lon="121.0943920">
<ele>2208.47</ele>
<time>2023-03-19T03:49:16Z</time>
</trkpt>
<trkpt lat="24.4612491" lon="121.0944472">
<ele>2206.77</ele>
<time>2023-03-19T03:49:22Z</time>
</trkpt>
<trkpt lat="24.4612787" lon="121.0944971">
<ele>2207.05</ele>
<time>2023-03-19T03:49:28Z</time>
</trkpt>
<trkpt lat="24.4612862" lon="121.0945497">
<ele>2205.54</ele>
<time>2023-03-19T03:49:32Z</time>
</trkpt>
<trkpt lat="24.4613365" lon="121.0945796">
<ele>2204.75</ele>
<time>2023-03-19T03:49:38Z</time>
</trkpt>
<trkpt lat="24.4614024" lon="121.0945847">
<ele>2204.66</ele>
<time>2023-03-19T03:49:44Z</time>
</trkpt>
<trkpt lat="24.4614490" lon="121.0945783">
<ele>2204.37</ele>
<time>2023-03-19T03:49:48Z</time>
</trkpt>
<trkpt lat="24.4614972" lon="121.0945910">
<ele>2205.77</ele>
<time>2023-03-19T03:49:52Z</time>
</trkpt>
<trkpt lat="24.4615451" lon="121.0945892">
<ele>2207.41</ele>
<time>2023-03-19T03:49:56Z</time>
</trkpt>
<trkpt lat="24.4615990" lon="121.0945971">
<ele>2208.94</ele>
<time>2023-03-19T03:50:00Z</time>
</trkpt>
<trkpt lat="24.4616447" lon="121.0945719">
<ele>2208.50</ele>
<time>2023-03-19T03:50:04Z</time>
</trkpt>
<trkpt lat="24.4616924" lon="121.0945582">
<ele>2210.22</ele>
<time>2023-03-19T03:50:08Z</time>
</trkpt>
<trkpt lat="24.4617374" lon="121.0945632">
<ele>2207.83</ele>
<time>2023-03-19T03:50:12Z</time>
</trkpt>
<trkpt lat="24.4617758" lon="121.0945908">
<ele>2207.56</ele>
<time>2023-03-19T03:50:16Z</time>
</trkpt>
<trkpt lat="24.4618140" lon="121.0946273">
<ele>2206.62</ele>
<time>2023-03-19T03:50:20Z</time>
</trkpt>
<trkpt lat="24.4618693" lon="121.0946472">
<ele>2205.11</ele>
<time>2023-03-19T03:50:24Z</time>
</trkpt>
<trkpt lat="24.4619118" lon="121.0946667">
<ele>2204.10</ele>
<time>2023-03-19T03:50:28Z</time>
</trkpt>
<trkpt lat="24.4619664" lon="121.0946842">
<ele>2204.99</ele>
<time>2023-03-19T03:50:34Z</time>
</trkpt>
<trkpt lat="24.4620220" lon="121.0946818">
<ele>2203.75</ele>
<time>2023-03-19T03:50:38Z</time>
</trkpt>
<trkpt lat="24.4620676" lon="121.0946901">
<ele>2204.77</ele>
<time>2023-03-19T03:50:42Z</time>
</trkpt>
<trkpt lat="24.4621200" lon="121.0946863">
<ele>2205.04</ele>
<time>2023-03-19T03:50:46Z</time>
</trkpt>
<trkpt lat="24.4621668" lon="121.0946960">
<ele>2207.15</ele>
<time>2023-03-19T03:50:50Z</time>
</trkpt>
<trkpt lat="24.4622154" lon="121.0946877">
<ele>2205.84</ele>
<time>2023-03-19T03:50:54Z</time>
</trkpt>
<trkpt lat="24.4622607" lon="121.0946890">
<ele>2205.91</ele>
<time>2023-03-19T03:50:58Z</time>
</trkpt>
<trkpt lat="24.4623255" lon="121.0947000">
<ele>2204.53</ele>
<time>2023-03-19T03:51:04Z</time>
</trkpt>
<trkpt lat="24.4623620" lon="121.0947294">
<ele>2205.50</ele>
<time>2023-03-19T03:51:08Z</time>
</trkpt>
<trkpt lat="24.4624082" lon="121.0947187">
<ele>2206.00</ele>
<time>2023-03-19T03:51:12Z</time>
</trkpt>
<trkpt lat="24.4624563" lon="121.0947067">
<ele>2204.74</ele>
<time>2023-03-19T03:51:16Z</time>
</trkpt>
<trkpt lat="24.4625275" lon="121.0947218">
<ele>2203.41</ele>
<time>2023-03-19T03:51:22Z</time>
</trkpt>
<trkpt lat="24.4625774" lon="121.0947204">
<ele>2203.38</ele>
<time>2023-03-19T03:51:26Z</time>
</trkpt>
<trkpt lat="24.4626250" lon="121.0947260">
<ele>2203.59</ele>
<time>2023-03-19T03:51:30Z</time>
</trkpt>
<trkpt lat="24.4626709" lon="121.0947205">
<ele>2203.38</ele>
<time>2023-03-19T03:51:34Z</time>
</trkpt>
<trkpt lat="24.4627314" lon="121.0946833">
<ele>2203.00</ele>
<time>2023-03-19T03:51:40Z</time>
</trkpt>
<trkpt lat="24.4627658" lon="121.0946487">
<ele>2203.72</ele>
<time>2023-03-19T03:51:44Z</time>
</trkpt>
<trkpt lat="24.4628241" lon="121.0946129">
<ele>2204.14</ele>
<time>2023-03-19T03:51:50Z</time>
</trkpt>
<trkpt lat="24.4628554" lon="121.0945454">
<ele>2206.32</ele>
<time>2023-03-19T03:51:56Z</time>
</trkpt>
<trkpt lat="24.4628621" lon="121.0944860">
<ele>2206.18</ele>
<time>2023-03-19T03:52:00Z</time>
</trkpt>
<trkpt lat="24.4628983" lon="121.0944526">
<ele>2204.81</ele>
<time>2023-03-19T03:52:04Z</time>
</trkpt>
<trkpt lat="24.4629242" lon="121.0944038">
<ele>2205.46</ele>
<time>2023-03-19T03:52:08Z</time>
</trkpt>
<trkpt lat="24.4629572" lon="121.0943445">
<ele>2205.81</ele>
<time>2023-03-19T03:52:14Z</time>
</trkpt>
<trkpt lat="24.4629776" lon="121.0942920">
<ele>2207.19</ele>
<time>2023-03-19T03:52:18Z</time>
</trkpt>
<trkpt lat="24.4630118" lon="121.0942551">
<ele>2204.60</ele>
<time>2023-03-19T03:52:22Z</time>
</trkpt>
<trkpt lat="24.4630520" lon="121.0942047">
<ele>2206.29</ele>
<time>2023-03-19T03:52:28Z</time>
</trkpt>
<trkpt lat="24.4630823" lon="121.0941665">
<ele>2206.45</ele>
<time>2023-03-19T03:52:32Z</time>
</trkpt>
<trkpt lat="24.4631213" lon="121.0941128">
<ele>2208.06</ele>
<time>2023-03-19T03:52:38Z</time>
</trkpt>
<trkpt lat="24.4631532" lon="121.0940742">
<ele>2208.76</ele>
<time>2023-03-19T03:52:42Z</time>
</trkpt>
<trkpt lat="24.4631821" lon="121.0940360">
<ele>2210.03</ele>
<time>2023-03-19T03:52:46Z</time>
</trkpt>
<trkpt lat="24.4632055" lon="121.0939702">
<ele>2210.14</ele>
<time>2023-03-19T03:52:52Z</time>
</trkpt>
<trkpt lat="24.4632235" lon="121.0939218">
<ele>2214.28</ele>
<time>2023-03-19T03:52:56Z</time>
</trkpt>
<trkpt lat="24.4632419" lon="121.0938746">
<ele>2214.25</ele>
<time>2023-03-19T03:53:00Z</time>
</trkpt>
<trkpt lat="24.4632545" lon="121.0938180">
<ele>2214.53</ele>
<time>2023-03-19T03:53:04Z</time>
</trkpt>
<trkpt lat="24.4632873" lon="121.0937796">
<ele>2210.90</ele>
<time>2023-03-19T03:53:08Z</time>
</trkpt>
<trkpt lat="24.4633118" lon="121.0937371">
<ele>2211.93</ele>
<time>2023-03-19T03:53:12Z</time>
</trkpt>
<trkpt lat="24.4633384" lon="121.0936897">
<ele>2210.00</ele>
<time>2023-03-19T03:53:16Z</time>
</trkpt>
<trkpt lat="24.4633598" lon="121.0936424">
<ele>2209.15</ele>
<time>2023-03-19T03:53:20Z</time>
</trkpt>
<trkpt lat="24.4633926" lon="121.0936043">
<ele>2209.13</ele>
<time>2023-03-19T03:53:24Z</time>
</trkpt>
<trkpt lat="24.4634474" lon="121.0935903">
<ele>2208.83</ele>
<time>2023-03-19T03:53:28Z</time>
</trkpt>
<trkpt lat="24.4634883" lon="121.0935659">
<ele>2210.69</ele>
<time>2023-03-19T03:53:32Z</time>
</trkpt>
<trkpt lat="24.4635317" lon="121.0935446">
<ele>2207.83</ele>
<time>2023-03-19T03:53:36Z</time>
</trkpt>
<trkpt lat="24.4635797" lon="121.0935391">
<ele>2205.66</ele>
<time>2023-03-19T03:53:40Z</time>
</trkpt>
<trkpt lat="24.4636373" lon="121.0935143">
<ele>2204.75</ele>
<time>2023-03-19T03:53:46Z</time>
</trkpt>
<trkpt lat="24.4636996" lon="121.0934987">
<ele>2205.31</ele>
<time>2023-03-19T03:53:52Z</time>
</trkpt>
<trkpt lat="24.4637620" lon="121.0935093">
<ele>2205.60</ele>
<time>2023-03-19T03:53:57Z</time>
</trkpt>
<trkpt lat="24.4638103" lon="121.0934994">
<ele>2206.76</ele>
<time>2023-03-19T03:54:02Z</time>
</trkpt>
<trkpt lat="24.4638698" lon="121.0934761">
<ele>2206.22</ele>
<time>2023-03-19T03:54:09Z</time>
</trkpt>
<trkpt lat="24.4639324" lon="121.0934758">
<ele>2207.02</ele>
<time>2023-03-19T03:54:15Z</time>
</trkpt>
<trkpt lat="24.4639955" lon="121.0934606">
<ele>2209.25</ele>
<time>2023-03-19T03:54:21Z</time>
</trkpt>
<trkpt lat="24.4640414" lon="121.0934566">
<ele>2207.46</ele>
<time>2023-03-19T03:54:25Z</time>
</trkpt>
<trkpt lat="24.4641139" lon="121.0934770">
<ele>2208.46</ele>
<time>2023-03-19T03:54:33Z</time>
</trkpt>
<trkpt lat="24.4641545" lon="121.0934542">
<ele>2207.70</ele>
<time>2023-03-19T03:54:37Z</time>
</trkpt>
<trkpt lat="24.4642125" lon="121.0934548">
<ele>2204.16</ele>
<time>2023-03-19T03:54:43Z</time>
</trkpt>
<trkpt lat="24.4642698" lon="121.0934776">
<ele>2206.33</ele>
<time>2023-03-19T03:54:49Z</time>
</trkpt>
<trkpt lat="24.4643280" lon="121.0935029">
<ele>2206.82</ele>
<time>2023-03-19T03:54:55Z</time>
</trkpt>
<trkpt lat="24.4643815" lon="121.0935379">
<ele>2205.32</ele>
<time>2023-03-19T03:55:01Z</time>
</trkpt>
<trkpt lat="24.4644260" lon="121.0935732">
<ele>2205.35</ele>
<time>2023-03-19T03:55:05Z</time>
</trkpt>
<trkpt lat="24.4644777" lon="121.0936283">
<ele>2203.68</ele>
<time>2023-03-19T03:55:11Z</time>
</trkpt>
<trkpt lat="24.4645286" lon="121.0936680">
<ele>2203.02</ele>
<time>2023-03-19T03:55:17Z</time>
</trkpt>
<trkpt lat="24.4645940" lon="121.0937019">
<ele>2203.12</ele>
<time>2023-03-19T03:55:24Z</time>
</trkpt>
<trkpt lat="24.4646413" lon="121.0937262">
<ele>2202.90</ele>
<time>2023-03-19T03:55:29Z</time>
</trkpt>
<trkpt lat="24.4647041" lon="121.0937414">
<ele>2202.54</ele>
<time>2023-03-19T03:55:35Z</time>
</trkpt>
<trkpt lat="24.4647652" lon="121.0937393">
<ele>2201.84</ele>
<time>2023-03-19T03:55:41Z</time>
</trkpt>
<trkpt lat="24.4648226" lon="121.0937030">
<ele>2200.13</ele>
<time>2023-03-19T03:55:47Z</time>
</trkpt>
<trkpt lat="24.4648555" lon="121.0936502">
<ele>2201.63</ele>
<time>2023-03-19T03:55:53Z</time>
</trkpt>
<trkpt lat="24.4648693" lon="121.0935967">
<ele>2207.31</ele>
<time>2023-03-19T03:56:07Z</time>
</trkpt>
<trkpt lat="24.4648965" lon="121.0935509">
<ele>2208.06</ele>
<time>2023-03-19T03:56:13Z</time>
</trkpt>
<trkpt lat="24.4649463" lon="121.0935085">
<ele>2208.54</ele>
<time>2023-03-19T03:56:19Z</time>
</trkpt>
<trkpt lat="24.4649839" lon="121.0934654">
<ele>2206.62</ele>
<time>2023-03-19T03:56:25Z</time>
</trkpt>
<trkpt lat="24.4650306" lon="121.0934431">
<ele>2204.36</ele>
<time>2023-03-19T03:56:29Z</time>
</trkpt>
<trkpt lat="24.4650768" lon="121.0934213">
<ele>2204.90</ele>
<time>2023-03-19T03:56:33Z</time>
</trkpt>
<trkpt lat="24.4651111" lon="121.0933732">
<ele>2203.21</ele>
<time>2023-03-19T03:56:37Z</time>
</trkpt>
<trkpt lat="24.4651642" lon="121.0933532">
<ele>2204.23</ele>
<time>2023-03-19T03:56:41Z</time>
</trkpt>
<trkpt lat="24.4652140" lon="121.0933439">
<ele>2204.97</ele>
<time>2023-03-19T03:56:45Z</time>
</trkpt>
<trkpt lat="24.4652633" lon="121.0933296">
<ele>2205.51</ele>
<time>2023-03-19T03:56:49Z</time>
</trkpt>
<trkpt lat="24.4653056" lon="121.0933109">
<ele>2204.48</ele>
<time>2023-03-19T03:56:53Z</time>
</trkpt>
<trkpt lat="24.4653441" lon="121.0932826">
<ele>2202.25</ele>
<time>2023-03-19T03:56:57Z</time>
</trkpt>
<trkpt lat="24.4654181" lon="121.0932597">
<ele>2201.51</ele>
<time>2023-03-19T03:57:03Z</time>
</trkpt>
<trkpt lat="24.4654720" lon="121.0932611">
<ele>2200.92</ele>
<time>2023-03-19T03:57:07Z</time>
</trkpt>
<trkpt lat="24.4655158" lon="121.0932726">
<ele>2201.77</ele>
<time>2023-03-19T03:57:11Z</time>
</trkpt>
<trkpt lat="24.4655682" lon="121.0932788">
<ele>2203.69</ele>
<time>2023-03-19T03:57:15Z</time>
</trkpt>
<trkpt lat="24.4656106" lon="121.0932998">
<ele>2203.15</ele>
<time>2023-03-19T03:57:19Z</time>
</trkpt>
<trkpt lat="24.4656726" lon="121.0933238">
<ele>2205.27</ele>
<time>2023-03-19T03:57:25Z</time>
</trkpt>
<trkpt lat="24.4657352" lon="121.0933156">
<ele>2202.57</ele>
<time>2023-03-19T03:57:31Z</time>
</trkpt>
<trkpt lat="24.4657844" lon="121.0933132">
<ele>2201.46</ele>
<time>2023-03-19T03:57:35Z</time>
</trkpt>
<trkpt lat="24.4658491" lon="121.0933197">
<ele>2201.64</ele>
<time>2023-03-19T03:57:41Z</time>
</trkpt>
<trkpt lat="24.4658939" lon="121.0933248">
<ele>2201.92</ele>
<time>2023-03-19T03:57:45Z</time>
</trkpt>
<trkpt lat="24.4659599" lon="121.0933394">
<ele>2201.93</ele>
<time>2023-03-19T03:57:51Z</time>
</trkpt>
<trkpt lat="24.4660248" lon="121.0933625">
<ele>2202.90</ele>
<time>2023-03-19T03:57:57Z</time>
</trkpt>
<trkpt lat="24.4660863" lon="121.0933774">
<ele>2204.33</ele>
<time>2023-03-19T03:58:03Z</time>
</trkpt>
<trkpt lat="24.4661341" lon="121.0933956">
<ele>2204.24</ele>
<time>2023-03-19T03:58:07Z</time>
</trkpt>
<trkpt lat="24.4661768" lon="121.0934231">
<ele>2202.48</ele>
<time>2023-03-19T03:58:11Z</time>
</trkpt>
<trkpt lat="24.4662188" lon="121.0934595">
<ele>2204.19</ele>
<time>2023-03-19T03:58:15Z</time>
</trkpt>
<trkpt lat="24.4662643" lon="121.0934997">
<ele>2206.34</ele>
<time>2023-03-19T03:58:19Z</time>
</trkpt>
<trkpt lat="24.4662894" lon="121.0935463">
<ele>2206.19</ele>
<time>2023-03-19T03:58:23Z</time>
</trkpt>
<trkpt lat="24.4663252" lon="121.0936037">
<ele>2204.58</ele>
<time>2023-03-19T03:58:29Z</time>
</trkpt>
<trkpt lat="24.4663480" lon="121.0936501">
<ele>2202.25</ele>
<time>2023-03-19T03:58:33Z</time>
</trkpt>
<trkpt lat="24.4663743" lon="121.0937034">
<ele>2201.84</ele>
<time>2023-03-19T03:58:37Z</time>
</trkpt>
<trkpt lat="24.4664073" lon="121.0937457">
<ele>2201.88</ele>
<time>2023-03-19T03:58:41Z</time>
</trkpt>
<trkpt lat="24.4664420" lon="121.0937806">
<ele>2202.34</ele>
<time>2023-03-19T03:58:45Z</time>
</trkpt>
<trkpt lat="24.4664928" lon="121.0938143">
<ele>2201.79</ele>
<time>2023-03-19T03:58:51Z</time>
</trkpt>
<trkpt lat="24.4665490" lon="121.0938243">
<ele>2202.46</ele>
<time>2023-03-19T03:58:55Z</time>
</trkpt>
<trkpt lat="24.4666042" lon="121.0938387">
<ele>2203.02</ele>
<time>2023-03-19T03:58:59Z</time>
</trkpt>
<trkpt lat="24.4666581" lon="121.0938409">
<ele>2202.08</ele>
<time>2023-03-19T03:59:03Z</time>
</trkpt>
<trkpt lat="24.4667030" lon="121.0938605">
<ele>2201.29</ele>
<time>2023-03-19T03:59:07Z</time>
</trkpt>
<trkpt lat="24.4667603" lon="121.0938986">
<ele>2201.30</ele>
<time>2023-03-19T03:59:13Z</time>
</trkpt>
<trkpt lat="24.4668027" lon="121.0939273">
<ele>2200.72</ele>
<time>2023-03-19T03:59:17Z</time>
</trkpt>
<trkpt lat="24.4668398" lon="121.0939578">
<ele>2198.04</ele>
<time>2023-03-19T03:59:21Z</time>
</trkpt>
<trkpt lat="24.4669018" lon="121.0940004">
<ele>2200.81</ele>
<time>2023-03-19T03:59:27Z</time>
</trkpt>
<trkpt lat="24.4669445" lon="121.0940260">
<ele>2198.82</ele>
<time>2023-03-19T03:59:31Z</time>
</trkpt>
<trkpt lat="24.4669852" lon="121.0940550">
<ele>2199.19</ele>
<time>2023-03-19T03:59:35Z</time>
</trkpt>
<trkpt lat="24.4670373" lon="121.0940696">
<ele>2198.87</ele>
<time>2023-03-19T03:59:39Z</time>
</trkpt>
<trkpt lat="24.4670807" lon="121.0941028">
<ele>2198.36</ele>
<time>2023-03-19T03:59:43Z</time>
</trkpt>
<trkpt lat="24.4671318" lon="121.0941242">
<ele>2196.37</ele>
<time>2023-03-19T03:59:47Z</time>
</trkpt>
<trkpt lat="24.4671719" lon="121.0941855">
<ele>2194.97</ele>
<time>2023-03-19T03:59:53Z</time>
</trkpt>
<trkpt lat="24.4672030" lon="121.0942286">
<ele>2194.84</ele>
<time>2023-03-19T03:59:57Z</time>
</trkpt>
<trkpt lat="24.4672315" lon="121.0942706">
<ele>2196.33</ele>
<time>2023-03-19T04:00:01Z</time>
</trkpt>
<trkpt lat="24.4672691" lon="121.0943016">
<ele>2195.34</ele>
<time>2023-03-19T04:00:05Z</time>
</trkpt>
<trkpt lat="24.4673014" lon="121.0943658">
<ele>2195.62</ele>
<time>2023-03-19T04:00:11Z</time>
</trkpt>
<trkpt lat="24.4673418" lon="121.0944322">
<ele>2193.74</ele>
<time>2023-03-19T04:00:17Z</time>
</trkpt>
<trkpt lat="24.4673700" lon="121.0944753">
<ele>2193.84</ele>
<time>2023-03-19T04:00:21Z</time>
</trkpt>
<trkpt lat="24.4674019" lon="121.0945237">
<ele>2196.83</ele>
<time>2023-03-19T04:00:25Z</time>
</trkpt>
<trkpt lat="24.4674378" lon="121.0945618">
<ele>2195.52</ele>
<time>2023-03-19T04:00:29Z</time>
</trkpt>
<trkpt lat="24.4674716" lon="121.0946028">
<ele>2194.59</ele>
<time>2023-03-19T04:00:33Z</time>
</trkpt>
<trkpt lat="24.4674989" lon="121.0946488">
<ele>2193.66</ele>
<time>2023-03-19T04:00:37Z</time>
</trkpt>
<trkpt lat="24.4675268" lon="121.0946920">
<ele>2194.67</ele>
<time>2023-03-19T04:00:41Z</time>
</trkpt>
<trkpt lat="24.4675581" lon="121.0947324">
<ele>2195.94</ele>
<time>2023-03-19T04:00:45Z</time>
</trkpt>
<trkpt lat="24.4675908" lon="121.0947900">
<ele>2194.67</ele>
<time>2023-03-19T04:00:51Z</time>
</trkpt>
<trkpt lat="24.4676091" lon="121.0948609">
<ele>2192.94</ele>
<time>2023-03-19T04:00:57Z</time>
</trkpt>
<trkpt lat="24.4676338" lon="121.0949055">
<ele>2192.84</ele>
<time>2023-03-19T04:01:01Z</time>
</trkpt>
<trkpt lat="24.4676662" lon="121.0949468">
<ele>2190.53</ele>
<time>2023-03-19T04:01:05Z</time>
</trkpt>
<trkpt lat="24.4677054" lon="121.0949837">
<ele>2189.58</ele>
<time>2023-03-19T04:01:09Z</time>
</trkpt>
<trkpt lat="24.4677493" lon="121.0950168">
<ele>2188.34</ele>
<time>2023-03-19T04:01:13Z</time>
</trkpt>
<trkpt lat="24.4677944" lon="121.0950382">
<ele>2188.02</ele>
<time>2023-03-19T04:01:17Z</time>
</trkpt>
<trkpt lat="24.4678512" lon="121.0950860">
<ele>2187.59</ele>
<time>2023-03-19T04:01:23Z</time>
</trkpt>
<trkpt lat="24.4679076" lon="121.0951108">
<ele>2186.56</ele>
<time>2023-03-19T04:01:29Z</time>
</trkpt>
<trkpt lat="24.4679772" lon="121.0951304">
<ele>2187.91</ele>
<time>2023-03-19T04:01:35Z</time>
</trkpt>
<trkpt lat="24.4680204" lon="121.0951459">
<ele>2188.20</ele>
<time>2023-03-19T04:01:39Z</time>
</trkpt>
<trkpt lat="24.4680718" lon="121.0951444">
<ele>2188.16</ele>
<time>2023-03-19T04:01:43Z</time>
</trkpt>
<trkpt lat="24.4681362" lon="121.0951362">
<ele>2188.54</ele>
<time>2023-03-19T04:01:49Z</time>
</trkpt>
<trkpt lat="24.4681799" lon="121.0951638">
<ele>2188.47</ele>
<time>2023-03-19T04:01:53Z</time>
</trkpt>
<trkpt lat="24.4682265" lon="121.0952082">
<ele>2189.69</ele>
<time>2023-03-19T04:01:59Z</time>
</trkpt>
<trkpt lat="24.4682688" lon="121.0952409">
<ele>2191.92</ele>
<time>2023-03-19T04:02:05Z</time>
</trkpt>
<trkpt lat="24.4683149" lon="121.0952704">
<ele>2195.11</ele>
<time>2023-03-19T04:02:11Z</time>
</trkpt>
<trkpt lat="24.4683602" lon="121.0952940">
<ele>2196.39</ele>
<time>2023-03-19T04:02:17Z</time>
</trkpt>
<trkpt lat="24.4684049" lon="121.0953199">
<ele>2197.75</ele>
<time>2023-03-19T04:02:25Z</time>
</trkpt>
<trkpt lat="24.4684606" lon="121.0953200">
<ele>2197.68</ele>
<time>2023-03-19T04:02:33Z</time>
</trkpt>
<trkpt lat="24.4685194" lon="121.0953110">
<ele>2195.97</ele>
<time>2023-03-19T04:02:41Z</time>
</trkpt>
<trkpt lat="24.4685782" lon="121.0952957">
<ele>2195.63</ele>
<time>2023-03-19T04:02:47Z</time>
</trkpt>
<trkpt lat="24.4686256" lon="121.0952860">
<ele>2195.61</ele>
<time>2023-03-19T04:02:51Z</time>
</trkpt>
<trkpt lat="24.4686788" lon="121.0952747">
<ele>2195.18</ele>
<time>2023-03-19T04:02:57Z</time>
</trkpt>
<trkpt lat="24.4687477" lon="121.0952599">
<ele>2195.06</ele>
<time>2023-03-19T04:03:03Z</time>
</trkpt>
<trkpt lat="24.4688145" lon="121.0952613">
<ele>2194.96</ele>
<time>2023-03-19T04:03:09Z</time>
</trkpt>
<trkpt lat="24.4688802" lon="121.0952684">
<ele>2193.75</ele>
<time>2023-03-19T04:03:15Z</time>
</trkpt>
<trkpt lat="24.4689456" lon="121.0952668">
<ele>2194.40</ele>
<time>2023-03-19T04:03:21Z</time>
</trkpt>
<trkpt lat="24.4689893" lon="121.0952515">
<ele>2194.76</ele>
<time>2023-03-19T04:03:25Z</time>
</trkpt>
<trkpt lat="24.4690447" lon="121.0952486">
<ele>2196.68</ele>
<time>2023-03-19T04:03:31Z</time>
</trkpt>
<trkpt lat="24.4690962" lon="121.0952520">
<ele>2198.25</ele>
<time>2023-03-19T04:03:35Z</time>
</trkpt>
<trkpt lat="24.4691568" lon="121.0952560">
<ele>2198.25</ele>
<time>2023-03-19T04:03:41Z</time>
</trkpt>
<trkpt lat="24.4692044" lon="121.0952443">
<ele>2196.89</ele>
<time>2023-03-19T04:03:45Z</time>
</trkpt>
<trkpt lat="24.4692423" lon="121.0952152">
<ele>2193.90</ele>
<time>2023-03-19T04:03:49Z</time>
</trkpt>
<trkpt lat="24.4693265" lon="121.0952022">
<ele>2192.37</ele>
<time>2023-03-19T04:03:57Z</time>
</trkpt>
<trkpt lat="24.4693852" lon="121.0952212">
<ele>2193.55</ele>
<time>2023-03-19T04:04:03Z</time>
</trkpt>
<trkpt lat="24.4694309" lon="121.0952196">
<ele>2193.45</ele>
<time>2023-03-19T04:04:07Z</time>
</trkpt>
<trkpt lat="24.4694957" lon="121.0952148">
<ele>2194.95</ele>
<time>2023-03-19T04:04:13Z</time>
</trkpt>
<trkpt lat="24.4695732" lon="121.0952505">
<ele>2209.99</ele>
<time>2023-03-19T04:04:19Z</time>
</trkpt>
<trkpt lat="24.4696143" lon="121.0952725">
<ele>2209.12</ele>
<time>2023-03-19T04:04:25Z</time>
</trkpt>
<trkpt lat="24.4696507" lon="121.0953252">
<ele>2202.77</ele>
<time>2023-03-19T04:04:31Z</time>
</trkpt>
<trkpt lat="24.4696835" lon="121.0953632">
<ele>2198.26</ele>
<time>2023-03-19T04:04:37Z</time>
</trkpt>
<trkpt lat="24.4697285" lon="121.0953690">
<ele>2194.98</ele>
<time>2023-03-19T04:04:43Z</time>
</trkpt>
<trkpt lat="24.4697482" lon="121.0954316">
<ele>2195.88</ele>
<time>2023-03-19T04:04:47Z</time>
</trkpt>
<trkpt lat="24.4697680" lon="121.0954846">
<ele>2197.05</ele>
<time>2023-03-19T04:04:51Z</time>
</trkpt>
<trkpt lat="24.4698150" lon="121.0955140">
<ele>2196.25</ele>
<time>2023-03-19T04:04:57Z</time>
</trkpt>
<trkpt lat="24.4698561" lon="121.0955568">
<ele>2197.00</ele>
<time>2023-03-19T04:05:03Z</time>
</trkpt>
<trkpt lat="24.4699124" lon="121.0955637">
<ele>2196.06</ele>
<time>2023-03-19T04:05:09Z</time>
</trkpt>
<trkpt lat="24.4699678" lon="121.0955648">
<ele>2196.21</ele>
<time>2023-03-19T04:05:15Z</time>
</trkpt>
<trkpt lat="24.4700132" lon="121.0955484">
<ele>2195.93</ele>
<time>2023-03-19T04:05:19Z</time>
</trkpt>
<trkpt lat="24.4700570" lon="121.0955371">
<ele>2195.87</ele>
<time>2023-03-19T04:05:23Z</time>
</trkpt>
<trkpt lat="24.4701123" lon="121.0955388">
<ele>2196.62</ele>
<time>2023-03-19T04:05:29Z</time>
</trkpt>
<trkpt lat="24.4701463" lon="121.0955723">
<ele>2196.65</ele>
<time>2023-03-19T04:05:33Z</time>
</trkpt>
<trkpt lat="24.4701750" lon="121.0956350">
<ele>2196.00</ele>
<time>2023-03-19T04:05:39Z</time>
</trkpt>
<trkpt lat="24.4702144" lon="121.0956836">
<ele>2194.39</ele>
<time>2023-03-19T04:05:45Z</time>
</trkpt>
<trkpt lat="24.4702580" lon="121.0957326">
<ele>2194.57</ele>
<time>2023-03-19T04:05:51Z</time>
</trkpt>
<trkpt lat="24.4703041" lon="121.0957816">
<ele>2194.64</ele>
<time>2023-03-19T04:05:57Z</time>
</trkpt>
<trkpt lat="24.4702883" lon="121.0958390">
<ele>2196.47</ele>
<time>2023-03-19T04:06:05Z</time>
</trkpt>
<trkpt lat="24.4702861" lon="121.0958928">
<ele>2200.77</ele>
<time>2023-03-19T04:06:19Z</time>
</trkpt>
<trkpt lat="24.4703286" lon="121.0959207">
<ele>2201.33</ele>
<time>2023-03-19T04:06:33Z</time>
</trkpt>
<trkpt lat="24.4703673" lon="121.0959697">
<ele>2202.28</ele>
<time>2023-03-19T04:06:41Z</time>
</trkpt>
<trkpt lat="24.4704198" lon="121.0960043">
<ele>2202.38</ele>
<time>2023-03-19T04:06:47Z</time>
</trkpt>
<trkpt lat="24.4704659" lon="121.0960428">
<ele>2201.89</ele>
<time>2023-03-19T04:06:53Z</time>
</trkpt>
<trkpt lat="24.4705259" lon="121.0960490">
<ele>2201.60</ele>
<time>2023-03-19T04:06:59Z</time>
</trkpt>
<trkpt lat="24.4705851" lon="121.0960789">
<ele>2201.35</ele>
<time>2023-03-19T04:07:05Z</time>
</trkpt>
<trkpt lat="24.4706296" lon="121.0961163">
<ele>2201.10</ele>
<time>2023-03-19T04:07:11Z</time>
</trkpt>
<trkpt lat="24.4706766" lon="121.0961599">
<ele>2200.54</ele>
<time>2023-03-19T04:07:17Z</time>
</trkpt>
<trkpt lat="24.4707147" lon="121.0961889">
<ele>2202.25</ele>
<time>2023-03-19T04:07:21Z</time>
</trkpt>
<trkpt lat="24.4707770" lon="121.0962205">
<ele>2202.49</ele>
<time>2023-03-19T04:07:27Z</time>
</trkpt>
<trkpt lat="24.4708279" lon="121.0962280">
<ele>2200.42</ele>
<time>2023-03-19T04:07:31Z</time>
</trkpt>
<trkpt lat="24.4708687" lon="121.0962503">
<ele>2203.56</ele>
<time>2023-03-19T04:07:35Z</time>
</trkpt>
<trkpt lat="24.4709108" lon="121.0962775">
<ele>2203.70</ele>
<time>2023-03-19T04:07:39Z</time>
</trkpt>
<trkpt lat="24.4709373" lon="121.0963183">
<ele>2201.57</ele>
<time>2023-03-19T04:07:43Z</time>
</trkpt>
<trkpt lat="24.4709460" lon="121.0963714">
<ele>2202.46</ele>
<time>2023-03-19T04:08:37Z</time>
</trkpt>
<trkpt lat="24.4709676" lon="121.0964315">
<ele>2200.19</ele>
<time>2023-03-19T04:08:45Z</time>
</trkpt>
<trkpt lat="24.4709763" lon="121.0964947">
<ele>2199.77</ele>
<time>2023-03-19T04:08:51Z</time>
</trkpt>
<trkpt lat="24.4709837" lon="121.0965592">
<ele>2198.92</ele>
<time>2023-03-19T04:08:57Z</time>
</trkpt>
<trkpt lat="24.4709883" lon="121.0966124">
<ele>2199.17</ele>
<time>2023-03-19T04:09:01Z</time>
</trkpt>
<trkpt lat="24.4709955" lon="121.0966706">
<ele>2199.78</ele>
<time>2023-03-19T04:09:07Z</time>
</trkpt>
<trkpt lat="24.4710299" lon="121.0967262">
<ele>2201.22</ele>
<time>2023-03-19T04:09:13Z</time>
</trkpt>
<trkpt lat="24.4710530" lon="121.0967904">
<ele>2199.83</ele>
<time>2023-03-19T04:09:19Z</time>
</trkpt>
<trkpt lat="24.4711029" lon="121.0968305">
<ele>2196.95</ele>
<time>2023-03-19T04:09:25Z</time>
</trkpt>
<trkpt lat="24.4711421" lon="121.0968547">
<ele>2195.93</ele>
<time>2023-03-19T04:09:29Z</time>
</trkpt>
<trkpt lat="24.4711834" lon="121.0969090">
<ele>2193.83</ele>
<time>2023-03-19T04:09:35Z</time>
</trkpt>
<trkpt lat="24.4712423" lon="121.0969576">
<ele>2194.03</ele>
<time>2023-03-19T04:09:41Z</time>
</trkpt>
<trkpt lat="24.4712693" lon="121.0969994">
<ele>2194.88</ele>
<time>2023-03-19T04:09:45Z</time>
</trkpt>
<trkpt lat="24.4713086" lon="121.0970418">
<ele>2196.00</ele>
<time>2023-03-19T04:09:51Z</time>
</trkpt>
<trkpt lat="24.4713458" lon="121.0970754">
<ele>2196.90</ele>
<time>2023-03-19T04:09:55Z</time>
</trkpt>
<trkpt lat="24.4713947" lon="121.0970965">
<ele>2198.19</ele>
<time>2023-03-19T04:09:59Z</time>
</trkpt>
<trkpt lat="24.4714475" lon="121.0971271">
<ele>2201.39</ele>
<time>2023-03-19T04:10:03Z</time>
</trkpt>
<trkpt lat="24.4714853" lon="121.0971553">
<ele>2200.98</ele>
<time>2023-03-19T04:10:07Z</time>
</trkpt>
<trkpt lat="24.4715154" lon="121.0972134">
<ele>2200.55</ele>
<time>2023-03-19T04:10:13Z</time>
</trkpt>
<trkpt lat="24.4715456" lon="121.0972705">
<ele>2199.87</ele>
<time>2023-03-19T04:10:19Z</time>
</trkpt>
<trkpt lat="24.4715951" lon="121.0973021">
<ele>2199.35</ele>
<time>2023-03-19T04:10:25Z</time>
</trkpt>
<trkpt lat="24.4716276" lon="121.0973568">
<ele>2197.60</ele>
<time>2023-03-19T04:10:31Z</time>
</trkpt>
<trkpt lat="24.4716597" lon="121.0973992">
<ele>2197.57</ele>
<time>2023-03-19T04:10:39Z</time>
</trkpt>
<trkpt lat="24.4716786" lon="121.0974441">
<ele>2194.03</ele>
<time>2023-03-19T04:10:45Z</time>
</trkpt>
<trkpt lat="24.4716991" lon="121.0974923">
<ele>2195.39</ele>
<time>2023-03-19T04:10:49Z</time>
</trkpt>
<trkpt lat="24.4717314" lon="121.0975398">
<ele>2194.90</ele>
<time>2023-03-19T04:10:53Z</time>
</trkpt>
<trkpt lat="24.4717622" lon="121.0975886">
<ele>2193.34</ele>
<time>2023-03-19T04:10:57Z</time>
</trkpt>
<trkpt lat="24.4717813" lon="121.0976360">
<ele>2192.05</ele>
<time>2023-03-19T04:11:01Z</time>
</trkpt>
<trkpt lat="24.4718338" lon="121.0976898">
<ele>2193.63</ele>
<time>2023-03-19T04:11:07Z</time>
</trkpt>
<trkpt lat="24.4718577" lon="121.0977400">
<ele>2196.05</ele>
<time>2023-03-19T04:11:25Z</time>
</trkpt>
<trkpt lat="24.4718890" lon="121.0978047">
<ele>2193.39</ele>
<time>2023-03-19T04:11:31Z</time>
</trkpt>
<trkpt lat="24.4718908" lon="121.0978543">
<ele>2194.06</ele>
<time>2023-03-19T04:11:35Z</time>
</trkpt>
<trkpt lat="24.4719113" lon="121.0979124">
<ele>2192.41</ele>
<time>2023-03-19T04:11:41Z</time>
</trkpt>
<trkpt lat="24.4719386" lon="121.0979616">
<ele>2191.65</ele>
<time>2023-03-19T04:11:49Z</time>
</trkpt>
<trkpt lat="24.4719811" lon="121.0979802">
<ele>2191.47</ele>
<time>2023-03-19T04:11:59Z</time>
</trkpt>
<trkpt lat="24.4719905" lon="121.0979255">
<ele>2193.51</ele>
<time>2023-03-19T04:12:15Z</time>
</trkpt>
<trkpt lat="24.4719882" lon="121.0978715">
<ele>2198.97</ele>
<time>2023-03-19T04:12:43Z</time>
</trkpt>
<trkpt lat="24.4719871" lon="121.0978159">
<ele>2197.74</ele>
<time>2023-03-19T04:12:53Z</time>
</trkpt>
<trkpt lat="24.4720078" lon="121.0977484">
<ele>2202.85</ele>
<time>2023-03-19T04:13:01Z</time>
</trkpt>
<trkpt lat="24.4720208" lon="121.0976954">
<ele>2203.79</ele>
<time>2023-03-19T04:13:13Z</time>
</trkpt>
<trkpt lat="24.4720778" lon="121.0976886">
<ele>2204.79</ele>
<time>2023-03-19T04:13:21Z</time>
</trkpt>
<trkpt lat="24.4721382" lon="121.0976866">
<ele>2207.25</ele>
<time>2023-03-19T04:13:31Z</time>
</trkpt>
<trkpt lat="24.4721825" lon="121.0976699">
<ele>2208.64</ele>
<time>2023-03-19T04:13:39Z</time>
</trkpt>
<trkpt lat="24.4722271" lon="121.0976627">
<ele>2208.46</ele>
<time>2023-03-19T04:13:45Z</time>
</trkpt>
<trkpt lat="24.4722277" lon="121.0976131">
<ele>2207.69</ele>
<time>2023-03-19T04:14:03Z</time>
</trkpt>
<trkpt lat="24.4722483" lon="121.0975627">
<ele>2205.31</ele>
<time>2023-03-19T04:14:21Z</time>
</trkpt>
<trkpt lat="24.4722987" lon="121.0975332">
<ele>2200.23</ele>
<time>2023-03-19T04:14:47Z</time>
</trkpt>
<trkpt lat="24.4723435" lon="121.0975135">
<ele>2200.69</ele>
<time>2023-03-19T04:14:53Z</time>
</trkpt>
<trkpt lat="24.4723871" lon="121.0975264">
<ele>2200.01</ele>
<time>2023-03-19T04:15:01Z</time>
</trkpt>
<trkpt lat="24.4724098" lon="121.0975801">
<ele>2185.60</ele>
<time>2023-03-19T04:15:43Z</time>
</trkpt>
<trkpt lat="24.4724581" lon="121.0975892">
<ele>2186.67</ele>
<time>2023-03-19T04:15:53Z</time>
</trkpt>
<trkpt lat="24.4724983" lon="121.0975532">
<ele>2184.51</ele>
<time>2023-03-19T04:16:01Z</time>
</trkpt>
<trkpt lat="24.4725463" lon="121.0975131">
<ele>2185.10</ele>
<time>2023-03-19T04:16:09Z</time>
</trkpt>
<trkpt lat="24.4725923" lon="121.0974913">
<ele>2186.68</ele>
<time>2023-03-19T04:16:15Z</time>
</trkpt>
<trkpt lat="24.4726094" lon="121.0974332">
<ele>2181.84</ele>
<time>2023-03-19T04:16:27Z</time>
</trkpt>
<trkpt lat="24.4726469" lon="121.0973996">
<ele>2180.67</ele>
<time>2023-03-19T04:16:35Z</time>
</trkpt>
<trkpt lat="24.4726925" lon="121.0974179">
<ele>2178.02</ele>
<time>2023-03-19T04:16:41Z</time>
</trkpt>
<trkpt lat="24.4727186" lon="121.0973607">
<ele>2170.47</ele>
<time>2023-03-19T04:17:07Z</time>
</trkpt>
<trkpt lat="24.4727724" lon="121.0973834">
<ele>2167.14</ele>
<time>2023-03-19T04:17:15Z</time>
</trkpt>
<trkpt lat="24.4728242" lon="121.0973802">
<ele>2166.37</ele>
<time>2023-03-19T04:17:23Z</time>
</trkpt>
<trkpt lat="24.4728807" lon="121.0973735">
<ele>2163.74</ele>
<time>2023-03-19T04:17:37Z</time>
</trkpt>
<trkpt lat="24.4729304" lon="121.0973649">
<ele>2157.44</ele>
<time>2023-03-19T04:18:00Z</time>
</trkpt>
<trkpt lat="24.4729751" lon="121.0973458">
<ele>2155.00</ele>
<time>2023-03-19T04:18:07Z</time>
</trkpt>
<trkpt lat="24.4730183" lon="121.0973211">
<ele>2152.88</ele>
<time>2023-03-19T04:18:20Z</time>
</trkpt>
<trkpt lat="24.4730309" lon="121.0972732">
<ele>2151.95</ele>
<time>2023-03-19T04:18:27Z</time>
</trkpt>
<trkpt lat="24.4730554" lon="121.0972121">
<ele>2150.57</ele>
<time>2023-03-19T04:18:39Z</time>
</trkpt>
<trkpt lat="24.4730993" lon="121.0972273">
<ele>2144.18</ele>
<time>2023-03-19T04:18:51Z</time>
</trkpt>
<trkpt lat="24.4731401" lon="121.0971947">
<ele>2143.91</ele>
<time>2023-03-19T04:19:01Z</time>
</trkpt>
<trkpt lat="24.4731854" lon="121.0972038">
<ele>2141.67</ele>
<time>2023-03-19T04:19:12Z</time>
</trkpt>
<trkpt lat="24.4732329" lon="121.0971910">
<ele>2136.53</ele>
<time>2023-03-19T04:19:33Z</time>
</trkpt>
<trkpt lat="24.4732824" lon="121.0972102">
<ele>2125.85</ele>
<time>2023-03-19T04:20:08Z</time>
</trkpt>
<trkpt lat="24.4732977" lon="121.0971286">
<ele>2125.12</ele>
<time>2023-03-19T04:20:22Z</time>
</trkpt>
<trkpt lat="24.4732737" lon="121.0971866">
<ele>2125.06</ele>
<time>2023-03-19T04:21:54Z</time>
</trkpt>
<trkpt lat="24.4732813" lon="121.0972577">
<ele>2124.57</ele>
<time>2023-03-19T04:22:00Z</time>
</trkpt>
<trkpt lat="24.4733034" lon="121.0973293">
<ele>2124.96</ele>
<time>2023-03-19T04:22:06Z</time>
</trkpt>
<trkpt lat="24.4733363" lon="121.0973693">
<ele>2123.80</ele>
<time>2023-03-19T04:22:12Z</time>
</trkpt>
<trkpt lat="24.4733684" lon="121.0974190">
<ele>2124.00</ele>
<time>2023-03-19T04:22:18Z</time>
</trkpt>
<trkpt lat="24.4733827" lon="121.0974713">
<ele>2122.36</ele>
<time>2023-03-19T04:22:24Z</time>
</trkpt>
<trkpt lat="24.4734095" lon="121.0975262">
<ele>2122.56</ele>
<time>2023-03-19T04:22:30Z</time>
</trkpt>
<trkpt lat="24.4734373" lon="121.0975727">
<ele>2121.33</ele>
<time>2023-03-19T04:22:36Z</time>
</trkpt>
<trkpt lat="24.4734632" lon="121.0976225">
<ele>2122.08</ele>
<time>2023-03-19T04:22:42Z</time>
</trkpt>
<trkpt lat="24.4735221" lon="121.0976489">
<ele>2121.88</ele>
<time>2023-03-19T04:22:48Z</time>
</trkpt>
<trkpt lat="24.4735718" lon="121.0976855">
<ele>2122.32</ele>
<time>2023-03-19T04:22:54Z</time>
</trkpt>
<trkpt lat="24.4736233" lon="121.0977186">
<ele>2123.05</ele>
<time>2023-03-19T04:23:00Z</time>
</trkpt>
<trkpt lat="24.4736760" lon="121.0977358">
<ele>2123.62</ele>
<time>2023-03-19T04:23:06Z</time>
</trkpt>
<trkpt lat="24.4737208" lon="121.0977432">
<ele>2123.70</ele>
<time>2023-03-19T04:23:10Z</time>
</trkpt>
<trkpt lat="24.4737682" lon="121.0977476">
<ele>2123.19</ele>
<time>2023-03-19T04:23:16Z</time>
</trkpt>
<trkpt lat="24.4738202" lon="121.0977606">
<ele>2122.90</ele>
<time>2023-03-19T04:23:22Z</time>
</trkpt>
<trkpt lat="24.4738812" lon="121.0977789">
<ele>2122.83</ele>
<time>2023-03-19T04:23:28Z</time>
</trkpt>
<trkpt lat="24.4739272" lon="121.0978252">
<ele>2121.12</ele>
<time>2023-03-19T04:23:34Z</time>
</trkpt>
<trkpt lat="24.4739785" lon="121.0978497">
<ele>2120.56</ele>
<time>2023-03-19T04:23:40Z</time>
</trkpt>
<trkpt lat="24.4740040" lon="121.0978973">
<ele>2120.14</ele>
<time>2023-03-19T04:23:54Z</time>
</trkpt>
<trkpt lat="24.4740291" lon="121.0979436">
<ele>2118.98</ele>
<time>2023-03-19T04:24:02Z</time>
</trkpt>
<trkpt lat="24.4740697" lon="121.0979715">
<ele>2118.46</ele>
<time>2023-03-19T04:24:08Z</time>
</trkpt>
<trkpt lat="24.4741132" lon="121.0979841">
<ele>2118.19</ele>
<time>2023-03-19T04:24:14Z</time>
</trkpt>
<trkpt lat="24.4741603" lon="121.0979550">
<ele>2117.20</ele>
<time>2023-03-19T04:24:24Z</time>
</trkpt>
<trkpt lat="24.4742019" lon="121.0979851">
<ele>2118.19</ele>
<time>2023-03-19T04:24:32Z</time>
</trkpt>
<trkpt lat="24.4742390" lon="121.0980161">
<ele>2119.46</ele>
<time>2023-03-19T04:24:38Z</time>
</trkpt>
<trkpt lat="24.4742911" lon="121.0980284">
<ele>2119.09</ele>
<time>2023-03-19T04:24:44Z</time>
</trkpt>
<trkpt lat="24.4743538" lon="121.0980276">
<ele>2120.21</ele>
<time>2023-03-19T04:24:50Z</time>
</trkpt>
<trkpt lat="24.4744119" lon="121.0980190">
<ele>2115.71</ele>
<time>2023-03-19T04:25:02Z</time>
</trkpt>
<trkpt lat="24.4744510" lon="121.0979934">
<ele>2114.11</ele>
<time>2023-03-19T04:25:16Z</time>
</trkpt>
<trkpt lat="24.4744979" lon="121.0979861">
<ele>2112.54</ele>
<time>2023-03-19T04:25:22Z</time>
</trkpt>
<trkpt lat="24.4745598" lon="121.0979694">
<ele>2113.05</ele>
<time>2023-03-19T04:25:28Z</time>
</trkpt>
<trkpt lat="24.4746081" lon="121.0979512">
<ele>2112.08</ele>
<time>2023-03-19T04:25:34Z</time>
</trkpt>
<trkpt lat="24.4746622" lon="121.0979228">
<ele>2112.46</ele>
<time>2023-03-19T04:25:40Z</time>
</trkpt>
<trkpt lat="24.4747144" lon="121.0978949">
<ele>2112.53</ele>
<time>2023-03-19T04:25:46Z</time>
</trkpt>
<trkpt lat="24.4747532" lon="121.0978539">
<ele>2113.59</ele>
<time>2023-03-19T04:25:52Z</time>
</trkpt>
<trkpt lat="24.4747644" lon="121.0978008">
<ele>2113.39</ele>
<time>2023-03-19T04:25:58Z</time>
</trkpt>
<trkpt lat="24.4748158" lon="121.0977986">
<ele>2115.07</ele>
<time>2023-03-19T04:26:04Z</time>
</trkpt>
<trkpt lat="24.4748612" lon="121.0978191">
<ele>2115.19</ele>
<time>2023-03-19T04:26:10Z</time>
</trkpt>
<trkpt lat="24.4749110" lon="121.0978541">
<ele>2115.08</ele>
<time>2023-03-19T04:26:16Z</time>
</trkpt>
<trkpt lat="24.4749611" lon="121.0978845">
<ele>2114.80</ele>
<time>2023-03-19T04:26:22Z</time>
</trkpt>
<trkpt lat="24.4750046" lon="121.0979289">
<ele>2113.99</ele>
<time>2023-03-19T04:26:28Z</time>
</trkpt>
<trkpt lat="24.4750305" lon="121.0979843">
<ele>2113.85</ele>
<time>2023-03-19T04:26:34Z</time>
</trkpt>
<trkpt lat="24.4750517" lon="121.0980500">
<ele>2114.29</ele>
<time>2023-03-19T04:26:40Z</time>
</trkpt>
<trkpt lat="24.4750593" lon="121.0981145">
<ele>2114.41</ele>
<time>2023-03-19T04:26:46Z</time>
</trkpt>
<trkpt lat="24.4750844" lon="121.0981752">
<ele>2114.64</ele>
<time>2023-03-19T04:26:52Z</time>
</trkpt>
<trkpt lat="24.4750605" lon="121.0982276">
<ele>2115.08</ele>
<time>2023-03-19T04:26:58Z</time>
</trkpt>
<trkpt lat="24.4750592" lon="121.0982862">
<ele>2114.21</ele>
<time>2023-03-19T04:27:04Z</time>
</trkpt>
<trkpt lat="24.4750593" lon="121.0983452">
<ele>2113.83</ele>
<time>2023-03-19T04:27:10Z</time>
</trkpt>
<trkpt lat="24.4750850" lon="121.0984029">
<ele>2113.15</ele>
<time>2023-03-19T04:27:16Z</time>
</trkpt>
<trkpt lat="24.4751027" lon="121.0984592">
<ele>2112.89</ele>
<time>2023-03-19T04:27:22Z</time>
</trkpt>
<trkpt lat="24.4751280" lon="121.0985173">
<ele>2112.44</ele>
<time>2023-03-19T04:27:28Z</time>
</trkpt>
<trkpt lat="24.4751581" lon="121.0985726">
<ele>2112.45</ele>
<time>2023-03-19T04:27:34Z</time>
</trkpt>
<trkpt lat="24.4751774" lon="121.0986294">
<ele>2112.24</ele>
<time>2023-03-19T04:27:40Z</time>
</trkpt>
<trkpt lat="24.4751906" lon="121.0986774">
<ele>2109.92</ele>
<time>2023-03-19T04:27:46Z</time>
</trkpt>
<trkpt lat="24.4752460" lon="121.0987080">
<ele>2111.74</ele>
<time>2023-03-19T04:27:54Z</time>
</trkpt>
<trkpt lat="24.4753003" lon="121.0987203">
<ele>2113.15</ele>
<time>2023-03-19T04:27:58Z</time>
</trkpt>
<trkpt lat="24.4753394" lon="121.0987545">
<ele>2115.40</ele>
<time>2023-03-19T04:28:02Z</time>
</trkpt>
<trkpt lat="24.4753917" lon="121.0987531">
<ele>2114.87</ele>
<time>2023-03-19T04:28:08Z</time>
</trkpt>
<trkpt lat="24.4754437" lon="121.0987587">
<ele>2115.06</ele>
<time>2023-03-19T04:28:14Z</time>
</trkpt>
<trkpt lat="24.4754513" lon="121.0988170">
<ele>2115.81</ele>
<time>2023-03-19T04:28:22Z</time>
</trkpt>
<trkpt lat="24.4754744" lon="121.0988738">
<ele>2114.85</ele>
<time>2023-03-19T04:28:36Z</time>
</trkpt>
<trkpt lat="24.4755159" lon="121.0989011">
<ele>2114.26</ele>
<time>2023-03-19T04:28:42Z</time>
</trkpt>
<trkpt lat="24.4755582" lon="121.0989485">
<ele>2113.03</ele>
<time>2023-03-19T04:28:48Z</time>
</trkpt>
<trkpt lat="24.4756051" lon="121.0989865">
<ele>2113.64</ele>
<time>2023-03-19T04:28:54Z</time>
</trkpt>
<trkpt lat="24.4756356" lon="121.0990316">
<ele>2112.07</ele>
<time>2023-03-19T04:29:00Z</time>
</trkpt>
<trkpt lat="24.4756849" lon="121.0990444">
<ele>2111.15</ele>
<time>2023-03-19T04:29:06Z</time>
</trkpt>
<trkpt lat="24.4757301" lon="121.0990526">
<ele>2108.62</ele>
<time>2023-03-19T04:29:12Z</time>
</trkpt>
<trkpt lat="24.4758007" lon="121.0990652">
<ele>2108.24</ele>
<time>2023-03-19T04:29:20Z</time>
</trkpt>
<trkpt lat="24.4758447" lon="121.0990953">
<ele>2106.41</ele>
<time>2023-03-19T04:29:32Z</time>
</trkpt>
<trkpt lat="24.4758916" lon="121.0991053">
<ele>2107.16</ele>
<time>2023-03-19T04:29:38Z</time>
</trkpt>
<trkpt lat="24.4759365" lon="121.0991457">
<ele>2108.63</ele>
<time>2023-03-19T04:29:44Z</time>
</trkpt>
<trkpt lat="24.4759616" lon="121.0991917">
<ele>2107.76</ele>
<time>2023-03-19T04:29:50Z</time>
</trkpt>
<trkpt lat="24.4759847" lon="121.0992407">
<ele>2109.60</ele>
<time>2023-03-19T04:29:56Z</time>
</trkpt>
<trkpt lat="24.4760057" lon="121.0992940">
<ele>2107.92</ele>
<time>2023-03-19T04:30:02Z</time>
</trkpt>
<trkpt lat="24.4760444" lon="121.0993318">
<ele>2109.68</ele>
<time>2023-03-19T04:30:08Z</time>
</trkpt>
<trkpt lat="24.4760925" lon="121.0993560">
<ele>2109.40</ele>
<time>2023-03-19T04:30:16Z</time>
</trkpt>
<trkpt lat="24.4761543" lon="121.0993575">
<ele>2110.16</ele>
<time>2023-03-19T04:30:24Z</time>
</trkpt>
<trkpt lat="24.4762111" lon="121.0993605">
<ele>2110.36</ele>
<time>2023-03-19T04:30:34Z</time>
</trkpt>
<trkpt lat="24.4762564" lon="121.0993720">
<ele>2110.49</ele>
<time>2023-03-19T04:30:46Z</time>
</trkpt>
<trkpt lat="24.4762983" lon="121.0993422">
<ele>2111.67</ele>
<time>2023-03-19T04:31:00Z</time>
</trkpt>
<trkpt lat="24.4763446" lon="121.0993394">
<ele>2110.90</ele>
<time>2023-03-19T04:31:18Z</time>
</trkpt>
<trkpt lat="24.4763953" lon="121.0993398">
<ele>2109.91</ele>
<time>2023-03-19T04:31:28Z</time>
</trkpt>
<trkpt lat="24.4764391" lon="121.0993612">
<ele>2108.03</ele>
<time>2023-03-19T04:31:46Z</time>
</trkpt>
<trkpt lat="24.4764833" lon="121.0993894">
<ele>2108.33</ele>
<time>2023-03-19T04:31:54Z</time>
</trkpt>
<trkpt lat="24.4765158" lon="121.0994514">
<ele>2106.94</ele>
<time>2023-03-19T04:32:08Z</time>
</trkpt>
<trkpt lat="24.4765400" lon="121.0995001">
<ele>2107.46</ele>
<time>2023-03-19T04:32:18Z</time>
</trkpt>
<trkpt lat="24.4765808" lon="121.0995242">
<ele>2107.83</ele>
<time>2023-03-19T04:32:24Z</time>
</trkpt>
<trkpt lat="24.4766171" lon="121.0995719">
<ele>2108.86</ele>
<time>2023-03-19T04:32:32Z</time>
</trkpt>
<trkpt lat="24.4766441" lon="121.0996228">
<ele>2109.32</ele>
<time>2023-03-19T04:32:38Z</time>
</trkpt>
<trkpt lat="24.4766772" lon="121.0996764">
<ele>2110.21</ele>
<time>2023-03-19T04:32:44Z</time>
</trkpt>
<trkpt lat="24.4767061" lon="121.0997190">
<ele>2110.20</ele>
<time>2023-03-19T04:32:50Z</time>
</trkpt>
<trkpt lat="24.4767054" lon="121.0997847">
<ele>2110.49</ele>
<time>2023-03-19T04:33:00Z</time>
</trkpt>
<trkpt lat="24.4766795" lon="121.0998396">
<ele>2110.65</ele>
<time>2023-03-19T04:33:08Z</time>
</trkpt>
<trkpt lat="24.4766809" lon="121.0998993">
<ele>2111.33</ele>
<time>2023-03-19T04:33:18Z</time>
</trkpt>
<trkpt lat="24.4766526" lon="121.0999561">
<ele>2113.07</ele>
<time>2023-03-19T04:33:28Z</time>
</trkpt>
<trkpt lat="24.4766553" lon="121.1000135">
<ele>2113.84</ele>
<time>2023-03-19T04:33:34Z</time>
</trkpt>
<trkpt lat="24.4766268" lon="121.1000556">
<ele>2110.02</ele>
<time>2023-03-19T04:33:44Z</time>
</trkpt>
<trkpt lat="24.4766178" lon="121.1001165">
<ele>2108.69</ele>
<time>2023-03-19T04:33:52Z</time>
</trkpt>
<trkpt lat="24.4766407" lon="121.1001714">
<ele>2107.52</ele>
<time>2023-03-19T04:34:00Z</time>
</trkpt>
<trkpt lat="24.4766736" lon="121.1002206">
<ele>2108.96</ele>
<time>2023-03-19T04:34:08Z</time>
</trkpt>
<trkpt lat="24.4767226" lon="121.1002440">
<ele>2109.00</ele>
<time>2023-03-19T04:34:16Z</time>
</trkpt>
<trkpt lat="24.4767590" lon="121.1002140">
<ele>2109.63</ele>
<time>2023-03-19T04:34:30Z</time>
</trkpt>
<trkpt lat="24.4767001" lon="121.1002186">
<ele>2107.95</ele>
<time>2023-03-19T04:34:34Z</time>
</trkpt>
<trkpt lat="24.4767526" lon="121.1002335">
<ele>2108.84</ele>
<time>2023-03-19T04:35:04Z</time>
</trkpt>
<trkpt lat="24.4767947" lon="121.1002547">
<ele>2108.35</ele>
<time>2023-03-19T04:35:10Z</time>
</trkpt>
<trkpt lat="24.4768401" lon="121.1002827">
<ele>2108.17</ele>
<time>2023-03-19T04:35:18Z</time>
</trkpt>
<trkpt lat="24.4768907" lon="121.1003169">
<ele>2107.36</ele>
<time>2023-03-19T04:35:26Z</time>
</trkpt>
<trkpt lat="24.4769278" lon="121.1003608">
<ele>2107.18</ele>
<time>2023-03-19T04:35:32Z</time>
</trkpt>
<trkpt lat="24.4769561" lon="121.1004158">
<ele>2107.54</ele>
<time>2023-03-19T04:35:38Z</time>
</trkpt>
<trkpt lat="24.4769678" lon="121.1004750">
<ele>2107.63</ele>
<time>2023-03-19T04:35:44Z</time>
</trkpt>
<trkpt lat="24.4769673" lon="121.1005398">
<ele>2107.17</ele>
<time>2023-03-19T04:35:50Z</time>
</trkpt>
<trkpt lat="24.4769391" lon="121.1005914">
<ele>2104.93</ele>
<time>2023-03-19T04:35:56Z</time>
</trkpt>
<trkpt lat="24.4768889" lon="121.1006388">
<ele>2102.86</ele>
<time>2023-03-19T04:36:02Z</time>
</trkpt>
<trkpt lat="24.4768497" lon="121.1006840">
<ele>2101.29</ele>
<time>2023-03-19T04:36:12Z</time>
</trkpt>
<trkpt lat="24.4768996" lon="121.1007089">
<ele>2098.83</ele>
<time>2023-03-19T04:36:22Z</time>
</trkpt>
<trkpt lat="24.4769488" lon="121.1007384">
<ele>2100.16</ele>
<time>2023-03-19T04:36:30Z</time>
</trkpt>
<trkpt lat="24.4769948" lon="121.1007816">
<ele>2101.49</ele>
<time>2023-03-19T04:36:38Z</time>
</trkpt>
<trkpt lat="24.4770485" lon="121.1007734">
<ele>2101.51</ele>
<time>2023-03-19T04:36:44Z</time>
</trkpt>
<trkpt lat="24.4771083" lon="121.1007698">
<ele>2104.19</ele>
<time>2023-03-19T04:36:48Z</time>
</trkpt>
<trkpt lat="24.4771471" lon="121.1007997">
<ele>2105.23</ele>
<time>2023-03-19T04:36:54Z</time>
</trkpt>
<trkpt lat="24.4771895" lon="121.1008347">
<ele>2105.29</ele>
<time>2023-03-19T04:37:00Z</time>
</trkpt>
<trkpt lat="24.4772298" lon="121.1008805">
<ele>2105.58</ele>
<time>2023-03-19T04:37:08Z</time>
</trkpt>
<trkpt lat="24.4772752" lon="121.1008933">
<ele>2107.13</ele>
<time>2023-03-19T04:37:12Z</time>
</trkpt>
<trkpt lat="24.4773198" lon="121.1009407">
<ele>2109.29</ele>
<time>2023-03-19T04:37:18Z</time>
</trkpt>
<trkpt lat="24.4773191" lon="121.1009969">
<ele>2108.88</ele>
<time>2023-03-19T04:37:24Z</time>
</trkpt>
<trkpt lat="24.4773606" lon="121.1010342">
<ele>2107.43</ele>
<time>2023-03-19T04:37:32Z</time>
</trkpt>
<trkpt lat="24.4773856" lon="121.1010770">
<ele>2107.04</ele>
<time>2023-03-19T04:37:38Z</time>
</trkpt>
<trkpt lat="24.4774128" lon="121.1011374">
<ele>2107.22</ele>
<time>2023-03-19T04:37:46Z</time>
</trkpt>
<trkpt lat="24.4774319" lon="121.1011864">
<ele>2106.85</ele>
<time>2023-03-19T04:37:56Z</time>
</trkpt>
<trkpt lat="24.4774625" lon="121.1012335">
<ele>2106.03</ele>
<time>2023-03-19T04:38:02Z</time>
</trkpt>
<trkpt lat="24.4774978" lon="121.1012868">
<ele>2106.71</ele>
<time>2023-03-19T04:38:08Z</time>
</trkpt>
<trkpt lat="24.4775430" lon="121.1013122">
<ele>2106.26</ele>
<time>2023-03-19T04:38:14Z</time>
</trkpt>
<trkpt lat="24.4775881" lon="121.1013499">
<ele>2106.37</ele>
<time>2023-03-19T04:38:20Z</time>
</trkpt>
<trkpt lat="24.4776343" lon="121.1013855">
<ele>2106.36</ele>
<time>2023-03-19T04:38:26Z</time>
</trkpt>
<trkpt lat="24.4776720" lon="121.1014263">
<ele>2106.66</ele>
<time>2023-03-19T04:38:32Z</time>
</trkpt>
<trkpt lat="24.4777061" lon="121.1014657">
<ele>2105.51</ele>
<time>2023-03-19T04:38:38Z</time>
</trkpt>
<trkpt lat="24.4777373" lon="121.1015141">
<ele>2105.17</ele>
<time>2023-03-19T04:38:44Z</time>
</trkpt>
<trkpt lat="24.4777527" lon="121.1015699">
<ele>2104.17</ele>
<time>2023-03-19T04:38:50Z</time>
</trkpt>
<trkpt lat="24.4777674" lon="121.1016309">
<ele>2102.92</ele>
<time>2023-03-19T04:38:56Z</time>
</trkpt>
<trkpt lat="24.4777909" lon="121.1016902">
<ele>2102.20</ele>
<time>2023-03-19T04:39:02Z</time>
</trkpt>
<trkpt lat="24.4777976" lon="121.1017538">
<ele>2102.37</ele>
<time>2023-03-19T04:39:08Z</time>
</trkpt>
<trkpt lat="24.4778104" lon="121.1018163">
<ele>2099.94</ele>
<time>2023-03-19T04:39:14Z</time>
</trkpt>
<trkpt lat="24.4778436" lon="121.1018513">
<ele>2100.29</ele>
<time>2023-03-19T04:39:20Z</time>
</trkpt>
<trkpt lat="24.4778305" lon="121.1019263">
<ele>2100.70</ele>
<time>2023-03-19T04:39:30Z</time>
</trkpt>
<trkpt lat="24.4778002" lon="121.1019773">
<ele>2098.92</ele>
<time>2023-03-19T04:39:36Z</time>
</trkpt>
<trkpt lat="24.4778435" lon="121.1019977">
<ele>2097.99</ele>
<time>2023-03-19T04:39:52Z</time>
</trkpt>
<trkpt lat="24.4778851" lon="121.1020327">
<ele>2097.96</ele>
<time>2023-03-19T04:40:06Z</time>
</trkpt>
<trkpt lat="24.4779351" lon="121.1020553">
<ele>2098.93</ele>
<time>2023-03-19T04:40:16Z</time>
</trkpt>
<trkpt lat="24.4779847" lon="121.1020316">
<ele>2102.54</ele>
<time>2023-03-19T04:40:28Z</time>
</trkpt>
<trkpt lat="24.4780306" lon="121.1020296">
<ele>2103.54</ele>
<time>2023-03-19T04:40:38Z</time>
</trkpt>
<trkpt lat="24.4780871" lon="121.1020228">
<ele>2104.14</ele>
<time>2023-03-19T04:40:48Z</time>
</trkpt>
<trkpt lat="24.4780886" lon="121.1020841">
<ele>2099.25</ele>
<time>2023-03-19T04:41:12Z</time>
</trkpt>
<trkpt lat="24.4781286" lon="121.1021187">
<ele>2099.34</ele>
<time>2023-03-19T04:41:16Z</time>
</trkpt>
<trkpt lat="24.4781465" lon="121.1021681">
<ele>2099.19</ele>
<time>2023-03-19T04:41:22Z</time>
</trkpt>
<trkpt lat="24.4781976" lon="121.1021878">
<ele>2100.76</ele>
<time>2023-03-19T04:41:26Z</time>
</trkpt>
<trkpt lat="24.4782355" lon="121.1022237">
<ele>2100.17</ele>
<time>2023-03-19T04:41:32Z</time>
</trkpt>
<trkpt lat="24.4782810" lon="121.1022453">
<ele>2099.93</ele>
<time>2023-03-19T04:41:42Z</time>
</trkpt>
<trkpt lat="24.4783286" lon="121.1022434">
<ele>2100.04</ele>
<time>2023-03-19T04:41:48Z</time>
</trkpt>
<trkpt lat="24.4783855" lon="121.1022279">
<ele>2100.18</ele>
<time>2023-03-19T04:42:00Z</time>
</trkpt>
<trkpt lat="24.4784338" lon="121.1022149">
<ele>2099.15</ele>
<time>2023-03-19T04:42:08Z</time>
</trkpt>
<trkpt lat="24.4784913" lon="121.1021993">
<ele>2099.80</ele>
<time>2023-03-19T04:42:18Z</time>
</trkpt>
<trkpt lat="24.4785433" lon="121.1022027">
<ele>2100.60</ele>
<time>2023-03-19T04:42:26Z</time>
</trkpt>
<trkpt lat="24.4785791" lon="121.1022382">
<ele>2100.48</ele>
<time>2023-03-19T04:42:36Z</time>
</trkpt>
<trkpt lat="24.4786007" lon="121.1022937">
<ele>2097.85</ele>
<time>2023-03-19T04:42:46Z</time>
</trkpt>
<trkpt lat="24.4786276" lon="121.1023395">
<ele>2097.41</ele>
<time>2023-03-19T04:43:20Z</time>
</trkpt>
<trkpt lat="24.4786701" lon="121.1023632">
<ele>2098.56</ele>
<time>2023-03-19T04:43:44Z</time>
</trkpt>
<trkpt lat="24.4787146" lon="121.1023902">
<ele>2098.28</ele>
<time>2023-03-19T04:44:04Z</time>
</trkpt>
<trkpt lat="24.4787643" lon="121.1024123">
<ele>2097.85</ele>
<time>2023-03-19T04:44:14Z</time>
</trkpt>
<trkpt lat="24.4787727" lon="121.1024646">
<ele>2095.79</ele>
<time>2023-03-19T04:44:34Z</time>
</trkpt>
<trkpt lat="24.4788174" lon="121.1024869">
<ele>2096.37</ele>
<time>2023-03-19T04:44:56Z</time>
</trkpt>
<trkpt lat="24.4788614" lon="121.1025004">
<ele>2096.86</ele>
<time>2023-03-19T04:45:10Z</time>
</trkpt>
<trkpt lat="24.4788925" lon="121.1025482">
<ele>2093.65</ele>
<time>2023-03-19T04:45:22Z</time>
</trkpt>
<trkpt lat="24.4789329" lon="121.1025209">
<ele>2094.13</ele>
<time>2023-03-19T04:45:30Z</time>
</trkpt>
<trkpt lat="24.4789798" lon="121.1025177">
<ele>2094.33</ele>
<time>2023-03-19T04:45:38Z</time>
</trkpt>
<trkpt lat="24.4790389" lon="121.1025173">
<ele>2094.74</ele>
<time>2023-03-19T04:45:48Z</time>
</trkpt>
<trkpt lat="24.4790838" lon="121.1024982">
<ele>2094.99</ele>
<time>2023-03-19T04:45:54Z</time>
</trkpt>
<trkpt lat="24.4791381" lon="121.1024925">
<ele>2096.19</ele>
<time>2023-03-19T04:46:08Z</time>
</trkpt>
<trkpt lat="24.4791813" lon="121.1025105">
<ele>2096.76</ele>
<time>2023-03-19T04:46:14Z</time>
</trkpt>
<trkpt lat="24.4792365" lon="121.1025137">
<ele>2095.48</ele>
<time>2023-03-19T04:46:20Z</time>
</trkpt>
<trkpt lat="24.4792977" lon="121.1025174">
<ele>2096.16</ele>
<time>2023-03-19T04:46:26Z</time>
</trkpt>
<trkpt lat="24.4793601" lon="121.1025127">
<ele>2097.42</ele>
<time>2023-03-19T04:46:32Z</time>
</trkpt>
<trkpt lat="24.4794147" lon="121.1025041">
<ele>2101.20</ele>
<time>2023-03-19T04:46:38Z</time>
</trkpt>
<trkpt lat="24.4794685" lon="121.1024766">
<ele>2100.92</ele>
<time>2023-03-19T04:46:44Z</time>
</trkpt>
<trkpt lat="24.4795287" lon="121.1024631">
<ele>2097.56</ele>
<time>2023-03-19T04:46:50Z</time>
</trkpt>
<trkpt lat="24.4795756" lon="121.1024252">
<ele>2096.06</ele>
<time>2023-03-19T04:46:56Z</time>
</trkpt>
<trkpt lat="24.4796105" lon="121.1023782">
<ele>2095.56</ele>
<time>2023-03-19T04:47:02Z</time>
</trkpt>
<trkpt lat="24.4796370" lon="121.1023369">
<ele>2093.43</ele>
<time>2023-03-19T04:47:10Z</time>
</trkpt>
<trkpt lat="24.4796825" lon="121.1023313">
<ele>2093.66</ele>
<time>2023-03-19T04:47:16Z</time>
</trkpt>
<trkpt lat="24.4797303" lon="121.1023422">
<ele>2093.91</ele>
<time>2023-03-19T04:47:22Z</time>
</trkpt>
<trkpt lat="24.4797730" lon="121.1023877">
<ele>2094.46</ele>
<time>2023-03-19T04:47:30Z</time>
</trkpt>
<trkpt lat="24.4798350" lon="121.1023799">
<ele>2094.63</ele>
<time>2023-03-19T04:47:40Z</time>
</trkpt>
<trkpt lat="24.4798728" lon="121.1024069">
<ele>2094.24</ele>
<time>2023-03-19T04:47:52Z</time>
</trkpt>
<trkpt lat="24.4799153" lon="121.1024289">
<ele>2095.74</ele>
<time>2023-03-19T04:48:08Z</time>
</trkpt>
<trkpt lat="24.4799589" lon="121.1024526">
<ele>2098.51</ele>
<time>2023-03-19T04:48:20Z</time>
</trkpt>
<trkpt lat="24.4800027" lon="121.1024732">
<ele>2092.66</ele>
<time>2023-03-19T04:48:56Z</time>
</trkpt>
<trkpt lat="24.4800420" lon="121.1025021">
<ele>2085.73</ele>
<time>2023-03-19T04:49:16Z</time>
</trkpt>
<trkpt lat="24.4800926" lon="121.1024806">
<ele>2086.42</ele>
<time>2023-03-19T04:49:24Z</time>
</trkpt>
<trkpt lat="24.4801509" lon="121.1024685">
<ele>2087.62</ele>
<time>2023-03-19T04:49:34Z</time>
</trkpt>
<trkpt lat="24.4802004" lon="121.1024452">
<ele>2088.86</ele>
<time>2023-03-19T04:49:40Z</time>
</trkpt>
<trkpt lat="24.4802536" lon="121.1024460">
<ele>2087.56</ele>
<time>2023-03-19T04:49:48Z</time>
</trkpt>
<trkpt lat="24.4803042" lon="121.1024413">
<ele>2087.22</ele>
<time>2023-03-19T04:50:02Z</time>
</trkpt>
<trkpt lat="24.4803534" lon="121.1024451">
<ele>2086.62</ele>
<time>2023-03-19T04:50:10Z</time>
</trkpt>
<trkpt lat="24.4804068" lon="121.1024524">
<ele>2088.03</ele>
<time>2023-03-19T04:50:16Z</time>
</trkpt>
<trkpt lat="24.4804536" lon="121.1024616">
<ele>2088.44</ele>
<time>2023-03-19T04:50:22Z</time>
</trkpt>
<trkpt lat="24.4805068" lon="121.1024841">
<ele>2089.05</ele>
<time>2023-03-19T04:50:28Z</time>
</trkpt>
<trkpt lat="24.4805489" lon="121.1025152">
<ele>2089.35</ele>
<time>2023-03-19T04:50:34Z</time>
</trkpt>
<trkpt lat="24.4805965" lon="121.1025521">
<ele>2088.85</ele>
<time>2023-03-19T04:50:40Z</time>
</trkpt>
<trkpt lat="24.4806484" lon="121.1025949">
<ele>2089.27</ele>
<time>2023-03-19T04:50:46Z</time>
</trkpt>
<trkpt lat="24.4806917" lon="121.1026441">
<ele>2089.42</ele>
<time>2023-03-19T04:50:52Z</time>
</trkpt>
<trkpt lat="24.4807361" lon="121.1026804">
<ele>2089.17</ele>
<time>2023-03-19T04:50:58Z</time>
</trkpt>
<trkpt lat="24.4807789" lon="121.1027158">
<ele>2090.24</ele>
<time>2023-03-19T04:51:04Z</time>
</trkpt>
<trkpt lat="24.4808303" lon="121.1027359">
<ele>2093.47</ele>
<time>2023-03-19T04:51:24Z</time>
</trkpt>
<trkpt lat="24.4808752" lon="121.1027475">
<ele>2093.72</ele>
<time>2023-03-19T04:51:30Z</time>
</trkpt>
<trkpt lat="24.4809232" lon="121.1027623">
<ele>2093.14</ele>
<time>2023-03-19T04:51:38Z</time>
</trkpt>
<trkpt lat="24.4809747" lon="121.1027816">
<ele>2091.87</ele>
<time>2023-03-19T04:51:46Z</time>
</trkpt>
<trkpt lat="24.4810177" lon="121.1027666">
<ele>2091.62</ele>
<time>2023-03-19T04:51:52Z</time>
</trkpt>
<trkpt lat="24.4810905" lon="121.1027948">
<ele>2085.13</ele>
<time>2023-03-19T04:52:03Z</time>
</trkpt>
<trkpt lat="24.4811420" lon="121.1027941">
<ele>2080.83</ele>
<time>2023-03-19T04:52:10Z</time>
</trkpt>
<trkpt lat="24.4812112" lon="121.1027705">
<ele>2079.32</ele>
<time>2023-03-19T04:52:19Z</time>
</trkpt>
<trkpt lat="24.4812566" lon="121.1027579">
<ele>2078.76</ele>
<time>2023-03-19T04:52:25Z</time>
</trkpt>
<trkpt lat="24.4813040" lon="121.1027300">
<ele>2077.31</ele>
<time>2023-03-19T04:52:33Z</time>
</trkpt>
<trkpt lat="24.4813454" lon="121.1026993">
<ele>2077.26</ele>
<time>2023-03-19T04:52:39Z</time>
</trkpt>
<trkpt lat="24.4813785" lon="121.1026579">
<ele>2072.40</ele>
<time>2023-03-19T04:52:51Z</time>
</trkpt>
<trkpt lat="24.4814109" lon="121.1026121">
<ele>2070.72</ele>
<time>2023-03-19T04:53:01Z</time>
</trkpt>
<trkpt lat="24.4814366" lon="121.1025626">
<ele>2071.11</ele>
<time>2023-03-19T04:53:07Z</time>
</trkpt>
<trkpt lat="24.4814392" lon="121.1025023">
<ele>2072.11</ele>
<time>2023-03-19T04:53:13Z</time>
</trkpt>
<trkpt lat="24.4814553" lon="121.1024449">
<ele>2073.62</ele>
<time>2023-03-19T04:53:21Z</time>
</trkpt>
<trkpt lat="24.4815042" lon="121.1024655">
<ele>2079.62</ele>
<time>2023-03-19T04:53:39Z</time>
</trkpt>
<trkpt lat="24.4815501" lon="121.1024661">
<ele>2082.36</ele>
<time>2023-03-19T04:53:51Z</time>
</trkpt>
<trkpt lat="24.4815858" lon="121.1025138">
<ele>2081.88</ele>
<time>2023-03-19T04:53:59Z</time>
</trkpt>
<trkpt lat="24.4816035" lon="121.1025648">
<ele>2081.16</ele>
<time>2023-03-19T04:54:05Z</time>
</trkpt>
<trkpt lat="24.4816338" lon="121.1026057">
<ele>2082.31</ele>
<time>2023-03-19T04:54:11Z</time>
</trkpt>
<trkpt lat="24.4816660" lon="121.1026574">
<ele>2083.60</ele>
<time>2023-03-19T04:54:17Z</time>
</trkpt>
<trkpt lat="24.4816988" lon="121.1027080">
<ele>2085.51</ele>
<time>2023-03-19T04:54:23Z</time>
</trkpt>
<trkpt lat="24.4817267" lon="121.1027538">
<ele>2086.22</ele>
<time>2023-03-19T04:54:29Z</time>
</trkpt>
<trkpt lat="24.4817603" lon="121.1027962">
<ele>2087.92</ele>
<time>2023-03-19T04:54:35Z</time>
</trkpt>
<trkpt lat="24.4817724" lon="121.1028497">
<ele>2089.07</ele>
<time>2023-03-19T04:54:41Z</time>
</trkpt>
<trkpt lat="24.4817867" lon="121.1028989">
<ele>2088.21</ele>
<time>2023-03-19T04:54:53Z</time>
</trkpt>
<trkpt lat="24.4817670" lon="121.1029695">
<ele>2085.82</ele>
<time>2023-03-19T04:55:05Z</time>
</trkpt>
<trkpt lat="24.4818160" lon="121.1029808">
<ele>2086.14</ele>
<time>2023-03-19T04:55:35Z</time>
</trkpt>
<trkpt lat="24.4818559" lon="121.1030165">
<ele>2084.54</ele>
<time>2023-03-19T04:55:41Z</time>
</trkpt>
<trkpt lat="24.4819013" lon="121.1030357">
<ele>2087.09</ele>
<time>2023-03-19T04:56:03Z</time>
</trkpt>
<trkpt lat="24.4819464" lon="121.1030569">
<ele>2087.52</ele>
<time>2023-03-19T04:56:09Z</time>
</trkpt>
<trkpt lat="24.4819970" lon="121.1030607">
<ele>2084.87</ele>
<time>2023-03-19T04:56:19Z</time>
</trkpt>
<trkpt lat="24.4820480" lon="121.1030397">
<ele>2084.12</ele>
<time>2023-03-19T04:56:27Z</time>
</trkpt>
<trkpt lat="24.4820983" lon="121.1030642">
<ele>2082.96</ele>
<time>2023-03-19T04:56:39Z</time>
</trkpt>
<trkpt lat="24.4821211" lon="121.1030202">
<ele>2082.24</ele>
<time>2023-03-19T04:56:51Z</time>
</trkpt>
<trkpt lat="24.4821637" lon="121.1029823">
<ele>2079.57</ele>
<time>2023-03-19T04:56:59Z</time>
</trkpt>
<trkpt lat="24.4821808" lon="121.1029339">
<ele>2079.10</ele>
<time>2023-03-19T04:57:05Z</time>
</trkpt>
<trkpt lat="24.4822331" lon="121.1029058">
<ele>2079.81</ele>
<time>2023-03-19T04:57:13Z</time>
</trkpt>
<trkpt lat="24.4822820" lon="121.1028917">
<ele>2081.38</ele>
<time>2023-03-19T04:57:19Z</time>
</trkpt>
<trkpt lat="24.4823349" lon="121.1028689">
<ele>2085.23</ele>
<time>2023-03-19T04:57:27Z</time>
</trkpt>
<trkpt lat="24.4823897" lon="121.1028526">
<ele>2089.12</ele>
<time>2023-03-19T04:57:35Z</time>
</trkpt>
<trkpt lat="24.4824356" lon="121.1028335">
<ele>2090.73</ele>
<time>2023-03-19T04:57:45Z</time>
</trkpt>
<trkpt lat="24.4824873" lon="121.1028186">
<ele>2087.93</ele>
<time>2023-03-19T04:57:53Z</time>
</trkpt>
<trkpt lat="24.4825337" lon="121.1028356">
<ele>2086.31</ele>
<time>2023-03-19T04:58:11Z</time>
</trkpt>
<trkpt lat="24.4825757" lon="121.1028806">
<ele>2084.75</ele>
<time>2023-03-19T04:58:21Z</time>
</trkpt>
<trkpt lat="24.4826248" lon="121.1029121">
<ele>2085.35</ele>
<time>2023-03-19T04:58:29Z</time>
</trkpt>
<trkpt lat="24.4826654" lon="121.1029425">
<ele>2085.46</ele>
<time>2023-03-19T04:58:35Z</time>
</trkpt>
<trkpt lat="24.4827111" lon="121.1029572">
<ele>2085.49</ele>
<time>2023-03-19T04:58:41Z</time>
</trkpt>
<trkpt lat="24.4827603" lon="121.1029737">
<ele>2084.60</ele>
<time>2023-03-19T04:58:49Z</time>
</trkpt>
<trkpt lat="24.4828055" lon="121.1029909">
<ele>2087.12</ele>
<time>2023-03-19T04:59:01Z</time>
</trkpt>
<trkpt lat="24.4828435" lon="121.1030316">
<ele>2087.75</ele>
<time>2023-03-19T04:59:13Z</time>
</trkpt>
<trkpt lat="24.4829002" lon="121.1030404">
<ele>2087.30</ele>
<time>2023-03-19T04:59:23Z</time>
</trkpt>
<trkpt lat="24.4829386" lon="121.1030679">
<ele>2085.73</ele>
<time>2023-03-19T04:59:33Z</time>
</trkpt>
<trkpt lat="24.4829652" lon="121.1031153">
<ele>2084.97</ele>
<time>2023-03-19T04:59:43Z</time>
</trkpt>
<trkpt lat="24.4830172" lon="121.1031297">
<ele>2085.31</ele>
<time>2023-03-19T04:59:55Z</time>
</trkpt>
<trkpt lat="24.4830683" lon="121.1031511">
<ele>2085.81</ele>
<time>2023-03-19T05:00:03Z</time>
</trkpt>
<trkpt lat="24.4831197" lon="121.1031778">
<ele>2085.65</ele>
<time>2023-03-19T05:00:09Z</time>
</trkpt>
<trkpt lat="24.4831652" lon="121.1031900">
<ele>2085.88</ele>
<time>2023-03-19T05:00:15Z</time>
</trkpt>
<trkpt lat="24.4832174" lon="121.1031901">
<ele>2085.75</ele>
<time>2023-03-19T05:00:23Z</time>
</trkpt>
<trkpt lat="24.4832651" lon="121.1031972">
<ele>2085.72</ele>
<time>2023-03-19T05:00:29Z</time>
</trkpt>
<trkpt lat="24.4832891" lon="121.1032422">
<ele>2082.42</ele>
<time>2023-03-19T05:00:35Z</time>
</trkpt>
<trkpt lat="24.4833527" lon="121.1032358">
<ele>2084.41</ele>
<time>2023-03-19T05:00:41Z</time>
</trkpt>
<trkpt lat="24.4834042" lon="121.1032542">
<ele>2083.85</ele>
<time>2023-03-19T05:00:47Z</time>
</trkpt>
<trkpt lat="24.4834621" lon="121.1032777">
<ele>2084.27</ele>
<time>2023-03-19T05:00:55Z</time>
</trkpt>
<trkpt lat="24.4835011" lon="121.1033072">
<ele>2083.80</ele>
<time>2023-03-19T05:01:03Z</time>
</trkpt>
<trkpt lat="24.4835418" lon="121.1033340">
<ele>2083.47</ele>
<time>2023-03-19T05:01:11Z</time>
</trkpt>
<trkpt lat="24.4835925" lon="121.1033622">
<ele>2082.83</ele>
<time>2023-03-19T05:01:21Z</time>
</trkpt>
<trkpt lat="24.4836261" lon="121.1033952">
<ele>2081.89</ele>
<time>2023-03-19T05:01:27Z</time>
</trkpt>
<trkpt lat="24.4836682" lon="121.1034163">
<ele>2081.01</ele>
<time>2023-03-19T05:01:35Z</time>
</trkpt>
<trkpt lat="24.4837219" lon="121.1034456">
<ele>2081.84</ele>
<time>2023-03-19T05:01:43Z</time>
</trkpt>
<trkpt lat="24.4837706" lon="121.1034687">
<ele>2083.52</ele>
<time>2023-03-19T05:01:51Z</time>
</trkpt>
<trkpt lat="24.4838186" lon="121.1034678">
<ele>2082.84</ele>
<time>2023-03-19T05:02:01Z</time>
</trkpt>
<trkpt lat="24.4838527" lon="121.1035097">
<ele>2083.96</ele>
<time>2023-03-19T05:02:15Z</time>
</trkpt>
<trkpt lat="24.4839069" lon="121.1035175">
<ele>2083.01</ele>
<time>2023-03-19T05:02:41Z</time>
</trkpt>
<trkpt lat="24.4838296" lon="121.1035498">
<ele>2079.13</ele>
<time>2023-03-19T05:03:01Z</time>
</trkpt>
<trkpt lat="24.4838924" lon="121.1035671">
<ele>2084.37</ele>
<time>2023-03-19T05:04:19Z</time>
</trkpt>
<trkpt lat="24.4839339" lon="121.1035910">
<ele>2082.24</ele>
<time>2023-03-19T05:04:55Z</time>
</trkpt>
<trkpt lat="24.4839748" lon="121.1036141">
<ele>2083.05</ele>
<time>2023-03-19T05:05:13Z</time>
</trkpt>
<trkpt lat="24.4840159" lon="121.1036366">
<ele>2084.21</ele>
<time>2023-03-19T05:05:37Z</time>
</trkpt>
<trkpt lat="24.4840585" lon="121.1036731">
<ele>2083.58</ele>
<time>2023-03-19T05:05:55Z</time>
</trkpt>
<trkpt lat="24.4841012" lon="121.1036956">
<ele>2082.87</ele>
<time>2023-03-19T05:06:11Z</time>
</trkpt>
<trkpt lat="24.4841509" lon="121.1037147">
<ele>2082.29</ele>
<time>2023-03-19T05:06:25Z</time>
</trkpt>
<trkpt lat="24.4842047" lon="121.1037379">
<ele>2081.56</ele>
<time>2023-03-19T05:06:59Z</time>
</trkpt>
<trkpt lat="24.4842354" lon="121.1037895">
<ele>2080.62</ele>
<time>2023-03-19T05:07:09Z</time>
</trkpt>
<trkpt lat="24.4842598" lon="121.1038369">
<ele>2081.15</ele>
<time>2023-03-19T05:07:17Z</time>
</trkpt>
<trkpt lat="24.4842636" lon="121.1038867">
<ele>2078.80</ele>
<time>2023-03-19T05:07:37Z</time>
</trkpt>
<trkpt lat="24.4843073" lon="121.1039092">
<ele>2078.67</ele>
<time>2023-03-19T05:07:45Z</time>
</trkpt>
<trkpt lat="24.4843615" lon="121.1038978">
<ele>2079.94</ele>
<time>2023-03-19T05:07:53Z</time>
</trkpt>
<trkpt lat="24.4844143" lon="121.1039112">
<ele>2081.09</ele>
<time>2023-03-19T05:08:01Z</time>
</trkpt>
<trkpt lat="24.4844555" lon="121.1039349">
<ele>2081.83</ele>
<time>2023-03-19T05:08:09Z</time>
</trkpt>
<trkpt lat="24.4844971" lon="121.1039674">
<ele>2081.97</ele>
<time>2023-03-19T05:08:19Z</time>
</trkpt>
<trkpt lat="24.4845473" lon="121.1039900">
<ele>2082.76</ele>
<time>2023-03-19T05:08:31Z</time>
</trkpt>
<trkpt lat="24.4845883" lon="121.1040148">
<ele>2082.80</ele>
<time>2023-03-19T05:08:41Z</time>
</trkpt>
<trkpt lat="24.4846399" lon="121.1040324">
<ele>2083.49</ele>
<time>2023-03-19T05:08:59Z</time>
</trkpt>
<trkpt lat="24.4846882" lon="121.1040407">
<ele>2083.42</ele>
<time>2023-03-19T05:09:05Z</time>
</trkpt>
<trkpt lat="24.4847145" lon="121.1040902">
<ele>2084.83</ele>
<time>2023-03-19T05:09:15Z</time>
</trkpt>
<trkpt lat="24.4847598" lon="121.1041212">
<ele>2084.10</ele>
<time>2023-03-19T05:09:29Z</time>
</trkpt>
<trkpt lat="24.4848115" lon="121.1041431">
<ele>2082.53</ele>
<time>2023-03-19T05:09:37Z</time>
</trkpt>
<trkpt lat="24.4848549" lon="121.1041793">
<ele>2083.99</ele>
<time>2023-03-19T05:09:45Z</time>
</trkpt>
<trkpt lat="24.4849023" lon="121.1042155">
<ele>2085.26</ele>
<time>2023-03-19T05:09:55Z</time>
</trkpt>
<trkpt lat="24.4849573" lon="121.1042439">
<ele>2085.56</ele>
<time>2023-03-19T05:10:03Z</time>
</trkpt>
<trkpt lat="24.4850024" lon="121.1042625">
<ele>2084.83</ele>
<time>2023-03-19T05:10:09Z</time>
</trkpt>
<trkpt lat="24.4850577" lon="121.1042823">
<ele>2085.33</ele>
<time>2023-03-19T05:10:15Z</time>
</trkpt>
<trkpt lat="24.4851030" lon="121.1042631">
<ele>2084.18</ele>
<time>2023-03-19T05:10:33Z</time>
</trkpt>
<trkpt lat="24.4851481" lon="121.1042606">
<ele>2084.85</ele>
<time>2023-03-19T05:10:41Z</time>
</trkpt>
<trkpt lat="24.4851903" lon="121.1042389">
<ele>2083.43</ele>
<time>2023-03-19T05:10:49Z</time>
</trkpt>
<trkpt lat="24.4852342" lon="121.1042659">
<ele>2083.55</ele>
<time>2023-03-19T05:10:55Z</time>
</trkpt>
<trkpt lat="24.4852783" lon="121.1042855">
<ele>2084.84</ele>
<time>2023-03-19T05:11:01Z</time>
</trkpt>
<trkpt lat="24.4853210" lon="121.1042699">
<ele>2086.75</ele>
<time>2023-03-19T05:11:07Z</time>
</trkpt>
<trkpt lat="24.4853729" lon="121.1042685">
<ele>2087.24</ele>
<time>2023-03-19T05:11:13Z</time>
</trkpt>
<trkpt lat="24.4854338" lon="121.1042672">
<ele>2089.31</ele>
<time>2023-03-19T05:11:19Z</time>
</trkpt>
<trkpt lat="24.4854927" lon="121.1042730">
<ele>2089.54</ele>
<time>2023-03-19T05:11:27Z</time>
</trkpt>
<trkpt lat="24.4855414" lon="121.1042795">
<ele>2089.01</ele>
<time>2023-03-19T05:11:33Z</time>
</trkpt>
<trkpt lat="24.4856057" lon="121.1042952">
<ele>2088.04</ele>
<time>2023-03-19T05:11:39Z</time>
</trkpt>
<trkpt lat="24.4856684" lon="121.1043086">
<ele>2086.52</ele>
<time>2023-03-19T05:11:45Z</time>
</trkpt>
<trkpt lat="24.4857262" lon="121.1043048">
<ele>2088.51</ele>
<time>2023-03-19T05:11:51Z</time>
</trkpt>
<trkpt lat="24.4857899" lon="121.1043099">
<ele>2088.51</ele>
<time>2023-03-19T05:11:57Z</time>
</trkpt>
<trkpt lat="24.4858446" lon="121.1043181">
<ele>2088.04</ele>
<time>2023-03-19T05:12:03Z</time>
</trkpt>
<trkpt lat="24.4858987" lon="121.1043246">
<ele>2087.67</ele>
<time>2023-03-19T05:12:09Z</time>
</trkpt>
<trkpt lat="24.4859541" lon="121.1043282">
<ele>2085.83</ele>
<time>2023-03-19T05:12:15Z</time>
</trkpt>
<trkpt lat="24.4860003" lon="121.1043553">
<ele>2086.45</ele>
<time>2023-03-19T05:12:21Z</time>
</trkpt>
<trkpt lat="24.4860550" lon="121.1043500">
<ele>2087.10</ele>
<time>2023-03-19T05:12:29Z</time>
</trkpt>
<trkpt lat="24.4860914" lon="121.1043805">
<ele>2087.95</ele>
<time>2023-03-19T05:12:35Z</time>
</trkpt>
<trkpt lat="24.4861430" lon="121.1044073">
<ele>2088.06</ele>
<time>2023-03-19T05:12:43Z</time>
</trkpt>
<trkpt lat="24.4861887" lon="121.1044294">
<ele>2086.09</ele>
<time>2023-03-19T05:12:53Z</time>
</trkpt>
<trkpt lat="24.4862368" lon="121.1044543">
<ele>2081.15</ele>
<time>2023-03-19T05:13:11Z</time>
</trkpt>
<trkpt lat="24.4862652" lon="121.1044932">
<ele>2082.30</ele>
<time>2023-03-19T05:13:21Z</time>
</trkpt>
<trkpt lat="24.4863161" lon="121.1044958">
<ele>2082.02</ele>
<time>2023-03-19T05:13:29Z</time>
</trkpt>
<trkpt lat="24.4863617" lon="121.1044724">
<ele>2082.27</ele>
<time>2023-03-19T05:13:41Z</time>
</trkpt>
<trkpt lat="24.4863874" lon="121.1044233">
<ele>2082.25</ele>
<time>2023-03-19T05:13:49Z</time>
</trkpt>
<trkpt lat="24.4864360" lon="121.1044244">
<ele>2081.20</ele>
<time>2023-03-19T05:13:56Z</time>
</trkpt>
<trkpt lat="24.4864840" lon="121.1044378">
<ele>2080.08</ele>
<time>2023-03-19T05:14:03Z</time>
</trkpt>
<trkpt lat="24.4865344" lon="121.1044540">
<ele>2079.01</ele>
<time>2023-03-19T05:14:10Z</time>
</trkpt>
<trkpt lat="24.4865787" lon="121.1044648">
<ele>2078.32</ele>
<time>2023-03-19T05:14:17Z</time>
</trkpt>
<trkpt lat="24.4866051" lon="121.1045069">
<ele>2076.87</ele>
<time>2023-03-19T05:14:27Z</time>
</trkpt>
<trkpt lat="24.4866531" lon="121.1045423">
<ele>2077.62</ele>
<time>2023-03-19T05:14:35Z</time>
</trkpt>
<trkpt lat="24.4866811" lon="121.1045817">
<ele>2077.49</ele>
<time>2023-03-19T05:14:42Z</time>
</trkpt>
<trkpt lat="24.4867226" lon="121.1046301">
<ele>2079.32</ele>
<time>2023-03-19T05:14:50Z</time>
</trkpt>
<trkpt lat="24.4867803" lon="121.1046241">
<ele>2079.89</ele>
<time>2023-03-19T05:15:00Z</time>
</trkpt>
<trkpt lat="24.4868265" lon="121.1046446">
<ele>2078.32</ele>
<time>2023-03-19T05:15:07Z</time>
</trkpt>
<trkpt lat="24.4868764" lon="121.1046557">
<ele>2077.92</ele>
<time>2023-03-19T05:15:15Z</time>
</trkpt>
<trkpt lat="24.4868340" lon="121.1047089">
<ele>2071.20</ele>
<time>2023-03-19T05:15:23Z</time>
</trkpt>
<trkpt lat="24.4868774" lon="121.1047309">
<ele>2075.13</ele>
<time>2023-03-19T05:15:33Z</time>
</trkpt>
<trkpt lat="24.4869368" lon="121.1047546">
<ele>2075.50</ele>
<time>2023-03-19T05:15:43Z</time>
</trkpt>
<trkpt lat="24.4869770" lon="121.1047882">
<ele>2078.00</ele>
<time>2023-03-19T05:15:51Z</time>
</trkpt>
<trkpt lat="24.4870083" lon="121.1048281">
<ele>2078.76</ele>
<time>2023-03-19T05:16:01Z</time>
</trkpt>
<trkpt lat="24.4870537" lon="121.1048452">
<ele>2080.87</ele>
<time>2023-03-19T05:16:09Z</time>
</trkpt>
<trkpt lat="24.4870900" lon="121.1048769">
<ele>2080.21</ele>
<time>2023-03-19T05:16:29Z</time>
</trkpt>
<trkpt lat="24.4871363" lon="121.1048751">
<ele>2079.83</ele>
<time>2023-03-19T05:16:45Z</time>
</trkpt>
<trkpt lat="24.4871863" lon="121.1048735">
<ele>2080.98</ele>
<time>2023-03-19T05:16:53Z</time>
</trkpt>
<trkpt lat="24.4871937" lon="121.1049286">
<ele>2079.78</ele>
<time>2023-03-19T05:17:03Z</time>
</trkpt>
<trkpt lat="24.4872486" lon="121.1049335">
<ele>2078.25</ele>
<time>2023-03-19T05:17:17Z</time>
</trkpt>
<trkpt lat="24.4873058" lon="121.1049463">
<ele>2078.63</ele>
<time>2023-03-19T05:17:36Z</time>
</trkpt>
<trkpt lat="24.4873443" lon="121.1049843">
<ele>2078.66</ele>
<time>2023-03-19T05:17:59Z</time>
</trkpt>
<trkpt lat="24.4873786" lon="121.1050232">
<ele>2078.72</ele>
<time>2023-03-19T05:18:09Z</time>
</trkpt>
<trkpt lat="24.4874210" lon="121.1050399">
<ele>2073.60</ele>
<time>2023-03-19T05:18:17Z</time>
</trkpt>
<trkpt lat="24.4874627" lon="121.1050746">
<ele>2069.07</ele>
<time>2023-03-19T05:18:31Z</time>
</trkpt>
<trkpt lat="24.4875192" lon="121.1050460">
<ele>2073.44</ele>
<time>2023-03-19T05:18:52Z</time>
</trkpt>
<trkpt lat="24.4875687" lon="121.1050189">
<ele>2076.90</ele>
<time>2023-03-19T05:18:57Z</time>
</trkpt>
<trkpt lat="24.4876131" lon="121.1050326">
<ele>2076.99</ele>
<time>2023-03-19T05:19:04Z</time>
</trkpt>
<trkpt lat="24.4876627" lon="121.1050417">
<ele>2079.05</ele>
<time>2023-03-19T05:19:11Z</time>
</trkpt>
<trkpt lat="24.4877203" lon="121.1050668">
<ele>2080.81</ele>
<time>2023-03-19T05:19:18Z</time>
</trkpt>
<trkpt lat="24.4877609" lon="121.1050906">
<ele>2079.68</ele>
<time>2023-03-19T05:19:24Z</time>
</trkpt>
<trkpt lat="24.4878109" lon="121.1051129">
<ele>2082.67</ele>
<time>2023-03-19T05:19:32Z</time>
</trkpt>
<trkpt lat="24.4878642" lon="121.1051343">
<ele>2084.69</ele>
<time>2023-03-19T05:19:38Z</time>
</trkpt>
<trkpt lat="24.4879120" lon="121.1051690">
<ele>2085.04</ele>
<time>2023-03-19T05:19:44Z</time>
</trkpt>
<trkpt lat="24.4879559" lon="121.1051895">
<ele>2085.84</ele>
<time>2023-03-19T05:19:50Z</time>
</trkpt>
<trkpt lat="24.4879787" lon="121.1052372">
<ele>2088.40</ele>
<time>2023-03-19T05:20:00Z</time>
</trkpt>
<trkpt lat="24.4880242" lon="121.1052589">
<ele>2092.66</ele>
<time>2023-03-19T05:20:20Z</time>
</trkpt>
<trkpt lat="24.4880525" lon="121.1052982">
<ele>2094.89</ele>
<time>2023-03-19T05:20:34Z</time>
</trkpt>
<trkpt lat="24.4881059" lon="121.1052794">
<ele>2092.17</ele>
<time>2023-03-19T05:21:00Z</time>
</trkpt>
<trkpt lat="24.4881526" lon="121.1052761">
<ele>2093.20</ele>
<time>2023-03-19T05:21:06Z</time>
</trkpt>
<trkpt lat="24.4881975" lon="121.1052932">
<ele>2094.05</ele>
<time>2023-03-19T05:21:12Z</time>
</trkpt>
<trkpt lat="24.4882496" lon="121.1053236">
<ele>2096.23</ele>
<time>2023-03-19T05:21:20Z</time>
</trkpt>
<trkpt lat="24.4882581" lon="121.1053752">
<ele>2093.46</ele>
<time>2023-03-19T05:21:28Z</time>
</trkpt>
<trkpt lat="24.4882963" lon="121.1054098">
<ele>2094.08</ele>
<time>2023-03-19T05:21:38Z</time>
</trkpt>
<trkpt lat="24.4883581" lon="121.1054483">
<ele>2096.22</ele>
<time>2023-03-19T05:21:48Z</time>
</trkpt>
<trkpt lat="24.4884145" lon="121.1054906">
<ele>2095.43</ele>
<time>2023-03-19T05:21:56Z</time>
</trkpt>
<trkpt lat="24.4884682" lon="121.1055052">
<ele>2095.35</ele>
<time>2023-03-19T05:22:02Z</time>
</trkpt>
<trkpt lat="24.4885307" lon="121.1055077">
<ele>2097.22</ele>
<time>2023-03-19T05:22:08Z</time>
</trkpt>
<trkpt lat="24.4885803" lon="121.1055180">
<ele>2098.72</ele>
<time>2023-03-19T05:22:14Z</time>
</trkpt>
<trkpt lat="24.4886236" lon="121.1055044">
<ele>2098.25</ele>
<time>2023-03-19T05:22:22Z</time>
</trkpt>
<trkpt lat="24.4886779" lon="121.1055119">
<ele>2097.45</ele>
<time>2023-03-19T05:22:30Z</time>
</trkpt>
<trkpt lat="24.4887126" lon="121.1054690">
<ele>2094.35</ele>
<time>2023-03-19T05:22:38Z</time>
</trkpt>
<trkpt lat="24.4887510" lon="121.1054336">
<ele>2095.49</ele>
<time>2023-03-19T05:22:44Z</time>
</trkpt>
<trkpt lat="24.4888057" lon="121.1054172">
<ele>2091.39</ele>
<time>2023-03-19T05:22:52Z</time>
</trkpt>
<trkpt lat="24.4888257" lon="121.1053551">
<ele>2088.92</ele>
<time>2023-03-19T05:23:00Z</time>
</trkpt>
<trkpt lat="24.4888619" lon="121.1053052">
<ele>2089.53</ele>
<time>2023-03-19T05:23:06Z</time>
</trkpt>
<trkpt lat="24.4889036" lon="121.1052501">
<ele>2091.59</ele>
<time>2023-03-19T05:23:12Z</time>
</trkpt>
<trkpt lat="24.4889546" lon="121.1052237">
<ele>2092.05</ele>
<time>2023-03-19T05:23:18Z</time>
</trkpt>
<trkpt lat="24.4890038" lon="121.1052143">
<ele>2094.60</ele>
<time>2023-03-19T05:23:24Z</time>
</trkpt>
<trkpt lat="24.4890645" lon="121.1052227">
<ele>2094.99</ele>
<time>2023-03-19T05:23:30Z</time>
</trkpt>
<trkpt lat="24.4891189" lon="121.1052451">
<ele>2095.04</ele>
<time>2023-03-19T05:23:38Z</time>
</trkpt>
<trkpt lat="24.4891640" lon="121.1052624">
<ele>2094.42</ele>
<time>2023-03-19T05:23:44Z</time>
</trkpt>
<trkpt lat="24.4892100" lon="121.1052842">
<ele>2092.86</ele>
<time>2023-03-19T05:23:50Z</time>
</trkpt>
<trkpt lat="24.4892663" lon="121.1053038">
<ele>2094.24</ele>
<time>2023-03-19T05:23:56Z</time>
</trkpt>
<trkpt lat="24.4893196" lon="121.1053367">
<ele>2096.02</ele>
<time>2023-03-19T05:24:02Z</time>
</trkpt>
<trkpt lat="24.4893594" lon="121.1053631">
<ele>2097.37</ele>
<time>2023-03-19T05:24:06Z</time>
</trkpt>
<trkpt lat="24.4894122" lon="121.1053897">
<ele>2098.38</ele>
<time>2023-03-19T05:24:12Z</time>
</trkpt>
<trkpt lat="24.4894567" lon="121.1053968">
<ele>2097.93</ele>
<time>2023-03-19T05:24:16Z</time>
</trkpt>
<trkpt lat="24.4895195" lon="121.1054142">
<ele>2099.54</ele>
<time>2023-03-19T05:24:22Z</time>
</trkpt>
<trkpt lat="24.4895679" lon="121.1054109">
<ele>2097.83</ele>
<time>2023-03-19T05:24:28Z</time>
</trkpt>
<trkpt lat="24.4896239" lon="121.1053955">
<ele>2094.61</ele>
<time>2023-03-19T05:24:44Z</time>
</trkpt>
<trkpt lat="24.4896770" lon="121.1053631">
<ele>2093.13</ele>
<time>2023-03-19T05:24:50Z</time>
</trkpt>
<trkpt lat="24.4896965" lon="121.1053173">
<ele>2091.84</ele>
<time>2023-03-19T05:24:56Z</time>
</trkpt>
<trkpt lat="24.4897687" lon="121.1053107">
<ele>2092.51</ele>
<time>2023-03-19T05:25:02Z</time>
</trkpt>
<trkpt lat="24.4898197" lon="121.1053127">
<ele>2093.03</ele>
<time>2023-03-19T05:25:06Z</time>
</trkpt>
<trkpt lat="24.4898704" lon="121.1053040">
<ele>2093.85</ele>
<time>2023-03-19T05:25:10Z</time>
</trkpt>
<trkpt lat="24.4899151" lon="121.1053130">
<ele>2092.13</ele>
<time>2023-03-19T05:25:14Z</time>
</trkpt>
<trkpt lat="24.4899597" lon="121.1053042">
<ele>2092.03</ele>
<time>2023-03-19T05:25:18Z</time>
</trkpt>
<trkpt lat="24.4900066" lon="121.1052838">
<ele>2092.30</ele>
<time>2023-03-19T05:25:24Z</time>
</trkpt>
<trkpt lat="24.4900412" lon="121.1052462">
<ele>2091.15</ele>
<time>2023-03-19T05:25:30Z</time>
</trkpt>
<trkpt lat="24.4900537" lon="121.1051857">
<ele>2092.35</ele>
<time>2023-03-19T05:25:38Z</time>
</trkpt>
<trkpt lat="24.4900098" lon="121.1051505">
<ele>2090.87</ele>
<time>2023-03-19T05:25:44Z</time>
</trkpt>
<trkpt lat="24.4899687" lon="121.1051078">
<ele>2091.78</ele>
<time>2023-03-19T05:25:50Z</time>
</trkpt>
<trkpt lat="24.4899613" lon="121.1050458">
<ele>2092.64</ele>
<time>2023-03-19T05:25:54Z</time>
</trkpt>
<trkpt lat="24.4899623" lon="121.1049832">
<ele>2094.00</ele>
<time>2023-03-19T05:26:00Z</time>
</trkpt>
<trkpt lat="24.4899463" lon="121.1049318">
<ele>2089.42</ele>
<time>2023-03-19T05:26:04Z</time>
</trkpt>
<trkpt lat="24.4899005" lon="121.1049211">
<ele>2088.81</ele>
<time>2023-03-19T05:26:14Z</time>
</trkpt>
<trkpt lat="24.4898652" lon="121.1048677">
<ele>2084.22</ele>
<time>2023-03-19T05:26:22Z</time>
</trkpt>
<trkpt lat="24.4898461" lon="121.1048223">
<ele>2086.32</ele>
<time>2023-03-19T05:26:28Z</time>
</trkpt>
<trkpt lat="24.4899041" lon="121.1048046">
<ele>2088.18</ele>
<time>2023-03-19T05:26:34Z</time>
</trkpt>
<trkpt lat="24.4899518" lon="121.1048210">
<ele>2085.65</ele>
<time>2023-03-19T05:26:44Z</time>
</trkpt>
<trkpt lat="24.4899868" lon="121.1047767">
<ele>2088.93</ele>
<time>2023-03-19T05:26:58Z</time>
</trkpt>
<trkpt lat="24.4900294" lon="121.1047977">
<ele>2084.89</ele>
<time>2023-03-19T05:27:14Z</time>
</trkpt>
<trkpt lat="24.4900828" lon="121.1047896">
<ele>2077.81</ele>
<time>2023-03-19T05:27:30Z</time>
</trkpt>
<trkpt lat="24.4901354" lon="121.1047889">
<ele>2078.18</ele>
<time>2023-03-19T05:27:36Z</time>
</trkpt>
<trkpt lat="24.4901754" lon="121.1047478">
<ele>2075.65</ele>
<time>2023-03-19T05:27:46Z</time>
</trkpt>
<trkpt lat="24.4902203" lon="121.1047516">
<ele>2072.59</ele>
<time>2023-03-19T05:27:52Z</time>
</trkpt>
<trkpt lat="24.4902676" lon="121.1047758">
<ele>2069.53</ele>
<time>2023-03-19T05:28:00Z</time>
</trkpt>
<trkpt lat="24.4902909" lon="121.1048292">
<ele>2067.28</ele>
<time>2023-03-19T05:28:08Z</time>
</trkpt>
<trkpt lat="24.4903127" lon="121.1048738">
<ele>2068.68</ele>
<time>2023-03-19T05:28:14Z</time>
</trkpt>
<trkpt lat="24.4903618" lon="121.1048796">
<ele>2069.49</ele>
<time>2023-03-19T05:28:24Z</time>
</trkpt>
<trkpt lat="24.4904068" lon="121.1048489">
<ele>2069.77</ele>
<time>2023-03-19T05:28:28Z</time>
</trkpt>
<trkpt lat="24.4904469" lon="121.1048800">
<ele>2070.88</ele>
<time>2023-03-19T05:28:36Z</time>
</trkpt>
<trkpt lat="24.4904738" lon="121.1049206">
<ele>2071.74</ele>
<time>2023-03-19T05:28:42Z</time>
</trkpt>
<trkpt lat="24.4905085" lon="121.1049642">
<ele>2073.20</ele>
<time>2023-03-19T05:28:52Z</time>
</trkpt>
<trkpt lat="24.4905589" lon="121.1049757">
<ele>2073.32</ele>
<time>2023-03-19T05:28:58Z</time>
</trkpt>
<trkpt lat="24.4905947" lon="121.1050167">
<ele>2072.17</ele>
<time>2023-03-19T05:29:08Z</time>
</trkpt>
<trkpt lat="24.4906119" lon="121.1050727">
<ele>2072.01</ele>
<time>2023-03-19T05:29:16Z</time>
</trkpt>
<trkpt lat="24.4906089" lon="121.1051286">
<ele>2070.91</ele>
<time>2023-03-19T05:29:24Z</time>
</trkpt>
<trkpt lat="24.4906533" lon="121.1051458">
<ele>2075.71</ele>
<time>2023-03-19T05:29:36Z</time>
</trkpt>
<trkpt lat="24.4906053" lon="121.1051674">
<ele>2068.68</ele>
<time>2023-03-19T05:29:52Z</time>
</trkpt>
<trkpt lat="24.4906193" lon="121.1052193">
<ele>2071.34</ele>
<time>2023-03-19T05:30:00Z</time>
</trkpt>
<trkpt lat="24.4906422" lon="121.1052749">
<ele>2068.20</ele>
<time>2023-03-19T05:30:06Z</time>
</trkpt>
<trkpt lat="24.4906750" lon="121.1053263">
<ele>2067.55</ele>
<time>2023-03-19T05:30:12Z</time>
</trkpt>
<trkpt lat="24.4906954" lon="121.1053917">
<ele>2066.65</ele>
<time>2023-03-19T05:30:18Z</time>
</trkpt>
<trkpt lat="24.4907344" lon="121.1054261">
<ele>2065.24</ele>
<time>2023-03-19T05:30:26Z</time>
</trkpt>
<trkpt lat="24.4907942" lon="121.1054381">
<ele>2063.95</ele>
<time>2023-03-19T05:30:34Z</time>
</trkpt>
<trkpt lat="24.4908433" lon="121.1054728">
<ele>2064.90</ele>
<time>2023-03-19T05:31:12Z</time>
</trkpt>
<trkpt lat="24.4908753" lon="121.1054335">
<ele>2068.49</ele>
<time>2023-03-19T05:31:58Z</time>
</trkpt>
<trkpt lat="24.4908768" lon="121.1053777">
<ele>2066.41</ele>
<time>2023-03-19T05:32:02Z</time>
</trkpt>
<trkpt lat="24.4909281" lon="121.1053868">
<ele>2062.32</ele>
<time>2023-03-19T05:32:06Z</time>
</trkpt>
<trkpt lat="24.4909508" lon="121.1054356">
<ele>2060.34</ele>
<time>2023-03-19T05:32:16Z</time>
</trkpt>
<trkpt lat="24.4909547" lon="121.1054867">
<ele>2060.12</ele>
<time>2023-03-19T05:32:42Z</time>
</trkpt>
<trkpt lat="24.4909623" lon="121.1055409">
<ele>2064.12</ele>
<time>2023-03-19T05:34:28Z</time>
</trkpt>
<trkpt lat="24.4909882" lon="121.1055850">
<ele>2065.67</ele>
<time>2023-03-19T05:34:44Z</time>
</trkpt>
<trkpt lat="24.4909627" lon="121.1055409">
<ele>2061.30</ele>
<time>2023-03-19T05:35:04Z</time>
</trkpt>
<trkpt lat="24.4909789" lon="121.1054916">
<ele>2063.81</ele>
<time>2023-03-19T05:35:30Z</time>
</trkpt>
<trkpt lat="24.4910162" lon="121.1055353">
<ele>2066.24</ele>
<time>2023-03-19T05:35:50Z</time>
</trkpt>
<trkpt lat="24.4909908" lon="121.1055933">
<ele>2065.72</ele>
<time>2023-03-19T05:35:58Z</time>
</trkpt>
<trkpt lat="24.4909870" lon="121.1056485">
<ele>2064.88</ele>
<time>2023-03-19T05:36:04Z</time>
</trkpt>
<trkpt lat="24.4910015" lon="121.1057078">
<ele>2065.13</ele>
<time>2023-03-19T05:36:12Z</time>
</trkpt>
<trkpt lat="24.4910502" lon="121.1057277">
<ele>2061.07</ele>
<time>2023-03-19T05:36:18Z</time>
</trkpt>
<trkpt lat="24.4910231" lon="121.1057792">
<ele>2058.12</ele>
<time>2023-03-19T05:36:22Z</time>
</trkpt>
<trkpt lat="24.4910021" lon="121.1058268">
<ele>2057.60</ele>
<time>2023-03-19T05:36:26Z</time>
</trkpt>
<trkpt lat="24.4909679" lon="121.1058592">
<ele>2056.69</ele>
<time>2023-03-19T05:36:32Z</time>
</trkpt>
<trkpt lat="24.4909480" lon="121.1059102">
<ele>2054.24</ele>
<time>2023-03-19T05:36:42Z</time>
</trkpt>
<trkpt lat="24.4909634" lon="121.1059581">
<ele>2052.95</ele>
<time>2023-03-19T05:37:00Z</time>
</trkpt>
<trkpt lat="24.4909561" lon="121.1060078">
<ele>2051.23</ele>
<time>2023-03-19T05:37:08Z</time>
</trkpt>
<trkpt lat="24.4909644" lon="121.1060586">
<ele>2047.59</ele>
<time>2023-03-19T05:37:22Z</time>
</trkpt>
<trkpt lat="24.4909929" lon="121.1061147">
<ele>2046.24</ele>
<time>2023-03-19T05:37:30Z</time>
</trkpt>
<trkpt lat="24.4909922" lon="121.1061791">
<ele>2044.76</ele>
<time>2023-03-19T05:37:40Z</time>
</trkpt>
<trkpt lat="24.4909917" lon="121.1062474">
<ele>2044.44</ele>
<time>2023-03-19T05:37:46Z</time>
</trkpt>
<trkpt lat="24.4909750" lon="121.1062959">
<ele>2046.26</ele>
<time>2023-03-19T05:37:50Z</time>
</trkpt>
<trkpt lat="24.4909895" lon="121.1063559">
<ele>2047.45</ele>
<time>2023-03-19T05:37:58Z</time>
</trkpt>
<trkpt lat="24.4910070" lon="121.1064015">
<ele>2047.11</ele>
<time>2023-03-19T05:38:02Z</time>
</trkpt>
<trkpt lat="24.4910087" lon="121.1064572">
<ele>2047.51</ele>
<time>2023-03-19T05:38:06Z</time>
</trkpt>
<trkpt lat="24.4910262" lon="121.1065083">
<ele>2047.23</ele>
<time>2023-03-19T05:38:12Z</time>
</trkpt>
<trkpt lat="24.4910551" lon="121.1065567">
<ele>2049.23</ele>
<time>2023-03-19T05:38:18Z</time>
</trkpt>
<trkpt lat="24.4910784" lon="121.1066148">
<ele>2048.74</ele>
<time>2023-03-19T05:38:26Z</time>
</trkpt>
<trkpt lat="24.4911106" lon="121.1066550">
<ele>2050.97</ele>
<time>2023-03-19T05:38:32Z</time>
</trkpt>
<trkpt lat="24.4911610" lon="121.1066565">
<ele>2050.73</ele>
<time>2023-03-19T05:38:40Z</time>
</trkpt>
<trkpt lat="24.4911859" lon="121.1067028">
<ele>2050.75</ele>
<time>2023-03-19T05:38:48Z</time>
</trkpt>
<trkpt lat="24.4911880" lon="121.1067548">
<ele>2045.92</ele>
<time>2023-03-19T05:38:54Z</time>
</trkpt>
<trkpt lat="24.4911845" lon="121.1068129">
<ele>2045.48</ele>
<time>2023-03-19T05:39:00Z</time>
</trkpt>
<trkpt lat="24.4911660" lon="121.1068680">
<ele>2047.82</ele>
<time>2023-03-19T05:39:06Z</time>
</trkpt>
<trkpt lat="24.4911794" lon="121.1069191">
<ele>2047.72</ele>
<time>2023-03-19T05:39:10Z</time>
</trkpt>
<trkpt lat="24.4912017" lon="121.1069870">
<ele>2048.34</ele>
<time>2023-03-19T05:39:16Z</time>
</trkpt>
<trkpt lat="24.4912169" lon="121.1070419">
<ele>2047.90</ele>
<time>2023-03-19T05:39:22Z</time>
</trkpt>
<trkpt lat="24.4912427" lon="121.1070872">
<ele>2047.11</ele>
<time>2023-03-19T05:39:28Z</time>
</trkpt>
<trkpt lat="24.4912709" lon="121.1071376">
<ele>2047.19</ele>
<time>2023-03-19T05:39:34Z</time>
</trkpt>
<trkpt lat="24.4913054" lon="121.1071732">
<ele>2047.12</ele>
<time>2023-03-19T05:39:40Z</time>
</trkpt>
<trkpt lat="24.4913613" lon="121.1071986">
<ele>2047.34</ele>
<time>2023-03-19T05:39:46Z</time>
</trkpt>
<trkpt lat="24.4914206" lon="121.1072262">
<ele>2047.15</ele>
<time>2023-03-19T05:39:52Z</time>
</trkpt>
<trkpt lat="24.4914833" lon="121.1072484">
<ele>2047.22</ele>
<time>2023-03-19T05:39:58Z</time>
</trkpt>
<trkpt lat="24.4915457" lon="121.1072558">
<ele>2046.95</ele>
<time>2023-03-19T05:40:04Z</time>
</trkpt>
<trkpt lat="24.4916029" lon="121.1072578">
<ele>2046.70</ele>
<time>2023-03-19T05:40:10Z</time>
</trkpt>
<trkpt lat="24.4916629" lon="121.1072691">
<ele>2046.78</ele>
<time>2023-03-19T05:40:16Z</time>
</trkpt>
<trkpt lat="24.4917120" lon="121.1072927">
<ele>2047.17</ele>
<time>2023-03-19T05:40:22Z</time>
</trkpt>
<trkpt lat="24.4917566" lon="121.1073126">
<ele>2048.74</ele>
<time>2023-03-19T05:40:28Z</time>
</trkpt>
<trkpt lat="24.4918037" lon="121.1073385">
<ele>2048.81</ele>
<time>2023-03-19T05:40:36Z</time>
</trkpt>
<trkpt lat="24.4918651" lon="121.1073479">
<ele>2045.94</ele>
<time>2023-03-19T05:40:52Z</time>
</trkpt>
<trkpt lat="24.4919200" lon="121.1073700">
<ele>2046.18</ele>
<time>2023-03-19T05:40:58Z</time>
</trkpt>
<trkpt lat="24.4919772" lon="121.1073785">
<ele>2045.78</ele>
<time>2023-03-19T05:41:04Z</time>
</trkpt>
<trkpt lat="24.4920305" lon="121.1073865">
<ele>2045.98</ele>
<time>2023-03-19T05:41:10Z</time>
</trkpt>
<trkpt lat="24.4920868" lon="121.1073776">
<ele>2046.76</ele>
<time>2023-03-19T05:41:16Z</time>
</trkpt>
<trkpt lat="24.4921362" lon="121.1073779">
<ele>2046.65</ele>
<time>2023-03-19T05:41:22Z</time>
</trkpt>
<trkpt lat="24.4921829" lon="121.1073742">
<ele>2044.03</ele>
<time>2023-03-19T05:41:28Z</time>
</trkpt>
<trkpt lat="24.4922256" lon="121.1073555">
<ele>2043.23</ele>
<time>2023-03-19T05:41:34Z</time>
</trkpt>
<trkpt lat="24.4922452" lon="121.1073034">
<ele>2042.20</ele>
<time>2023-03-19T05:41:40Z</time>
</trkpt>
<trkpt lat="24.4922669" lon="121.1072388">
<ele>2040.70</ele>
<time>2023-03-19T05:41:46Z</time>
</trkpt>
<trkpt lat="24.4922692" lon="121.1071684">
<ele>2040.51</ele>
<time>2023-03-19T05:41:52Z</time>
</trkpt>
<trkpt lat="24.4923247" lon="121.1071467">
<ele>2040.80</ele>
<time>2023-03-19T05:41:58Z</time>
</trkpt>
<trkpt lat="24.4923947" lon="121.1071574">
<ele>2041.58</ele>
<time>2023-03-19T05:42:04Z</time>
</trkpt>
<trkpt lat="24.4924525" lon="121.1071662">
<ele>2042.42</ele>
<time>2023-03-19T05:42:08Z</time>
</trkpt>
<trkpt lat="24.4924992" lon="121.1071749">
<ele>2043.21</ele>
<time>2023-03-19T05:42:12Z</time>
</trkpt>
<trkpt lat="24.4925544" lon="121.1071820">
<ele>2045.26</ele>
<time>2023-03-19T05:42:16Z</time>
</trkpt>
<trkpt lat="24.4925536" lon="121.1072484">
<ele>2045.57</ele>
<time>2023-03-19T05:42:24Z</time>
</trkpt>
<trkpt lat="24.4925148" lon="121.1072941">
<ele>2048.26</ele>
<time>2023-03-19T05:42:30Z</time>
</trkpt>
<trkpt lat="24.4925096" lon="121.1073441">
<ele>2044.53</ele>
<time>2023-03-19T05:42:36Z</time>
</trkpt>
<trkpt lat="24.4925458" lon="121.1073914">
<ele>2041.61</ele>
<time>2023-03-19T05:42:46Z</time>
</trkpt>
<trkpt lat="24.4925980" lon="121.1074256">
<ele>2043.35</ele>
<time>2023-03-19T05:42:54Z</time>
</trkpt>
<trkpt lat="24.4926391" lon="121.1074523">
<ele>2042.93</ele>
<time>2023-03-19T05:43:00Z</time>
</trkpt>
<trkpt lat="24.4926931" lon="121.1074717">
<ele>2040.98</ele>
<time>2023-03-19T05:43:06Z</time>
</trkpt>
<trkpt lat="24.4927489" lon="121.1074932">
<ele>2037.58</ele>
<time>2023-03-19T05:43:12Z</time>
</trkpt>
<trkpt lat="24.4928149" lon="121.1075015">
<ele>2037.10</ele>
<time>2023-03-19T05:43:18Z</time>
</trkpt>
<trkpt lat="24.4928597" lon="121.1075076">
<ele>2035.02</ele>
<time>2023-03-19T05:43:22Z</time>
</trkpt>
<trkpt lat="24.4929026" lon="121.1075238">
<ele>2035.21</ele>
<time>2023-03-19T05:43:26Z</time>
</trkpt>
<trkpt lat="24.4929638" lon="121.1075572">
<ele>2033.98</ele>
<time>2023-03-19T05:43:32Z</time>
</trkpt>
<trkpt lat="24.4930069" lon="121.1075783">
<ele>2032.14</ele>
<time>2023-03-19T05:43:36Z</time>
</trkpt>
<trkpt lat="24.4930507" lon="121.1076067">
<ele>2033.04</ele>
<time>2023-03-19T05:43:40Z</time>
</trkpt>
<trkpt lat="24.4930881" lon="121.1076509">
<ele>2033.46</ele>
<time>2023-03-19T05:43:44Z</time>
</trkpt>
<trkpt lat="24.4931202" lon="121.1077092">
<ele>2035.36</ele>
<time>2023-03-19T05:43:48Z</time>
</trkpt>
<trkpt lat="24.4931374" lon="121.1077665">
<ele>2035.78</ele>
<time>2023-03-19T05:43:52Z</time>
</trkpt>
<trkpt lat="24.4931596" lon="121.1078162">
<ele>2037.21</ele>
<time>2023-03-19T05:43:56Z</time>
</trkpt>
<trkpt lat="24.4931625" lon="121.1078734">
<ele>2036.39</ele>
<time>2023-03-19T05:44:00Z</time>
</trkpt>
<trkpt lat="24.4931770" lon="121.1079476">
<ele>2034.60</ele>
<time>2023-03-19T05:44:06Z</time>
</trkpt>
<trkpt lat="24.4931895" lon="121.1080112">
<ele>2035.36</ele>
<time>2023-03-19T05:44:10Z</time>
</trkpt>
<trkpt lat="24.4931963" lon="121.1080714">
<ele>2036.48</ele>
<time>2023-03-19T05:44:14Z</time>
</trkpt>
<trkpt lat="24.4932092" lon="121.1081220">
<ele>2034.96</ele>
<time>2023-03-19T05:44:18Z</time>
</trkpt>
<trkpt lat="24.4932299" lon="121.1081672">
<ele>2034.33</ele>
<time>2023-03-19T05:44:22Z</time>
</trkpt>
<trkpt lat="24.4932487" lon="121.1082151">
<ele>2034.60</ele>
<time>2023-03-19T05:44:26Z</time>
</trkpt>
<trkpt lat="24.4932604" lon="121.1082717">
<ele>2034.30</ele>
<time>2023-03-19T05:44:30Z</time>
</trkpt>
<trkpt lat="24.4932683" lon="121.1083254">
<ele>2034.26</ele>
<time>2023-03-19T05:44:34Z</time>
</trkpt>
<trkpt lat="24.4932808" lon="121.1083775">
<ele>2031.49</ele>
<time>2023-03-19T05:44:38Z</time>
</trkpt>
<trkpt lat="24.4932941" lon="121.1084344">
<ele>2029.41</ele>
<time>2023-03-19T05:44:42Z</time>
</trkpt>
<trkpt lat="24.4933203" lon="121.1084839">
<ele>2028.76</ele>
<time>2023-03-19T05:44:46Z</time>
</trkpt>
<trkpt lat="24.4933546" lon="121.1085241">
<ele>2027.07</ele>
<time>2023-03-19T05:44:50Z</time>
</trkpt>
<trkpt lat="24.4934036" lon="121.1085574">
<ele>2030.95</ele>
<time>2023-03-19T05:44:54Z</time>
</trkpt>
<trkpt lat="24.4934581" lon="121.1085856">
<ele>2035.36</ele>
<time>2023-03-19T05:44:58Z</time>
</trkpt>
<trkpt lat="24.4935059" lon="121.1086031">
<ele>2035.07</ele>
<time>2023-03-19T05:45:02Z</time>
</trkpt>
<trkpt lat="24.4935492" lon="121.1086345">
<ele>2035.30</ele>
<time>2023-03-19T05:45:06Z</time>
</trkpt>
<trkpt lat="24.4935955" lon="121.1086721">
<ele>2035.66</ele>
<time>2023-03-19T05:45:10Z</time>
</trkpt>
<trkpt lat="24.4936474" lon="121.1087025">
<ele>2035.72</ele>
<time>2023-03-19T05:45:14Z</time>
</trkpt>
<trkpt lat="24.4936916" lon="121.1087297">
<ele>2034.61</ele>
<time>2023-03-19T05:45:18Z</time>
</trkpt>
<trkpt lat="24.4937412" lon="121.1087692">
<ele>2035.43</ele>
<time>2023-03-19T05:45:22Z</time>
</trkpt>
<trkpt lat="24.4937876" lon="121.1087970">
<ele>2034.94</ele>
<time>2023-03-19T05:45:26Z</time>
</trkpt>
<trkpt lat="24.4938371" lon="121.1088324">
<ele>2035.91</ele>
<time>2023-03-19T05:45:30Z</time>
</trkpt>
<trkpt lat="24.4938838" lon="121.1088610">
<ele>2033.42</ele>
<time>2023-03-19T05:45:34Z</time>
</trkpt>
<trkpt lat="24.4939237" lon="121.1088973">
<ele>2033.44</ele>
<time>2023-03-19T05:45:38Z</time>
</trkpt>
<trkpt lat="24.4939476" lon="121.1089517">
<ele>2031.82</ele>
<time>2023-03-19T05:45:42Z</time>
</trkpt>
<trkpt lat="24.4939686" lon="121.1090086">
<ele>2030.98</ele>
<time>2023-03-19T05:45:46Z</time>
</trkpt>
<trkpt lat="24.4939902" lon="121.1090555">
<ele>2029.71</ele>
<time>2023-03-19T05:45:50Z</time>
</trkpt>
<trkpt lat="24.4940267" lon="121.1090883">
<ele>2029.18</ele>
<time>2023-03-19T05:45:54Z</time>
</trkpt>
<trkpt lat="24.4940682" lon="121.1091217">
<ele>2028.62</ele>
<time>2023-03-19T05:45:58Z</time>
</trkpt>
<trkpt lat="24.4941152" lon="121.1091391">
<ele>2028.07</ele>
<time>2023-03-19T05:46:02Z</time>
</trkpt>
<trkpt lat="24.4941582" lon="121.1091673">
<ele>2027.26</ele>
<time>2023-03-19T05:46:06Z</time>
</trkpt>
<trkpt lat="24.4941928" lon="121.1092072">
<ele>2026.52</ele>
<time>2023-03-19T05:46:10Z</time>
</trkpt>
<trkpt lat="24.4942234" lon="121.1092500">
<ele>2026.75</ele>
<time>2023-03-19T05:46:14Z</time>
</trkpt>
<trkpt lat="24.4942611" lon="121.1092901">
<ele>2027.79</ele>
<time>2023-03-19T05:46:18Z</time>
</trkpt>
<trkpt lat="24.4942955" lon="121.1093291">
<ele>2028.91</ele>
<time>2023-03-19T05:46:22Z</time>
</trkpt>
<trkpt lat="24.4943317" lon="121.1093705">
<ele>2029.82</ele>
<time>2023-03-19T05:46:26Z</time>
</trkpt>
<trkpt lat="24.4943718" lon="121.1094082">
<ele>2030.99</ele>
<time>2023-03-19T05:46:30Z</time>
</trkpt>
<trkpt lat="24.4944089" lon="121.1094507">
<ele>2031.59</ele>
<time>2023-03-19T05:46:34Z</time>
</trkpt>
<trkpt lat="24.4944473" lon="121.1094847">
<ele>2031.01</ele>
<time>2023-03-19T05:46:38Z</time>
</trkpt>
<trkpt lat="24.4944841" lon="121.1095198">
<ele>2031.31</ele>
<time>2023-03-19T05:46:42Z</time>
</trkpt>
<trkpt lat="24.4945222" lon="121.1095549">
<ele>2031.13</ele>
<time>2023-03-19T05:46:46Z</time>
</trkpt>
<trkpt lat="24.4945609" lon="121.1095886">
<ele>2031.33</ele>
<time>2023-03-19T05:46:50Z</time>
</trkpt>
<trkpt lat="24.4945946" lon="121.1096317">
<ele>2031.20</ele>
<time>2023-03-19T05:46:54Z</time>
</trkpt>
<trkpt lat="24.4946285" lon="121.1096699">
<ele>2031.15</ele>
<time>2023-03-19T05:46:58Z</time>
</trkpt>
<trkpt lat="24.4946684" lon="121.1097014">
<ele>2031.62</ele>
<time>2023-03-19T05:47:02Z</time>
</trkpt>
<trkpt lat="24.4947145" lon="121.1097231">
<ele>2032.90</ele>
<time>2023-03-19T05:47:06Z</time>
</trkpt>
<trkpt lat="24.4947764" lon="121.1097364">
<ele>2031.97</ele>
<time>2023-03-19T05:47:12Z</time>
</trkpt>
<trkpt lat="24.4948442" lon="121.1097389">
<ele>2032.37</ele>
<time>2023-03-19T05:47:18Z</time>
</trkpt>
<trkpt lat="24.4948979" lon="121.1097395">
<ele>2033.08</ele>
<time>2023-03-19T05:47:22Z</time>
</trkpt>
<trkpt lat="24.4949463" lon="121.1097449">
<ele>2032.70</ele>
<time>2023-03-19T05:47:26Z</time>
</trkpt>
<trkpt lat="24.4950112" lon="121.1097560">
<ele>2032.37</ele>
<time>2023-03-19T05:47:32Z</time>
</trkpt>
<trkpt lat="24.4950570" lon="121.1097771">
<ele>2031.68</ele>
<time>2023-03-19T05:47:36Z</time>
</trkpt>
<trkpt lat="24.4951012" lon="121.1098040">
<ele>2031.22</ele>
<time>2023-03-19T05:47:40Z</time>
</trkpt>
<trkpt lat="24.4951379" lon="121.1098338">
<ele>2030.85</ele>
<time>2023-03-19T05:47:44Z</time>
</trkpt>
<trkpt lat="24.4951611" lon="121.1098793">
<ele>2029.80</ele>
<time>2023-03-19T05:47:48Z</time>
</trkpt>
<trkpt lat="24.4951871" lon="121.1099254">
<ele>2028.67</ele>
<time>2023-03-19T05:47:52Z</time>
</trkpt>
<trkpt lat="24.4952196" lon="121.1099660">
<ele>2028.31</ele>
<time>2023-03-19T05:47:56Z</time>
</trkpt>
<trkpt lat="24.4952456" lon="121.1100097">
<ele>2027.62</ele>
<time>2023-03-19T05:48:00Z</time>
</trkpt>
<trkpt lat="24.4952731" lon="121.1100547">
<ele>2027.53</ele>
<time>2023-03-19T05:48:04Z</time>
</trkpt>
<trkpt lat="24.4952968" lon="121.1101033">
<ele>2028.32</ele>
<time>2023-03-19T05:48:08Z</time>
</trkpt>
<trkpt lat="24.4953214" lon="121.1101565">
<ele>2029.48</ele>
<time>2023-03-19T05:48:12Z</time>
</trkpt>
<trkpt lat="24.4953492" lon="121.1102063">
<ele>2030.45</ele>
<time>2023-03-19T05:48:16Z</time>
</trkpt>
<trkpt lat="24.4953759" lon="121.1102540">
<ele>2031.59</ele>
<time>2023-03-19T05:48:20Z</time>
</trkpt>
<trkpt lat="24.4954025" lon="121.1103025">
<ele>2033.18</ele>
<time>2023-03-19T05:48:24Z</time>
</trkpt>
<trkpt lat="24.4954245" lon="121.1103516">
<ele>2033.57</ele>
<time>2023-03-19T05:48:28Z</time>
</trkpt>
<trkpt lat="24.4954345" lon="121.1104029">
<ele>2033.90</ele>
<time>2023-03-19T05:48:32Z</time>
</trkpt>
<trkpt lat="24.4954285" lon="121.1104532">
<ele>2034.02</ele>
<time>2023-03-19T05:48:36Z</time>
</trkpt>
<trkpt lat="24.4954374" lon="121.1105024">
<ele>2033.58</ele>
<time>2023-03-19T05:48:40Z</time>
</trkpt>
<trkpt lat="24.4954476" lon="121.1105507">
<ele>2032.68</ele>
<time>2023-03-19T05:48:44Z</time>
</trkpt>
<trkpt lat="24.4954479" lon="121.1106226">
<ele>2031.69</ele>
<time>2023-03-19T05:48:52Z</time>
</trkpt>
<trkpt lat="24.4954874" lon="121.1106757">
<ele>2030.91</ele>
<time>2023-03-19T05:48:58Z</time>
</trkpt>
<trkpt lat="24.4955436" lon="121.1107069">
<ele>2031.25</ele>
<time>2023-03-19T05:49:04Z</time>
</trkpt>
<trkpt lat="24.4955899" lon="121.1107101">
<ele>2031.16</ele>
<time>2023-03-19T05:49:08Z</time>
</trkpt>
<trkpt lat="24.4956347" lon="121.1106984">
<ele>2030.84</ele>
<time>2023-03-19T05:49:12Z</time>
</trkpt>
<trkpt lat="24.4956816" lon="121.1106872">
<ele>2031.49</ele>
<time>2023-03-19T05:49:16Z</time>
</trkpt>
<trkpt lat="24.4957266" lon="121.1106706">
<ele>2031.33</ele>
<time>2023-03-19T05:49:20Z</time>
</trkpt>
<trkpt lat="24.4957657" lon="121.1106373">
<ele>2030.87</ele>
<time>2023-03-19T05:49:24Z</time>
</trkpt>
<trkpt lat="24.4958086" lon="121.1106171">
<ele>2030.56</ele>
<time>2023-03-19T05:49:28Z</time>
</trkpt>
<trkpt lat="24.4958416" lon="121.1105836">
<ele>2031.14</ele>
<time>2023-03-19T05:49:32Z</time>
</trkpt>
<trkpt lat="24.4958943" lon="121.1105507">
<ele>2030.13</ele>
<time>2023-03-19T05:49:38Z</time>
</trkpt>
<trkpt lat="24.4959413" lon="121.1105072">
<ele>2030.03</ele>
<time>2023-03-19T05:49:44Z</time>
</trkpt>
<trkpt lat="24.4959885" lon="121.1104495">
<ele>2031.34</ele>
<time>2023-03-19T05:49:50Z</time>
</trkpt>
<trkpt lat="24.4960281" lon="121.1104250">
<ele>2032.21</ele>
<time>2023-03-19T05:49:54Z</time>
</trkpt>
<trkpt lat="24.4960746" lon="121.1103770">
<ele>2032.53</ele>
<time>2023-03-19T05:50:00Z</time>
</trkpt>
<trkpt lat="24.4960979" lon="121.1102981">
<ele>2033.63</ele>
<time>2023-03-19T05:50:07Z</time>
</trkpt>
<trkpt lat="24.4961160" lon="121.1102422">
<ele>2033.85</ele>
<time>2023-03-19T05:50:12Z</time>
</trkpt>
<trkpt lat="24.4961270" lon="121.1101933">
<ele>2033.81</ele>
<time>2023-03-19T05:50:16Z</time>
</trkpt>
<trkpt lat="24.4961356" lon="121.1101345">
<ele>2031.30</ele>
<time>2023-03-19T05:50:21Z</time>
</trkpt>
<trkpt lat="24.4961387" lon="121.1100705">
<ele>2032.25</ele>
<time>2023-03-19T05:50:26Z</time>
</trkpt>
<trkpt lat="24.4961375" lon="121.1099851">
<ele>2033.93</ele>
<time>2023-03-19T05:50:33Z</time>
</trkpt>
<trkpt lat="24.4961307" lon="121.1099079">
<ele>2035.35</ele>
<time>2023-03-19T05:50:39Z</time>
</trkpt>
<trkpt lat="24.4961112" lon="121.1098494">
<ele>2036.56</ele>
<time>2023-03-19T05:50:44Z</time>
</trkpt>
<trkpt lat="24.4961122" lon="121.1097927">
<ele>2037.52</ele>
<time>2023-03-19T05:50:48Z</time>
</trkpt>
<trkpt lat="24.4961173" lon="121.1097314">
<ele>2037.59</ele>
<time>2023-03-19T05:50:52Z</time>
</trkpt>
<trkpt lat="24.4961208" lon="121.1096694">
<ele>2035.41</ele>
<time>2023-03-19T05:50:57Z</time>
</trkpt>
<trkpt lat="24.4961398" lon="121.1095959">
<ele>2033.03</ele>
<time>2023-03-19T05:51:03Z</time>
</trkpt>
<trkpt lat="24.4961586" lon="121.1095355">
<ele>2040.43</ele>
<time>2023-03-19T05:51:07Z</time>
</trkpt>
<trkpt lat="24.4961828" lon="121.1094865">
<ele>2044.93</ele>
<time>2023-03-19T05:51:11Z</time>
</trkpt>
<trkpt lat="24.4962104" lon="121.1094090">
<ele>2045.61</ele>
<time>2023-03-19T05:51:17Z</time>
</trkpt>
<trkpt lat="24.4962309" lon="121.1093563">
<ele>2046.78</ele>
<time>2023-03-19T05:51:21Z</time>
</trkpt>
<trkpt lat="24.4962473" lon="121.1093077">
<ele>2048.19</ele>
<time>2023-03-19T05:51:25Z</time>
</trkpt>
<trkpt lat="24.4962543" lon="121.1092322">
<ele>2049.29</ele>
<time>2023-03-19T05:51:31Z</time>
</trkpt>
<trkpt lat="24.4962607" lon="121.1091621">
<ele>2049.24</ele>
<time>2023-03-19T05:51:37Z</time>
</trkpt>
<trkpt lat="24.4962746" lon="121.1090937">
<ele>2047.28</ele>
<time>2023-03-19T05:51:43Z</time>
</trkpt>
<trkpt lat="24.4963035" lon="121.1090347">
<ele>2045.82</ele>
<time>2023-03-19T05:51:49Z</time>
</trkpt>
<trkpt lat="24.4963600" lon="121.1089986">
<ele>2043.36</ele>
<time>2023-03-19T05:51:55Z</time>
</trkpt>
<trkpt lat="24.4964067" lon="121.1089850">
<ele>2043.37</ele>
<time>2023-03-19T05:51:59Z</time>
</trkpt>
<trkpt lat="24.4964573" lon="121.1090007">
<ele>2044.42</ele>
<time>2023-03-19T05:52:03Z</time>
</trkpt>
<trkpt lat="24.4965095" lon="121.1090312">
<ele>2047.16</ele>
<time>2023-03-19T05:52:07Z</time>
</trkpt>
<trkpt lat="24.4965180" lon="121.1090818">
<ele>2046.03</ele>
<time>2023-03-19T05:52:11Z</time>
</trkpt>
<trkpt lat="24.4965106" lon="121.1091323">
<ele>2045.32</ele>
<time>2023-03-19T05:52:15Z</time>
</trkpt>
<trkpt lat="24.4965042" lon="121.1091845">
<ele>2043.94</ele>
<time>2023-03-19T05:52:19Z</time>
</trkpt>
<trkpt lat="24.4965024" lon="121.1092382">
<ele>2043.98</ele>
<time>2023-03-19T05:52:23Z</time>
</trkpt>
<trkpt lat="24.4964848" lon="121.1092975">
<ele>2043.66</ele>
<time>2023-03-19T05:52:27Z</time>
</trkpt>
<trkpt lat="24.4964728" lon="121.1093527">
<ele>2044.46</ele>
<time>2023-03-19T05:52:31Z</time>
</trkpt>
<trkpt lat="24.4964697" lon="121.1094038">
<ele>2042.95</ele>
<time>2023-03-19T05:52:35Z</time>
</trkpt>
<trkpt lat="24.4964624" lon="121.1094537">
<ele>2044.76</ele>
<time>2023-03-19T05:52:39Z</time>
</trkpt>
<trkpt lat="24.4964518" lon="121.1095262">
<ele>2044.41</ele>
<time>2023-03-19T05:52:45Z</time>
</trkpt>
<trkpt lat="24.4964509" lon="121.1095999">
<ele>2045.84</ele>
<time>2023-03-19T05:52:51Z</time>
</trkpt>
<trkpt lat="24.4964774" lon="121.1096675">
<ele>2043.38</ele>
<time>2023-03-19T05:52:57Z</time>
</trkpt>
<trkpt lat="24.4965181" lon="121.1097201">
<ele>2043.94</ele>
<time>2023-03-19T05:53:03Z</time>
</trkpt>
<trkpt lat="24.4965824" lon="121.1097418">
<ele>2044.17</ele>
<time>2023-03-19T05:53:09Z</time>
</trkpt>
<trkpt lat="24.4966295" lon="121.1097408">
<ele>2045.10</ele>
<time>2023-03-19T05:53:13Z</time>
</trkpt>
<trkpt lat="24.4966822" lon="121.1097308">
<ele>2046.11</ele>
<time>2023-03-19T05:53:17Z</time>
</trkpt>
<trkpt lat="24.4967298" lon="121.1097179">
<ele>2046.54</ele>
<time>2023-03-19T05:53:21Z</time>
</trkpt>
<trkpt lat="24.4967915" lon="121.1097035">
<ele>2046.68</ele>
<time>2023-03-19T05:53:27Z</time>
</trkpt>
<trkpt lat="24.4968519" lon="121.1096831">
<ele>2047.58</ele>
<time>2023-03-19T05:53:33Z</time>
</trkpt>
<trkpt lat="24.4968988" lon="121.1096908">
<ele>2046.34</ele>
<time>2023-03-19T05:53:37Z</time>
</trkpt>
<trkpt lat="24.4969571" lon="121.1097250">
<ele>2047.55</ele>
<time>2023-03-19T05:53:43Z</time>
</trkpt>
<trkpt lat="24.4970144" lon="121.1097449">
<ele>2049.58</ele>
<time>2023-03-19T05:53:49Z</time>
</trkpt>
<trkpt lat="24.4970684" lon="121.1097687">
<ele>2050.03</ele>
<time>2023-03-19T05:53:55Z</time>
</trkpt>
<trkpt lat="24.4971463" lon="121.1097775">
<ele>2051.10</ele>
<time>2023-03-19T05:54:03Z</time>
</trkpt>
<trkpt lat="24.4971988" lon="121.1097903">
<ele>2052.06</ele>
<time>2023-03-19T05:54:09Z</time>
</trkpt>
<trkpt lat="24.4972532" lon="121.1097958">
<ele>2050.71</ele>
<time>2023-03-19T05:54:15Z</time>
</trkpt>
<trkpt lat="24.4973080" lon="121.1097907">
<ele>2047.80</ele>
<time>2023-03-19T05:54:21Z</time>
</trkpt>
<trkpt lat="24.4973507" lon="121.1097743">
<ele>2048.78</ele>
<time>2023-03-19T05:54:25Z</time>
</trkpt>
<trkpt lat="24.4974059" lon="121.1097548">
<ele>2048.34</ele>
<time>2023-03-19T05:54:31Z</time>
</trkpt>
<trkpt lat="24.4974515" lon="121.1097214">
<ele>2046.92</ele>
<time>2023-03-19T05:54:37Z</time>
</trkpt>
<trkpt lat="24.4974962" lon="121.1096756">
<ele>2046.82</ele>
<time>2023-03-19T05:54:43Z</time>
</trkpt>
<trkpt lat="24.4975403" lon="121.1096371">
<ele>2045.86</ele>
<time>2023-03-19T05:54:49Z</time>
</trkpt>
<trkpt lat="24.4975822" lon="121.1095948">
<ele>2045.35</ele>
<time>2023-03-19T05:54:55Z</time>
</trkpt>
<trkpt lat="24.4976626" lon="121.1095787">
<ele>2044.11</ele>
<time>2023-03-19T05:55:03Z</time>
</trkpt>
<trkpt lat="24.4977195" lon="121.1095611">
<ele>2044.75</ele>
<time>2023-03-19T05:55:09Z</time>
</trkpt>
<trkpt lat="24.4977765" lon="121.1095311">
<ele>2045.04</ele>
<time>2023-03-19T05:55:15Z</time>
</trkpt>
<trkpt lat="24.4978356" lon="121.1095006">
<ele>2045.05</ele>
<time>2023-03-19T05:55:21Z</time>
</trkpt>
<trkpt lat="24.4978796" lon="121.1095142">
<ele>2044.44</ele>
<time>2023-03-19T05:55:25Z</time>
</trkpt>
<trkpt lat="24.4979076" lon="121.1095608">
<ele>2044.14</ele>
<time>2023-03-19T05:55:29Z</time>
</trkpt>
<trkpt lat="24.4979213" lon="121.1096122">
<ele>2044.01</ele>
<time>2023-03-19T05:55:33Z</time>
</trkpt>
<trkpt lat="24.4979361" lon="121.1096660">
<ele>2047.59</ele>
<time>2023-03-19T05:55:37Z</time>
</trkpt>
<trkpt lat="24.4979344" lon="121.1097185">
<ele>2048.73</ele>
<time>2023-03-19T05:55:41Z</time>
</trkpt>
<trkpt lat="24.4979135" lon="121.1097887">
<ele>2049.55</ele>
<time>2023-03-19T05:55:47Z</time>
</trkpt>
<trkpt lat="24.4978908" lon="121.1098342">
<ele>2049.08</ele>
<time>2023-03-19T05:55:51Z</time>
</trkpt>
<trkpt lat="24.4978500" lon="121.1098886">
<ele>2049.95</ele>
<time>2023-03-19T05:55:57Z</time>
</trkpt>
<trkpt lat="24.4978076" lon="121.1099425">
<ele>2050.57</ele>
<time>2023-03-19T05:56:03Z</time>
</trkpt>
<trkpt lat="24.4977706" lon="121.1099968">
<ele>2052.53</ele>
<time>2023-03-19T05:56:09Z</time>
</trkpt>
<trkpt lat="24.4977372" lon="121.1100561">
<ele>2053.39</ele>
<time>2023-03-19T05:56:15Z</time>
</trkpt>
<trkpt lat="24.4977020" lon="121.1101139">
<ele>2055.74</ele>
<time>2023-03-19T05:56:21Z</time>
</trkpt>
<trkpt lat="24.4976787" lon="121.1101564">
<ele>2055.82</ele>
<time>2023-03-19T05:56:25Z</time>
</trkpt>
<trkpt lat="24.4976477" lon="121.1102144">
<ele>2055.70</ele>
<time>2023-03-19T05:56:31Z</time>
</trkpt>
<trkpt lat="24.4976159" lon="121.1102680">
<ele>2054.64</ele>
<time>2023-03-19T05:56:37Z</time>
</trkpt>
<trkpt lat="24.4975805" lon="121.1103184">
<ele>2055.69</ele>
<time>2023-03-19T05:56:43Z</time>
</trkpt>
<trkpt lat="24.4975433" lon="121.1103610">
<ele>2057.36</ele>
<time>2023-03-19T05:56:49Z</time>
</trkpt>
<trkpt lat="24.4974969" lon="121.1103960">
<ele>2058.13</ele>
<time>2023-03-19T05:56:53Z</time>
</trkpt>
<trkpt lat="24.4974538" lon="121.1104157">
<ele>2057.12</ele>
<time>2023-03-19T05:56:57Z</time>
</trkpt>
<trkpt lat="24.4973838" lon="121.1104163">
<ele>2058.28</ele>
<time>2023-03-19T05:57:03Z</time>
</trkpt>
<trkpt lat="24.4973314" lon="121.1104209">
<ele>2058.15</ele>
<time>2023-03-19T05:57:07Z</time>
</trkpt>
<trkpt lat="24.4972811" lon="121.1104273">
<ele>2057.78</ele>
<time>2023-03-19T05:57:11Z</time>
</trkpt>
<trkpt lat="24.4972332" lon="121.1104407">
<ele>2057.93</ele>
<time>2023-03-19T05:57:15Z</time>
</trkpt>
<trkpt lat="24.4971849" lon="121.1104476">
<ele>2058.74</ele>
<time>2023-03-19T05:57:19Z</time>
</trkpt>
<trkpt lat="24.4971414" lon="121.1104613">
<ele>2058.66</ele>
<time>2023-03-19T05:57:23Z</time>
</trkpt>
<trkpt lat="24.4970825" lon="121.1104907">
<ele>2056.44</ele>
<time>2023-03-19T05:57:29Z</time>
</trkpt>
<trkpt lat="24.4970425" lon="121.1105176">
<ele>2057.51</ele>
<time>2023-03-19T05:57:33Z</time>
</trkpt>
<trkpt lat="24.4969948" lon="121.1105278">
<ele>2055.95</ele>
<time>2023-03-19T05:57:37Z</time>
</trkpt>
<trkpt lat="24.4969285" lon="121.1105288">
<ele>2054.79</ele>
<time>2023-03-19T05:57:43Z</time>
</trkpt>
<trkpt lat="24.4968699" lon="121.1105428">
<ele>2054.53</ele>
<time>2023-03-19T05:57:49Z</time>
</trkpt>
<trkpt lat="24.4968180" lon="121.1105684">
<ele>2053.74</ele>
<time>2023-03-19T05:57:55Z</time>
</trkpt>
<trkpt lat="24.4967905" lon="121.1106246">
<ele>2052.63</ele>
<time>2023-03-19T05:58:01Z</time>
</trkpt>
<trkpt lat="24.4967796" lon="121.1106767">
<ele>2053.92</ele>
<time>2023-03-19T05:58:05Z</time>
</trkpt>
<trkpt lat="24.4967997" lon="121.1107293">
<ele>2054.24</ele>
<time>2023-03-19T05:58:09Z</time>
</trkpt>
<trkpt lat="24.4968362" lon="121.1107647">
<ele>2054.69</ele>
<time>2023-03-19T05:58:13Z</time>
</trkpt>
<trkpt lat="24.4968871" lon="121.1107885">
<ele>2055.75</ele>
<time>2023-03-19T05:58:17Z</time>
</trkpt>
<trkpt lat="24.4969315" lon="121.1108119">
<ele>2058.27</ele>
<time>2023-03-19T05:58:21Z</time>
</trkpt>
<trkpt lat="24.4969766" lon="121.1108385">
<ele>2060.50</ele>
<time>2023-03-19T05:58:25Z</time>
</trkpt>
<trkpt lat="24.4970376" lon="121.1108655">
<ele>2060.87</ele>
<time>2023-03-19T05:58:31Z</time>
</trkpt>
<trkpt lat="24.4970886" lon="121.1108847">
<ele>2059.12</ele>
<time>2023-03-19T05:58:35Z</time>
</trkpt>
<trkpt lat="24.4971365" lon="121.1108979">
<ele>2059.16</ele>
<time>2023-03-19T05:58:39Z</time>
</trkpt>
<trkpt lat="24.4971864" lon="121.1109170">
<ele>2059.89</ele>
<time>2023-03-19T05:58:43Z</time>
</trkpt>
<trkpt lat="24.4972218" lon="121.1109504">
<ele>2059.67</ele>
<time>2023-03-19T05:58:47Z</time>
</trkpt>
<trkpt lat="24.4972485" lon="121.1109909">
<ele>2060.60</ele>
<time>2023-03-19T05:58:51Z</time>
</trkpt>
<trkpt lat="24.4972707" lon="121.1110556">
<ele>2061.89</ele>
<time>2023-03-19T05:58:57Z</time>
</trkpt>
<trkpt lat="24.4972816" lon="121.1111101">
<ele>2063.77</ele>
<time>2023-03-19T05:59:01Z</time>
</trkpt>
<trkpt lat="24.4972555" lon="121.1111603">
<ele>2062.49</ele>
<time>2023-03-19T05:59:05Z</time>
</trkpt>
<trkpt lat="24.4972384" lon="121.1112085">
<ele>2064.93</ele>
<time>2023-03-19T05:59:09Z</time>
</trkpt>
<trkpt lat="24.4972068" lon="121.1112738">
<ele>2066.30</ele>
<time>2023-03-19T05:59:15Z</time>
</trkpt>
<trkpt lat="24.4971930" lon="121.1113358">
<ele>2065.36</ele>
<time>2023-03-19T05:59:21Z</time>
</trkpt>
<trkpt lat="24.4971690" lon="121.1114022">
<ele>2065.79</ele>
<time>2023-03-19T05:59:27Z</time>
</trkpt>
<trkpt lat="24.4971383" lon="121.1114669">
<ele>2064.31</ele>
<time>2023-03-19T05:59:33Z</time>
</trkpt>
<trkpt lat="24.4971067" lon="121.1115323">
<ele>2063.92</ele>
<time>2023-03-19T05:59:39Z</time>
</trkpt>
<trkpt lat="24.4970788" lon="121.1115939">
<ele>2064.74</ele>
<time>2023-03-19T05:59:45Z</time>
</trkpt>
<trkpt lat="24.4970597" lon="121.1116490">
<ele>2064.73</ele>
<time>2023-03-19T05:59:49Z</time>
</trkpt>
<trkpt lat="24.4970434" lon="121.1117027">
<ele>2064.80</ele>
<time>2023-03-19T05:59:53Z</time>
</trkpt>
<trkpt lat="24.4970394" lon="121.1117760">
<ele>2064.68</ele>
<time>2023-03-19T05:59:59Z</time>
</trkpt>
<trkpt lat="24.4970455" lon="121.1118439">
<ele>2064.08</ele>
<time>2023-03-19T06:00:05Z</time>
</trkpt>
<trkpt lat="24.4970825" lon="121.1118983">
<ele>2064.27</ele>
<time>2023-03-19T06:00:11Z</time>
</trkpt>
<trkpt lat="24.4971368" lon="121.1119323">
<ele>2066.60</ele>
<time>2023-03-19T06:00:17Z</time>
</trkpt>
<trkpt lat="24.4971988" lon="121.1119643">
<ele>2070.49</ele>
<time>2023-03-19T06:00:23Z</time>
</trkpt>
<trkpt lat="24.4972639" lon="121.1119727">
<ele>2069.99</ele>
<time>2023-03-19T06:00:29Z</time>
</trkpt>
<trkpt lat="24.4973293" lon="121.1119745">
<ele>2069.04</ele>
<time>2023-03-19T06:00:35Z</time>
</trkpt>
<trkpt lat="24.4973928" lon="121.1119758">
<ele>2067.40</ele>
<time>2023-03-19T06:00:41Z</time>
</trkpt>
<trkpt lat="24.4974590" lon="121.1119614">
<ele>2066.18</ele>
<time>2023-03-19T06:00:47Z</time>
</trkpt>
<trkpt lat="24.4975212" lon="121.1119348">
<ele>2064.96</ele>
<time>2023-03-19T06:00:53Z</time>
</trkpt>
<trkpt lat="24.4975646" lon="121.1119063">
<ele>2065.42</ele>
<time>2023-03-19T06:00:57Z</time>
</trkpt>
<trkpt lat="24.4976235" lon="121.1118746">
<ele>2065.74</ele>
<time>2023-03-19T06:01:03Z</time>
</trkpt>
<trkpt lat="24.4976636" lon="121.1118510">
<ele>2065.96</ele>
<time>2023-03-19T06:01:07Z</time>
</trkpt>
<trkpt lat="24.4977030" lon="121.1118263">
<ele>2067.23</ele>
<time>2023-03-19T06:01:11Z</time>
</trkpt>
<trkpt lat="24.4977448" lon="121.1117967">
<ele>2070.55</ele>
<time>2023-03-19T06:01:15Z</time>
</trkpt>
<trkpt lat="24.4977884" lon="121.1117802">
<ele>2069.33</ele>
<time>2023-03-19T06:01:19Z</time>
</trkpt>
<trkpt lat="24.4978325" lon="121.1117686">
<ele>2068.64</ele>
<time>2023-03-19T06:01:23Z</time>
</trkpt>
<trkpt lat="24.4978801" lon="121.1117463">
<ele>2069.52</ele>
<time>2023-03-19T06:01:27Z</time>
</trkpt>
<trkpt lat="24.4979199" lon="121.1117168">
<ele>2069.12</ele>
<time>2023-03-19T06:01:31Z</time>
</trkpt>
<trkpt lat="24.4979677" lon="121.1116653">
<ele>2064.89</ele>
<time>2023-03-19T06:01:37Z</time>
</trkpt>
<trkpt lat="24.4980058" lon="121.1116336">
<ele>2064.57</ele>
<time>2023-03-19T06:01:41Z</time>
</trkpt>
<trkpt lat="24.4980439" lon="121.1115983">
<ele>2064.22</ele>
<time>2023-03-19T06:01:45Z</time>
</trkpt>
<trkpt lat="24.4980834" lon="121.1115699">
<ele>2063.34</ele>
<time>2023-03-19T06:01:49Z</time>
</trkpt>
<trkpt lat="24.4981263" lon="121.1115445">
<ele>2063.63</ele>
<time>2023-03-19T06:01:53Z</time>
</trkpt>
<trkpt lat="24.4981693" lon="121.1115221">
<ele>2063.27</ele>
<time>2023-03-19T06:01:57Z</time>
</trkpt>
<trkpt lat="24.4982160" lon="121.1114986">
<ele>2066.59</ele>
<time>2023-03-19T06:02:01Z</time>
</trkpt>
<trkpt lat="24.4982634" lon="121.1114696">
<ele>2066.52</ele>
<time>2023-03-19T06:02:05Z</time>
</trkpt>
<trkpt lat="24.4983108" lon="121.1114506">
<ele>2064.70</ele>
<time>2023-03-19T06:02:09Z</time>
</trkpt>
<trkpt lat="24.4983638" lon="121.1114543">
<ele>2064.12</ele>
<time>2023-03-19T06:02:13Z</time>
</trkpt>
<trkpt lat="24.4984112" lon="121.1114492">
<ele>2065.44</ele>
<time>2023-03-19T06:02:17Z</time>
</trkpt>
<trkpt lat="24.4984570" lon="121.1114426">
<ele>2065.87</ele>
<time>2023-03-19T06:02:21Z</time>
</trkpt>
<trkpt lat="24.4985090" lon="121.1114611">
<ele>2067.33</ele>
<time>2023-03-19T06:02:25Z</time>
</trkpt>
<trkpt lat="24.4985608" lon="121.1114840">
<ele>2071.28</ele>
<time>2023-03-19T06:02:29Z</time>
</trkpt>
<trkpt lat="24.4986061" lon="121.1115025">
<ele>2070.77</ele>
<time>2023-03-19T06:02:33Z</time>
</trkpt>
<trkpt lat="24.4986578" lon="121.1115181">
<ele>2070.06</ele>
<time>2023-03-19T06:02:37Z</time>
</trkpt>
<trkpt lat="24.4987056" lon="121.1115504">
<ele>2071.08</ele>
<time>2023-03-19T06:02:41Z</time>
</trkpt>
<trkpt lat="24.4987583" lon="121.1115655">
<ele>2071.48</ele>
<time>2023-03-19T06:02:45Z</time>
</trkpt>
<trkpt lat="24.4988036" lon="121.1115965">
<ele>2071.20</ele>
<time>2023-03-19T06:02:49Z</time>
</trkpt>
<trkpt lat="24.4988542" lon="121.1116124">
<ele>2071.98</ele>
<time>2023-03-19T06:02:53Z</time>
</trkpt>
<trkpt lat="24.4989090" lon="121.1116195">
<ele>2069.98</ele>
<time>2023-03-19T06:02:57Z</time>
</trkpt>
<trkpt lat="24.4989602" lon="121.1116262">
<ele>2070.38</ele>
<time>2023-03-19T06:03:01Z</time>
</trkpt>
<trkpt lat="24.4990158" lon="121.1116271">
<ele>2068.90</ele>
<time>2023-03-19T06:03:05Z</time>
</trkpt>
<trkpt lat="24.4990664" lon="121.1116177">
<ele>2069.09</ele>
<time>2023-03-19T06:03:09Z</time>
</trkpt>
<trkpt lat="24.4991150" lon="121.1116096">
<ele>2068.02</ele>
<time>2023-03-19T06:03:13Z</time>
</trkpt>
<trkpt lat="24.4991631" lon="121.1116073">
<ele>2069.17</ele>
<time>2023-03-19T06:03:17Z</time>
</trkpt>
<trkpt lat="24.4992167" lon="121.1116172">
<ele>2068.94</ele>
<time>2023-03-19T06:03:21Z</time>
</trkpt>
<trkpt lat="24.4992638" lon="121.1116322">
<ele>2068.11</ele>
<time>2023-03-19T06:03:25Z</time>
</trkpt>
<trkpt lat="24.4993154" lon="121.1116322">
<ele>2064.30</ele>
<time>2023-03-19T06:03:29Z</time>
</trkpt>
<trkpt lat="24.4993610" lon="121.1116430">
<ele>2063.53</ele>
<time>2023-03-19T06:03:33Z</time>
</trkpt>
<trkpt lat="24.4994268" lon="121.1116653">
<ele>2063.89</ele>
<time>2023-03-19T06:03:39Z</time>
</trkpt>
<trkpt lat="24.4994712" lon="121.1116801">
<ele>2063.82</ele>
<time>2023-03-19T06:03:43Z</time>
</trkpt>
<trkpt lat="24.4995164" lon="121.1117126">
<ele>2064.05</ele>
<time>2023-03-19T06:03:47Z</time>
</trkpt>
<trkpt lat="24.4995553" lon="121.1117623">
<ele>2066.01</ele>
<time>2023-03-19T06:03:51Z</time>
</trkpt>
<trkpt lat="24.4995694" lon="121.1118164">
<ele>2066.23</ele>
<time>2023-03-19T06:03:55Z</time>
</trkpt>
<trkpt lat="24.4995688" lon="121.1118743">
<ele>2062.96</ele>
<time>2023-03-19T06:03:59Z</time>
</trkpt>
<trkpt lat="24.4995718" lon="121.1119318">
<ele>2061.68</ele>
<time>2023-03-19T06:04:03Z</time>
</trkpt>
<trkpt lat="24.4995780" lon="121.1119859">
<ele>2058.72</ele>
<time>2023-03-19T06:04:07Z</time>
</trkpt>
<trkpt lat="24.4996011" lon="121.1120302">
<ele>2058.16</ele>
<time>2023-03-19T06:04:11Z</time>
</trkpt>
<trkpt lat="24.4996307" lon="121.1120686">
<ele>2057.12</ele>
<time>2023-03-19T06:04:15Z</time>
</trkpt>
<trkpt lat="24.4996843" lon="121.1120889">
<ele>2064.40</ele>
<time>2023-03-19T06:04:19Z</time>
</trkpt>
<trkpt lat="24.4997699" lon="121.1120755">
<ele>2060.53</ele>
<time>2023-03-19T06:04:22Z</time>
</trkpt>
<trkpt lat="24.4998261" lon="121.1120518">
<ele>2056.96</ele>
<time>2023-03-19T06:04:29Z</time>
</trkpt>
<trkpt lat="24.4998726" lon="121.1120094">
<ele>2055.47</ele>
<time>2023-03-19T06:04:35Z</time>
</trkpt>
<trkpt lat="24.4999094" lon="121.1119776">
<ele>2054.58</ele>
<time>2023-03-19T06:04:39Z</time>
</trkpt>
<trkpt lat="24.4999429" lon="121.1119403">
<ele>2053.84</ele>
<time>2023-03-19T06:04:43Z</time>
</trkpt>
<trkpt lat="24.4999770" lon="121.1119049">
<ele>2053.42</ele>
<time>2023-03-19T06:04:47Z</time>
</trkpt>
<trkpt lat="24.5000149" lon="121.1118686">
<ele>2053.49</ele>
<time>2023-03-19T06:04:51Z</time>
</trkpt>
<trkpt lat="24.5000611" lon="121.1118447">
<ele>2053.47</ele>
<time>2023-03-19T06:04:55Z</time>
</trkpt>
<trkpt lat="24.5001061" lon="121.1118305">
<ele>2052.38</ele>
<time>2023-03-19T06:04:59Z</time>
</trkpt>
<trkpt lat="24.5001536" lon="121.1118237">
<ele>2051.99</ele>
<time>2023-03-19T06:05:03Z</time>
</trkpt>
<trkpt lat="24.5002077" lon="121.1118324">
<ele>2052.71</ele>
<time>2023-03-19T06:05:07Z</time>
</trkpt>
<trkpt lat="24.5002575" lon="121.1118416">
<ele>2053.04</ele>
<time>2023-03-19T06:05:11Z</time>
</trkpt>
<trkpt lat="24.5003050" lon="121.1118456">
<ele>2053.17</ele>
<time>2023-03-19T06:05:15Z</time>
</trkpt>
<trkpt lat="24.5003562" lon="121.1118521">
<ele>2053.91</ele>
<time>2023-03-19T06:05:19Z</time>
</trkpt>
<trkpt lat="24.5004062" lon="121.1118609">
<ele>2053.87</ele>
<time>2023-03-19T06:05:23Z</time>
</trkpt>
<trkpt lat="24.5004519" lon="121.1118663">
<ele>2053.22</ele>
<time>2023-03-19T06:05:27Z</time>
</trkpt>
<trkpt lat="24.5004988" lon="121.1118669">
<ele>2053.22</ele>
<time>2023-03-19T06:05:31Z</time>
</trkpt>
<trkpt lat="24.5005476" lon="121.1118609">
<ele>2052.26</ele>
<time>2023-03-19T06:05:35Z</time>
</trkpt>
<trkpt lat="24.5006008" lon="121.1118816">
<ele>2053.58</ele>
<time>2023-03-19T06:05:39Z</time>
</trkpt>
<trkpt lat="24.5006488" lon="121.1119008">
<ele>2054.19</ele>
<time>2023-03-19T06:05:43Z</time>
</trkpt>
<trkpt lat="24.5006907" lon="121.1119345">
<ele>2053.82</ele>
<time>2023-03-19T06:05:47Z</time>
</trkpt>
<trkpt lat="24.5007256" lon="121.1119736">
<ele>2054.05</ele>
<time>2023-03-19T06:05:51Z</time>
</trkpt>
<trkpt lat="24.5007557" lon="121.1120127">
<ele>2053.44</ele>
<time>2023-03-19T06:05:55Z</time>
</trkpt>
<trkpt lat="24.5007813" lon="121.1120547">
<ele>2052.60</ele>
<time>2023-03-19T06:05:59Z</time>
</trkpt>
<trkpt lat="24.5008072" lon="121.1120952">
<ele>2052.32</ele>
<time>2023-03-19T06:06:03Z</time>
</trkpt>
<trkpt lat="24.5008290" lon="121.1121497">
<ele>2053.06</ele>
<time>2023-03-19T06:06:07Z</time>
</trkpt>
<trkpt lat="24.5008435" lon="121.1122004">
<ele>2052.49</ele>
<time>2023-03-19T06:06:11Z</time>
</trkpt>
<trkpt lat="24.5008344" lon="121.1122564">
<ele>2054.18</ele>
<time>2023-03-19T06:06:15Z</time>
</trkpt>
<trkpt lat="24.5008230" lon="121.1123148">
<ele>2054.16</ele>
<time>2023-03-19T06:06:19Z</time>
</trkpt>
<trkpt lat="24.5008299" lon="121.1123701">
<ele>2053.46</ele>
<time>2023-03-19T06:06:23Z</time>
</trkpt>
<trkpt lat="24.5008462" lon="121.1124188">
<ele>2052.07</ele>
<time>2023-03-19T06:06:27Z</time>
</trkpt>
<trkpt lat="24.5008720" lon="121.1124634">
<ele>2051.04</ele>
<time>2023-03-19T06:06:31Z</time>
</trkpt>
<trkpt lat="24.5009110" lon="121.1124954">
<ele>2051.38</ele>
<time>2023-03-19T06:06:35Z</time>
</trkpt>
<trkpt lat="24.5009569" lon="121.1125178">
<ele>2050.67</ele>
<time>2023-03-19T06:06:39Z</time>
</trkpt>
<trkpt lat="24.5010090" lon="121.1125316">
<ele>2051.81</ele>
<time>2023-03-19T06:06:43Z</time>
</trkpt>
<trkpt lat="24.5010588" lon="121.1125332">
<ele>2052.60</ele>
<time>2023-03-19T06:06:47Z</time>
</trkpt>
<trkpt lat="24.5011130" lon="121.1125551">
<ele>2053.69</ele>
<time>2023-03-19T06:06:51Z</time>
</trkpt>
<trkpt lat="24.5011689" lon="121.1125615">
<ele>2054.39</ele>
<time>2023-03-19T06:06:55Z</time>
</trkpt>
<trkpt lat="24.5012105" lon="121.1125914">
<ele>2055.53</ele>
<time>2023-03-19T06:06:59Z</time>
</trkpt>
<trkpt lat="24.5012329" lon="121.1126364">
<ele>2055.72</ele>
<time>2023-03-19T06:07:03Z</time>
</trkpt>
<trkpt lat="24.5012463" lon="121.1126912">
<ele>2053.36</ele>
<time>2023-03-19T06:07:07Z</time>
</trkpt>
<trkpt lat="24.5012574" lon="121.1127539">
<ele>2052.18</ele>
<time>2023-03-19T06:07:11Z</time>
</trkpt>
<trkpt lat="24.5012699" lon="121.1128094">
<ele>2051.98</ele>
<time>2023-03-19T06:07:15Z</time>
</trkpt>
<trkpt lat="24.5012804" lon="121.1128596">
<ele>2050.71</ele>
<time>2023-03-19T06:07:19Z</time>
</trkpt>
<trkpt lat="24.5012976" lon="121.1129202">
<ele>2051.25</ele>
<time>2023-03-19T06:07:23Z</time>
</trkpt>
<trkpt lat="24.5013030" lon="121.1129770">
<ele>2051.64</ele>
<time>2023-03-19T06:07:27Z</time>
</trkpt>
<trkpt lat="24.5013166" lon="121.1130413">
<ele>2051.92</ele>
<time>2023-03-19T06:07:31Z</time>
</trkpt>
<trkpt lat="24.5013304" lon="121.1131002">
<ele>2050.27</ele>
<time>2023-03-19T06:07:35Z</time>
</trkpt>
<trkpt lat="24.5013370" lon="121.1131521">
<ele>2050.41</ele>
<time>2023-03-19T06:07:39Z</time>
</trkpt>
<trkpt lat="24.5013551" lon="121.1132016">
<ele>2049.27</ele>
<time>2023-03-19T06:07:43Z</time>
</trkpt>
<trkpt lat="24.5013838" lon="121.1132514">
<ele>2047.65</ele>
<time>2023-03-19T06:07:47Z</time>
</trkpt>
<trkpt lat="24.5014113" lon="121.1132942">
<ele>2047.05</ele>
<time>2023-03-19T06:07:51Z</time>
</trkpt>
<trkpt lat="24.5014433" lon="121.1133325">
<ele>2043.12</ele>
<time>2023-03-19T06:07:55Z</time>
</trkpt>
<trkpt lat="24.5014770" lon="121.1133725">
<ele>2039.85</ele>
<time>2023-03-19T06:07:59Z</time>
</trkpt>
<trkpt lat="24.5015072" lon="121.1134130">
<ele>2038.70</ele>
<time>2023-03-19T06:08:03Z</time>
</trkpt>
<trkpt lat="24.5015443" lon="121.1134456">
<ele>2039.00</ele>
<time>2023-03-19T06:08:07Z</time>
</trkpt>
<trkpt lat="24.5015871" lon="121.1134745">
<ele>2038.19</ele>
<time>2023-03-19T06:08:11Z</time>
</trkpt>
<trkpt lat="24.5016230" lon="121.1135133">
<ele>2037.32</ele>
<time>2023-03-19T06:08:15Z</time>
</trkpt>
<trkpt lat="24.5016608" lon="121.1135536">
<ele>2036.48</ele>
<time>2023-03-19T06:08:19Z</time>
</trkpt>
<trkpt lat="24.5016992" lon="121.1135872">
<ele>2036.05</ele>
<time>2023-03-19T06:08:23Z</time>
</trkpt>
<trkpt lat="24.5017430" lon="121.1136115">
<ele>2036.05</ele>
<time>2023-03-19T06:08:27Z</time>
</trkpt>
<trkpt lat="24.5017892" lon="121.1136322">
<ele>2035.31</ele>
<time>2023-03-19T06:08:31Z</time>
</trkpt>
<trkpt lat="24.5018329" lon="121.1136451">
<ele>2034.87</ele>
<time>2023-03-19T06:08:35Z</time>
</trkpt>
<trkpt lat="24.5018801" lon="121.1136349">
<ele>2034.65</ele>
<time>2023-03-19T06:08:39Z</time>
</trkpt>
<trkpt lat="24.5019265" lon="121.1136222">
<ele>2034.28</ele>
<time>2023-03-19T06:08:43Z</time>
</trkpt>
<trkpt lat="24.5019709" lon="121.1135972">
<ele>2034.35</ele>
<time>2023-03-19T06:08:47Z</time>
</trkpt>
<trkpt lat="24.5020136" lon="121.1135711">
<ele>2032.74</ele>
<time>2023-03-19T06:08:51Z</time>
</trkpt>
<trkpt lat="24.5020550" lon="121.1135428">
<ele>2032.35</ele>
<time>2023-03-19T06:08:55Z</time>
</trkpt>
<trkpt lat="24.5020982" lon="121.1135164">
<ele>2032.17</ele>
<time>2023-03-19T06:08:59Z</time>
</trkpt>
<trkpt lat="24.5021381" lon="121.1134847">
<ele>2032.14</ele>
<time>2023-03-19T06:09:03Z</time>
</trkpt>
<trkpt lat="24.5021812" lon="121.1134580">
<ele>2030.71</ele>
<time>2023-03-19T06:09:07Z</time>
</trkpt>
<trkpt lat="24.5022259" lon="121.1134365">
<ele>2029.20</ele>
<time>2023-03-19T06:09:11Z</time>
</trkpt>
<trkpt lat="24.5022693" lon="121.1134201">
<ele>2029.69</ele>
<time>2023-03-19T06:09:15Z</time>
</trkpt>
<trkpt lat="24.5023190" lon="121.1133986">
<ele>2031.10</ele>
<time>2023-03-19T06:09:19Z</time>
</trkpt>
<trkpt lat="24.5023791" lon="121.1133891">
<ele>2029.89</ele>
<time>2023-03-19T06:09:23Z</time>
</trkpt>
<trkpt lat="24.5024277" lon="121.1134033">
<ele>2029.67</ele>
<time>2023-03-19T06:09:27Z</time>
</trkpt>
<trkpt lat="24.5024626" lon="121.1134423">
<ele>2030.29</ele>
<time>2023-03-19T06:09:31Z</time>
</trkpt>
<trkpt lat="24.5025114" lon="121.1134451">
<ele>2030.86</ele>
<time>2023-03-19T06:09:35Z</time>
</trkpt>
<trkpt lat="24.5025490" lon="121.1134762">
<ele>2031.27</ele>
<time>2023-03-19T06:09:39Z</time>
</trkpt>
<trkpt lat="24.5025872" lon="121.1135103">
<ele>2032.37</ele>
<time>2023-03-19T06:09:43Z</time>
</trkpt>
<trkpt lat="24.5026319" lon="121.1135427">
<ele>2033.55</ele>
<time>2023-03-19T06:09:47Z</time>
</trkpt>
<trkpt lat="24.5026746" lon="121.1135725">
<ele>2033.87</ele>
<time>2023-03-19T06:09:51Z</time>
</trkpt>
<trkpt lat="24.5027201" lon="121.1136102">
<ele>2034.67</ele>
<time>2023-03-19T06:09:55Z</time>
</trkpt>
<trkpt lat="24.5027713" lon="121.1136284">
<ele>2033.91</ele>
<time>2023-03-19T06:09:59Z</time>
</trkpt>
<trkpt lat="24.5028176" lon="121.1136551">
<ele>2034.48</ele>
<time>2023-03-19T06:10:03Z</time>
</trkpt>
<trkpt lat="24.5028628" lon="121.1136945">
<ele>2034.45</ele>
<time>2023-03-19T06:10:07Z</time>
</trkpt>
<trkpt lat="24.5029110" lon="121.1137264">
<ele>2034.96</ele>
<time>2023-03-19T06:10:11Z</time>
</trkpt>
<trkpt lat="24.5029484" lon="121.1137629">
<ele>2034.76</ele>
<time>2023-03-19T06:10:15Z</time>
</trkpt>
<trkpt lat="24.5029866" lon="121.1137965">
<ele>2034.59</ele>
<time>2023-03-19T06:10:19Z</time>
</trkpt>
<trkpt lat="24.5030181" lon="121.1138329">
<ele>2034.10</ele>
<time>2023-03-19T06:10:23Z</time>
</trkpt>
<trkpt lat="24.5030616" lon="121.1138697">
<ele>2034.19</ele>
<time>2023-03-19T06:10:27Z</time>
</trkpt>
<trkpt lat="24.5030939" lon="121.1139105">
<ele>2034.16</ele>
<time>2023-03-19T06:10:31Z</time>
</trkpt>
<trkpt lat="24.5031254" lon="121.1139534">
<ele>2034.45</ele>
<time>2023-03-19T06:10:35Z</time>
</trkpt>
<trkpt lat="24.5031568" lon="121.1139934">
<ele>2033.85</ele>
<time>2023-03-19T06:10:39Z</time>
</trkpt>
<trkpt lat="24.5031808" lon="121.1140402">
<ele>2034.38</ele>
<time>2023-03-19T06:10:43Z</time>
</trkpt>
<trkpt lat="24.5031370" lon="121.1140693">
<ele>2032.83</ele>
<time>2023-03-19T06:10:47Z</time>
</trkpt>
</trkseg>
</trk>
</gpx>
